age,blood_group,total_donations,days_since_last_donation,months_since_first_donation,weight_kg,hemoglobin_level,has_recent_illness,has_chronic_condition,is_on_medication,is_available
56,A+,31,124,65,51.0,13.8,0,0,0,1
46,AB-,8,48,64,58.1,12.0,0,0,0,0
32,AB+,6,177,39,49.3,13.9,0,0,1,0
60,A-,20,43,55,78.6,11.7,0,0,0,0
25,O-,35,42,7,74.3,15.7,0,0,1,0
38,A+,21,115,105,85.8,13.7,0,0,0,1
56,B-,9,182,30,63.1,13.7,0,0,0,1
36,AB-,19,365,13,58.9,15.9,0,0,0,1
40,B-,5,121,56,62.2,13.9,0,0,0,1
28,AB+,11,45,24,53.3,12.0,0,0,0,0
28,O-,43,181,11,83.7,13.3,0,0,0,1
41,A-,45,116,107,105.0,15.9,0,0,0,1
53,B-,17,74,74,60.0,12.8,0,0,0,1
57,A-,7,19,78,74.5,13.3,0,1,0,0
41,B-,46,400,2,66.3,15.5,0,0,0,1
20,AB-,27,400,42,72.9,13.0,0,0,0,1
39,B-,36,89,104,79.7,13.7,0,0,0,1
19,B-,5,175,50,55.4,15.3,0,0,1,1
41,A+,45,91,23,62.7,13.2,1,0,0,1
47,A+,27,124,69,81.2,12.9,0,0,0,1
55,B-,19,121,82,73.6,11.8,0,0,0,1
19,A+,38,95,5,71.6,12.6,0,1,0,1
38,AB+,46,122,115,73.6,12.8,0,0,0,1
50,B-,43,179,100,74.7,13.4,0,0,0,1
29,AB+,28,122,76,80.7,14.2,0,0,0,1
39,O+,22,46,83,76.3,13.8,0,0,1,1
42,B+,47,118,58,67.4,12.4,0,0,0,1
44,AB+,48,115,30,71.9,15.3,0,0,0,1
59,AB-,19,177,91,67.3,12.6,0,1,0,1
45,A+,21,95,89,59.8,15.8,0,1,1,1
33,O-,43,117,90,67.4,14.0,0,0,0,1
32,O+,28,400,21,66.7,14.9,1,0,1,0
20,O-,35,400,116,49.3,14.4,0,0,0,0
54,AB-,29,176,107,76.5,15.5,1,0,0,1
24,A-,25,122,1,78.4,13.8,0,0,0,1
38,B-,48,176,91,74.0,13.5,0,0,0,1
26,B-,41,90,77,77.7,14.1,0,0,0,1
56,B+,25,45,60,66.1,13.5,0,0,0,1
35,O-,16,90,110,62.3,14.3,0,0,1,1
21,A-,1,118,35,78.4,15.5,0,0,0,1
42,AB+,36,179,46,56.4,11.9,0,0,0,1
31,O-,34,94,47,56.0,13.7,0,0,0,1
26,AB+,9,177,17,72.9,16.2,0,1,0,0
43,AB-,49,124,43,72.6,13.4,0,0,1,1
19,B+,18,120,74,78.2,14.9,0,0,0,1
37,AB+,46,94,61,49.2,14.8,1,0,0,0
45,B+,25,89,38,66.9,12.2,0,1,0,0
24,A-,30,177,71,55.6,14.1,0,0,0,1
25,A-,44,122,14,77.4,14.0,0,0,0,1
52,AB+,43,122,94,82.7,17.3,0,0,0,1
31,A-,5,90,103,73.5,10.9,0,0,0,1
34,O+,25,86,12,61.9,12.0,0,0,0,0
53,B-,23,118,10,59.8,13.5,0,0,0,1
57,O+,7,95,45,63.5,13.4,0,0,0,1
21,B-,25,177,63,58.7,12.8,0,0,0,1
19,B-,12,121,13,66.2,12.9,0,0,0,1
23,B+,31,181,76,59.7,14.6,0,0,0,1
59,O+,20,96,86,52.8,12.9,1,0,0,1
21,B-,45,400,43,72.2,13.2,0,0,0,1
46,B+,50,20,77,73.0,14.9,0,0,1,0
35,O-,5,116,102,86.7,14.7,0,0,0,1
43,B+,0,999,38,63.2,13.3,1,0,0,0
51,B+,32,115,47,47.2,12.2,0,0,0,0
27,A-,27,178,95,77.0,14.8,0,0,0,1
53,O-,37,125,77,78.2,12.8,0,0,0,1
31,B+,36,400,64,80.6,15.2,0,1,1,0
48,O-,19,117,120,84.2,14.3,0,0,0,1
32,A+,8,78,82,84.3,13.6,0,0,0,1
25,A+,26,125,61,57.3,14.3,0,0,0,1
31,B+,2,98,52,85.0,11.7,0,0,0,0
40,A+,49,87,60,64.4,15.4,0,0,0,1
57,B+,44,175,13,76.8,13.6,0,0,0,1
38,O-,3,20,112,70.9,14.0,0,0,0,0
33,A-,8,299,100,57.3,13.2,0,0,0,1
35,B-,25,176,100,80.8,13.6,0,0,0,1
41,O-,40,400,101,63.0,15.6,0,0,0,1
43,O-,1,180,115,88.4,13.5,0,0,1,0
42,O+,9,42,14,59.6,13.3,0,0,0,0
58,A-,4,49,53,57.0,14.6,0,0,0,0
46,A+,43,93,55,60.7,14.1,0,0,0,1
32,AB-,22,71,10,84.4,15.5,0,0,0,1
18,A+,11,115,44,50.8,11.6,0,0,0,1
42,A-,0,365,26,78.0,13.3,0,0,0,0
24,A+,44,181,47,88.2,12.2,0,0,1,0
26,B+,7,45,58,66.1,15.2,0,0,0,1
41,B+,23,185,26,63.7,12.4,0,0,0,1
18,AB+,37,94,23,68.9,14.2,0,0,0,1
25,B+,9,180,114,55.7,12.4,1,0,0,0
41,B-,11,73,96,97.1,13.3,0,0,0,1
28,A+,1,115,76,75.4,12.7,0,0,0,1
34,B+,35,400,38,54.6,13.8,0,1,1,0
25,AB+,15,365,10,59.1,16.0,0,0,0,1
52,A+,0,999,52,70.0,12.2,0,0,0,0
52,B-,30,123,37,53.8,12.5,0,0,0,1
50,AB+,38,175,71,51.5,14.5,0,1,0,1
22,B+,11,87,55,71.2,13.6,0,0,0,1
59,B+,40,94,59,79.1,12.4,0,0,0,1
56,AB+,44,87,106,78.1,13.3,0,0,0,1
58,A+,7,25,38,67.3,12.1,0,0,0,0
45,O+,43,115,11,65.0,13.3,0,0,0,1
24,AB+,17,88,15,68.6,12.7,0,0,1,0
26,O+,6,177,56,78.9,14.1,0,0,1,1
25,B-,4,16,4,54.2,14.5,0,0,0,0
29,A-,48,121,114,59.4,10.9,0,1,0,0
51,AB+,8,95,66,63.8,13.9,0,0,0,1
50,O+,49,94,94,65.3,11.3,0,0,0,1
40,AB-,7,90,20,67.4,13.8,0,0,0,1
41,O-,42,70,71,67.7,15.6,0,0,0,1
54,O+,31,118,61,75.4,13.4,0,0,0,1
52,O-,47,118,18,48.6,14.1,0,0,0,1
57,A+,25,122,60,50.4,14.6,0,0,0,1
39,A-,23,25,0,60.7,14.7,0,0,0,0
44,AB+,14,22,93,77.5,14.7,0,0,0,0
52,B-,29,175,55,60.8,14.3,0,0,1,1
18,AB-,43,74,82,67.5,13.0,0,1,0,0
52,B+,13,123,16,69.4,14.5,1,0,0,0
54,O+,31,121,103,71.5,15.4,0,0,1,1
31,O-,45,179,75,85.2,14.3,0,0,0,1
20,B-,11,78,111,75.6,14.0,0,0,0,1
18,B-,5,117,78,79.0,12.0,0,0,1,0
22,O-,44,116,80,66.6,12.6,1,0,0,1
43,O-,30,179,90,84.2,13.0,0,0,1,1
31,A+,10,93,6,68.8,12.6,0,0,0,1
56,A+,50,122,8,46.5,13.6,0,0,0,1
44,B-,21,124,24,95.0,12.8,1,0,0,1
26,AB-,29,179,68,68.5,14.8,0,0,0,1
32,A+,5,21,47,73.8,13.4,0,0,0,0
32,B-,43,400,32,56.2,12.6,1,1,0,0
43,AB+,45,73,44,92.2,12.8,1,0,0,0
59,A-,31,122,58,59.3,13.9,0,0,0,1
30,O-,7,121,56,63.8,13.5,0,0,0,1
49,A-,13,80,52,51.2,13.8,0,0,0,1
56,O+,11,91,5,72.0,13.5,1,0,0,0
49,B+,22,184,119,64.9,15.7,0,0,0,1
21,AB+,18,117,91,51.0,14.7,0,0,1,1
47,AB+,1,185,29,67.3,12.9,0,0,0,1
54,B+,13,365,31,69.0,11.7,0,0,0,1
40,O+,24,117,15,65.3,13.4,0,0,0,1
56,B-,47,178,28,48.0,12.5,0,0,1,1
32,AB-,40,86,47,71.2,11.9,0,0,1,0
60,B+,32,50,70,54.1,14.5,1,0,0,0
46,B+,11,122,19,77.8,13.8,0,0,0,1
53,O-,46,18,30,61.9,15.0,0,0,0,0
30,AB-,31,91,80,78.2,13.7,0,0,1,1
49,AB-,19,117,58,68.2,13.6,0,0,0,1
24,O-,20,23,69,68.7,12.4,0,0,0,0
39,O+,20,21,105,82.0,13.1,0,0,0,0
45,B-,46,75,40,59.0,11.8,0,0,0,0
19,B-,42,119,44,55.9,14.9,1,0,0,1
59,AB-,40,75,93,74.1,12.4,0,0,0,0
23,O-,15,365,3,53.5,14.0,1,0,0,0
45,AB-,3,88,105,59.2,13.5,0,0,1,0
45,B+,27,117,57,50.6,14.2,0,0,0,1
37,B+,50,75,93,80.7,13.8,0,0,1,1
47,O+,34,116,68,57.0,12.3,0,0,0,1
28,O+,0,999,21,60.8,13.4,0,0,0,0
45,A-,11,50,30,53.8,15.2,0,0,0,1
42,B+,38,177,54,63.8,12.9,0,0,0,1
56,B+,21,122,32,66.4,15.1,0,0,0,1
50,O-,18,50,45,77.1,14.5,0,0,0,1
18,AB-,48,24,94,53.5,14.0,0,0,0,0
44,O-,19,91,1,61.4,13.0,0,0,1,1
30,A+,43,124,119,83.7,14.1,0,0,0,1
58,A-,31,77,44,79.5,13.2,0,0,1,1
20,A+,43,44,87,60.5,15.0,0,0,0,1
56,O+,7,47,26,67.5,12.4,0,0,0,0
23,B+,47,400,42,89.6,14.1,0,1,0,0
25,B+,18,87,46,54.9,13.8,0,0,0,1
44,O+,0,999,21,46.9,14.2,0,0,0,0
26,O-,0,730,43,62.1,14.6,0,0,0,0
54,B-,27,86,70,67.1,12.8,0,0,0,1
50,A-,7,48,74,59.2,12.8,0,0,0,1
59,AB+,27,180,1,78.7,14.0,0,0,1,1
41,AB-,50,91,90,70.3,14.9,0,0,1,1
32,B+,29,400,46,61.4,13.5,0,0,0,1
49,B-,33,116,46,62.1,15.4,0,0,1,1
49,O-,47,77,93,59.8,13.5,1,0,0,0
41,AB+,48,125,120,77.1,13.0,1,0,0,1
58,B-,32,183,110,62.8,14.3,1,0,0,0
29,O-,27,400,118,54.9,13.2,0,0,0,1
56,O+,20,120,78,78.6,13.2,0,0,0,1
19,O-,16,94,97,65.0,14.1,0,0,0,1
20,O+,2,121,89,53.0,14.8,0,0,0,1
54,AB+,1,95,105,86.8,14.1,0,0,0,1
34,A+,22,90,72,74.7,13.9,0,1,0,1
19,B-,34,92,85,68.5,15.9,0,0,0,1
19,A+,8,119,50,65.7,14.6,1,0,0,0
45,B+,19,177,110,64.9,13.4,0,0,0,1
40,B+,41,95,90,64.7,15.0,0,0,0,1
54,O+,37,93,44,65.0,13.5,1,0,0,1
49,AB+,16,77,102,61.5,14.5,0,0,0,1
50,O-,28,92,96,66.9,14.4,1,0,0,1
18,A+,4,75,104,61.3,13.8,0,0,0,0
36,B-,10,90,66,70.5,13.0,0,0,0,1
19,O-,5,117,69,67.7,13.8,0,0,0,1
43,A-,22,86,77,60.3,13.3,0,0,0,1
49,AB-,20,88,17,67.0,14.1,0,1,0,0
23,A+,38,400,113,74.0,14.3,0,0,0,1
49,A+,24,75,101,43.2,11.6,0,0,0,0
21,AB-,3,183,52,74.4,14.2,0,0,1,0
28,AB+,11,70,52,54.5,17.0,0,0,1,1
34,B-,22,22,8,63.0,13.5,0,0,0,0
55,AB-,25,95,22,42.0,14.9,0,0,1,1
41,O-,3,74,10,74.2,14.6,0,0,0,0
22,A-,22,41,42,59.9,12.0,0,0,0,0
51,B+,0,999,4,62.5,14.3,0,0,1,0
23,B+,49,23,22,69.0,12.9,0,0,0,0
39,AB-,40,88,61,46.3,13.6,0,0,0,0
28,B-,10,40,42,68.7,12.2,0,0,0,0
33,B+,23,90,59,75.1,14.3,0,1,0,1
50,B+,24,116,87,69.9,13.4,0,0,1,1
26,A+,0,365,65,63.7,15.3,0,0,1,0
23,B+,50,400,86,68.5,12.3,0,0,0,0
33,O+,15,116,91,67.2,14.8,0,0,0,1
46,O+,26,92,16,76.3,14.3,0,0,0,1
20,O+,24,180,60,81.8,12.9,0,0,0,1
37,O-,37,88,117,63.5,12.1,0,0,0,0
53,AB-,39,78,77,70.5,13.5,0,0,0,1
36,A+,25,89,111,60.7,14.1,0,0,0,1
43,B+,49,89,3,72.6,12.6,0,1,0,0
20,A-,29,19,77,73.1,12.8,0,0,0,0
36,O-,37,70,20,66.2,14.9,0,0,0,1
37,AB-,40,75,18,73.7,12.9,0,0,0,1
49,B-,46,175,22,68.0,14.4,0,0,0,1
24,A+,27,123,70,67.5,15.1,0,0,0,1
58,O+,8,95,44,58.3,12.9,0,0,0,1
50,B+,36,185,55,69.9,12.4,0,0,0,1
57,A-,46,117,69,61.6,14.8,0,0,0,1
56,B-,1,176,29,77.6,13.5,0,0,0,1
35,AB+,7,18,87,58.7,13.3,0,0,1,0
57,AB-,44,49,68,71.0,15.4,0,0,0,1
18,B-,24,182,44,65.1,13.5,0,0,0,1
28,O+,6,90,104,70.9,14.1,0,0,1,1
45,A-,41,92,76,67.4,12.0,0,0,0,1
42,O+,2,63,101,59.0,13.7,0,0,0,0
40,O-,43,400,13,80.0,12.8,0,1,0,0
48,O-,10,95,118,58.2,13.2,0,0,0,1
47,A+,33,23,112,75.1,13.2,0,0,0,0
59,O-,1,64,33,49.3,15.2,1,0,0,0
52,O-,24,89,117,64.8,13.1,0,0,0,1
24,AB-,29,92,64,84.8,13.2,0,0,0,1
33,AB+,41,125,70,65.0,15.5,0,0,1,1
43,B+,23,182,69,69.1,13.4,0,0,0,1
19,O-,30,400,8,85.6,13.1,0,0,0,1
18,A-,14,87,61,66.4,15.0,0,0,0,1
29,AB-,42,91,17,70.8,13.8,0,0,0,1
22,B-,25,118,4,74.7,13.9,0,0,0,1
54,AB-,6,95,111,52.8,14.1,0,0,0,1
49,O-,14,86,35,62.7,15.3,0,0,0,1
26,AB-,19,88,9,69.4,12.7,0,0,0,1
58,O+,18,45,29,50.4,15.1,0,0,0,1
52,AB+,8,125,78,83.1,12.2,0,0,0,1
36,O-,45,400,83,76.3,12.9,0,0,0,1
33,O+,25,115,45,74.7,12.8,0,0,0,1
20,AB+,9,92,57,82.5,13.6,0,0,0,1
37,AB-,7,20,29,76.0,13.0,0,0,0,0
41,O-,25,121,86,65.5,15.2,1,1,0,0
50,AB-,30,183,11,50.0,14.4,0,0,1,1
41,O+,49,90,73,60.5,13.8,0,0,0,1
28,AB+,20,400,92,60.8,12.8,0,0,0,1
25,AB-,2,92,29,74.8,15.3,0,0,1,0
53,B+,38,181,105,68.9,13.9,1,0,0,0
55,B-,39,175,66,50.8,13.5,0,0,0,1
57,B-,26,400,118,77.5,13.7,1,0,0,0
37,O+,48,48,48,82.6,13.6,0,1,0,0
52,A+,23,185,90,84.2,14.7,0,0,0,1
42,A-,6,125,120,55.6,15.0,0,0,0,1
52,B+,13,86,48,71.5,12.8,0,0,0,1
42,A-,30,115,88,56.9,13.1,0,0,0,1
46,O-,35,95,58,89.3,13.1,1,0,0,1
35,AB+,36,50,10,68.3,14.2,0,0,0,1
35,B-,49,120,61,63.9,14.9,0,0,0,1
19,A+,49,120,97,61.9,12.3,0,1,0,0
52,B-,30,42,61,71.7,12.6,0,1,0,0
33,AB+,31,88,83,73.7,13.4,0,0,0,1
58,B-,33,400,119,49.9,14.4,0,0,0,0
53,AB-,39,400,42,83.4,12.8,0,0,0,1
50,B-,12,115,63,73.2,13.4,0,0,0,1
21,AB-,20,43,92,83.3,13.0,0,0,0,1
50,B+,42,182,115,86.8,14.6,0,0,0,1
31,A+,38,15,62,66.9,13.7,0,1,0,0
38,A+,8,45,7,77.4,13.0,0,0,0,0
37,A-,41,400,118,61.7,12.5,0,0,0,1
25,B-,35,24,47,62.9,13.4,0,0,0,0
24,O-,29,123,108,85.3,13.5,0,0,0,1
20,A-,25,70,119,59.9,14.7,0,0,0,1
34,AB-,25,400,2,70.2,14.9,0,0,0,1
50,O+,0,365,81,58.0,12.5,1,0,0,0
29,AB+,34,400,69,60.8,14.9,0,1,0,0
39,A+,39,177,53,62.4,14.6,0,0,0,1
39,A+,1,58,78,83.9,13.2,0,0,0,0
47,AB+,28,79,75,73.7,14.6,0,0,0,1
55,O+,37,122,29,77.3,12.9,0,0,0,1
55,B+,37,180,80,48.1,14.2,1,0,0,0
25,O+,46,116,49,68.4,16.5,0,0,0,1
44,B+,1,181,113,63.8,14.1,0,0,0,1
44,A+,24,79,33,73.4,13.4,0,0,1,1
51,AB-,34,178,95,94.5,12.4,0,1,0,0
38,B+,1,58,104,42.0,13.9,0,0,0,0
47,AB-,35,400,78,72.4,14.9,0,0,0,1
50,A-,37,400,110,92.3,13.0,1,0,0,0
45,B-,35,46,12,62.4,14.4,0,0,0,1
50,O+,44,95,77,69.6,13.5,0,0,0,1
22,AB+,12,365,70,75.4,13.4,0,0,1,1
36,B+,42,72,71,44.3,14.3,0,1,0,0
21,AB+,5,42,4,70.9,11.7,0,0,0,0
52,B+,32,400,25,59.3,13.6,0,0,1,1
34,O+,5,86,15,90.5,14.9,0,0,1,0
45,AB+,27,400,80,65.7,13.6,0,0,0,1
47,A+,42,184,9,60.2,13.8,0,0,1,1
46,A+,44,91,108,77.3,13.7,0,0,0,1
23,O+,37,72,35,73.4,15.9,0,0,0,1
52,O-,7,122,90,77.9,14.2,0,0,1,1
58,A+,30,95,90,89.0,12.4,0,1,0,0
54,A-,11,88,12,61.6,12.8,1,0,0,0
41,AB-,33,93,15,86.9,13.9,0,0,0,1
46,AB+,30,183,55,88.7,15.2,0,0,0,1
48,B-,14,119,19,59.5,14.5,1,0,0,0
52,AB+,14,71,23,60.6,14.9,0,0,0,1
50,B+,15,116,95,68.5,12.6,0,0,0,1
38,B-,10,72,52,65.8,14.5,0,0,0,1
49,B-,33,94,68,86.8,13.0,0,0,0,1
40,A-,5,123,115,58.5,13.7,0,0,0,1
50,O-,22,184,52,70.7,14.7,0,0,1,1
20,B+,13,86,94,59.6,13.2,0,0,0,1
35,O-,45,400,57,69.2,12.2,0,0,0,0
42,A+,42,122,44,91.6,13.4,0,1,0,1
59,AB+,30,43,2,88.1,13.9,1,0,0,0
48,AB-,28,93,38,72.2,14.6,0,0,0,1
20,AB-,40,116,109,74.9,12.8,0,0,1,1
57,AB+,27,178,24,73.2,13.2,0,0,0,1
41,B+,21,178,117,64.7,14.0,0,0,0,1
49,O-,46,75,101,89.1,14.4,1,0,0,0
39,A-,38,93,25,82.5,14.0,0,0,0,1
40,B-,11,91,79,70.6,13.6,0,0,0,1
19,A+,38,90,2,65.6,13.0,0,0,1,1
44,O+,23,76,94,66.3,14.8,0,0,0,1
59,A-,11,178,98,71.7,15.1,0,0,0,1
19,AB-,24,123,111,67.6,13.2,1,0,0,1
43,B+,9,41,84,80.5,13.3,0,0,0,1
34,A+,38,182,55,73.3,14.6,0,1,0,1
57,A-,21,185,39,57.5,14.0,0,1,0,1
50,B+,47,87,84,55.4,14.4,0,0,0,1
26,AB-,41,94,114,78.9,14.1,0,0,1,1
60,A-,45,44,71,55.3,14.2,0,0,0,1
56,O+,26,41,77,64.2,13.4,0,0,0,1
46,A-,30,91,95,63.2,11.6,0,0,0,1
59,AB+,7,76,100,54.4,14.0,0,0,0,1
43,A+,0,365,77,71.4,14.6,0,0,1,0
52,O+,1,56,113,66.6,14.1,0,0,0,0
42,A-,37,400,82,61.0,13.0,0,0,0,1
41,O+,38,40,6,90.9,13.2,0,0,1,0
30,O+,34,42,114,42.0,16.5,0,0,1,0
24,B+,10,96,75,58.5,14.2,0,0,0,1
53,AB+,13,88,32,61.7,11.2,0,0,0,0
37,A-,18,40,81,53.1,13.2,0,0,0,1
18,A-,47,93,0,92.8,13.6,0,0,0,1
25,A-,13,78,47,92.7,12.4,0,0,0,0
33,O-,33,92,68,60.5,13.7,0,0,0,1
31,O-,25,118,99,82.0,13.3,0,0,0,1
29,A-,41,96,18,74.6,14.0,0,0,0,1
40,B+,9,302,18,86.2,13.5,0,0,0,1
32,A-,19,25,72,66.8,13.0,1,0,0,0
45,O+,42,70,95,72.7,13.4,1,0,0,0
51,B-,24,76,92,83.4,14.7,0,0,0,1
19,B-,7,87,60,81.7,13.9,0,0,0,1
49,A+,36,176,5,69.7,13.6,0,0,0,1
40,B+,31,181,34,57.6,14.2,0,0,0,1
39,B-,46,95,95,59.6,13.8,0,1,0,1
42,O-,24,124,106,47.7,12.6,1,0,0,0
39,B-,29,94,90,76.7,14.6,0,0,0,1
39,AB-,36,86,55,70.3,13.1,0,0,0,1
59,O+,24,176,47,71.2,13.4,0,0,0,1
23,AB+,37,43,68,67.7,12.1,0,1,1,0
32,AB-,15,115,41,55.4,14.7,0,0,0,1
60,A-,13,91,61,71.4,13.9,0,0,0,1
54,B-,31,18,69,74.7,14.1,1,0,0,0
50,AB+,26,73,45,58.5,14.7,0,0,0,1
25,B-,10,120,77,67.7,14.7,0,0,0,1
22,AB+,20,47,53,60.9,13.0,0,0,0,1
56,A+,48,400,20,65.6,13.8,0,0,1,1
21,AB+,30,40,109,55.5,13.7,0,0,0,1
23,A-,1,64,64,65.0,13.6,0,0,0,0
49,B-,50,400,5,85.9,12.9,0,1,1,0
47,O+,36,93,98,62.5,15.4,0,0,0,1
52,B+,14,365,75,60.5,14.9,0,0,1,1
57,AB+,19,184,100,61.2,14.3,0,1,0,0
33,B-,42,79,17,65.9,15.3,0,0,0,1
30,A+,42,79,68,87.7,14.3,0,0,0,1
59,A-,38,184,101,83.5,13.5,0,0,0,1
47,B-,8,80,53,66.4,13.3,0,0,1,0
36,AB-,11,20,85,60.9,14.2,0,0,1,0
34,B-,45,87,86,48.6,12.3,0,0,0,0
36,O-,34,177,45,58.0,14.8,1,0,1,0
45,O+,24,78,22,46.3,12.0,0,0,0,0
43,B+,27,181,18,76.1,15.0,0,1,0,0
54,B+,28,125,33,82.7,14.3,1,0,0,1
43,AB-,46,400,94,63.9,15.9,0,0,1,1
40,B+,39,25,39,72.2,14.0,0,0,0,0
26,B-,25,400,26,56.0,14.5,0,0,0,1
29,A-,41,400,95,46.7,14.6,0,0,0,0
18,B-,38,78,12,68.6,12.8,0,0,0,1
18,B-,31,120,27,72.2,12.6,0,1,0,1
51,B+,36,400,70,86.7,12.8,0,0,0,1
49,AB+,40,91,81,90.7,13.8,0,0,0,1
42,B-,28,43,25,64.9,13.8,0,0,0,1
57,A+,29,120,30,78.0,13.8,1,0,0,1
18,AB+,47,95,42,71.5,14.3,0,0,0,1
33,O-,39,88,78,68.0,13.0,0,0,0,1
56,O+,1,25,109,67.6,14.7,0,1,0,0
22,AB-,32,180,14,66.4,14.3,0,0,0,1
39,AB-,18,93,25,66.9,15.5,0,0,0,1
46,O+,28,183,18,86.2,14.3,1,0,0,0
20,B-,9,41,44,70.4,13.7,1,0,0,0
29,AB+,10,182,14,87.2,16.2,0,0,0,1
43,B+,48,400,38,58.1,13.7,1,1,1,0
33,AB-,31,42,12,42.0,14.1,1,0,0,0
54,A+,16,79,59,62.9,14.3,0,0,1,1
39,B+,7,180,80,58.8,14.8,0,1,0,0
46,A+,45,96,18,51.6,13.9,0,0,0,1
31,B+,17,365,13,82.3,16.8,0,0,0,1
45,AB+,45,40,5,53.3,13.2,0,0,0,1
22,A+,16,92,42,74.4,15.4,0,0,0,1
47,AB+,49,17,27,90.2,12.2,0,0,0,0
22,B-,20,50,57,55.4,12.7,0,1,0,0
29,B+,36,116,91,65.5,12.1,0,0,0,1
33,A-,40,72,83,82.9,12.8,0,0,0,1
43,AB+,9,78,47,63.4,12.0,0,0,0,0
43,O-,49,93,80,71.7,13.9,0,0,0,1
38,O-,0,999,20,75.0,12.8,0,0,1,0
56,AB+,30,47,62,69.9,15.5,0,0,1,1
53,B+,11,46,34,63.1,14.4,0,0,0,1
50,AB+,1,65,84,59.4,13.9,0,0,0,0
47,B-,49,44,52,56.0,14.1,0,0,0,1
54,B-,46,86,97,74.6,14.5,1,0,1,0
40,AB-,27,115,108,60.8,15.1,0,0,0,1
27,A-,6,304,16,81.2,13.3,0,0,0,1
22,O-,40,91,50,85.5,13.1,0,0,0,1
53,AB+,17,90,38,55.3,14.3,0,0,0,1
51,A+,5,49,0,76.1,15.5,0,0,0,0
48,B-,42,93,47,90.6,12.3,0,0,0,1
27,O-,6,122,1,58.6,14.2,0,0,0,1
36,B-,7,91,69,81.2,15.2,0,0,0,1
49,AB+,7,15,31,74.2,14.5,0,0,0,0
18,B+,44,400,33,78.6,14.2,0,0,0,1
22,O+,6,74,15,59.7,14.4,0,0,0,0
21,B-,24,175,92,89.0,15.8,0,0,0,1
33,B+,0,999,81,60.6,14.7,0,0,0,0
41,AB+,20,16,65,75.0,12.1,1,0,0,0
33,AB+,49,400,34,67.3,13.7,0,0,0,1
19,O-,1,181,82,73.9,13.9,0,0,0,1
45,B-,29,179,13,57.2,14.9,0,0,0,1
49,AB-,31,400,4,54.5,13.9,0,0,0,1
44,AB-,36,178,25,71.2,13.8,0,0,0,1
37,B+,33,42,92,64.0,13.8,0,0,0,1
41,B-,1,59,54,63.6,14.1,0,0,0,0
29,B-,48,184,106,74.0,13.7,0,0,0,1
52,A-,22,176,11,51.6,13.3,0,0,0,1
50,O+,31,42,36,81.3,13.6,0,0,0,1
50,O+,31,95,86,69.3,14.1,0,0,0,1
60,O+,35,124,60,76.4,14.5,0,0,0,1
54,B+,27,400,4,73.8,16.8,1,0,0,0
29,A-,14,125,42,74.4,12.3,0,0,0,1
20,B+,31,122,105,54.8,14.4,0,1,1,1
18,A+,11,94,83,80.8,15.4,0,0,0,1
50,O+,25,90,37,71.0,12.9,0,0,0,1
57,B+,6,119,20,62.8,14.6,0,0,0,1
27,AB+,2,30,50,66.6,13.4,0,0,0,0
60,A-,41,70,97,72.0,13.2,1,1,0,0
46,AB+,4,77,48,70.0,13.0,0,0,0,0
30,A-,18,20,0,74.6,13.7,0,0,0,0
29,A+,38,177,19,86.2,13.7,0,0,1,1
48,B+,35,74,95,56.6,14.6,0,0,0,1
19,A-,6,17,25,76.3,12.2,0,0,0,0
52,A-,28,176,91,66.8,14.7,0,0,1,1
40,B+,27,73,93,80.6,14.7,0,0,1,1
34,B-,50,95,93,85.9,14.1,0,1,0,1
43,O+,36,40,30,70.2,16.3,0,0,1,1
25,AB-,22,400,120,74.8,15.2,0,0,0,1
46,A+,47,119,32,81.4,13.2,0,0,0,1
43,B+,31,50,106,79.0,12.5,0,1,0,0
27,AB+,8,117,104,81.8,13.0,0,0,0,1
43,AB-,6,21,80,64.7,13.2,0,0,0,0
51,AB-,7,119,81,62.3,11.8,0,0,0,1
58,A-,24,121,99,55.5,14.3,0,0,0,1
24,B-,48,49,4,65.9,12.4,0,0,0,0
21,B+,47,46,5,67.1,14.1,0,0,0,1
28,O+,43,48,99,66.4,14.8,0,0,0,1
46,AB+,33,124,118,73.4,15.3,0,0,0,1
53,B-,18,86,52,73.7,13.5,0,0,0,1
42,A+,11,86,42,67.3,13.0,0,0,0,1
38,A+,34,77,58,71.8,15.3,1,0,0,0
53,AB-,49,400,14,77.1,15.5,0,0,0,1
27,B+,14,181,111,59.2,14.6,0,0,0,1
54,B-,48,177,52,78.3,13.0,0,0,0,1
26,O+,47,184,56,61.3,12.4,0,0,0,1
41,B+,47,119,38,83.8,15.0,1,0,0,1
52,AB+,16,365,50,69.8,13.7,0,0,0,1
52,O-,16,122,15,68.7,15.2,0,0,0,1
53,AB+,32,79,77,48.3,13.1,0,0,0,0
35,O+,41,122,93,75.2,15.0,0,0,0,1
56,O+,17,116,102,69.0,15.3,0,1,0,1
49,O+,30,181,70,69.9,13.5,0,0,0,1
41,B+,22,120,77,67.0,14.1,0,0,1,1
40,A-,10,70,12,74.9,12.5,0,1,0,0
49,O-,28,75,108,77.1,12.6,0,0,0,1
54,O-,33,400,90,73.3,14.1,0,0,0,1
29,AB+,34,177,104,82.5,13.2,0,0,0,1
30,B+,21,124,8,60.1,14.1,0,0,0,1
40,O-,36,400,9,61.5,14.0,0,0,0,1
42,B+,19,124,10,72.5,14.5,0,0,0,1
52,AB-,6,124,42,75.3,14.4,0,0,0,1
58,AB+,23,400,74,73.7,14.8,0,0,0,1
47,O+,13,94,81,53.8,14.0,0,0,0,1
34,O-,31,185,85,54.8,14.1,0,0,0,1
37,B-,49,48,80,66.0,13.8,0,0,0,1
42,B+,23,182,41,48.3,15.0,0,0,0,1
39,B-,8,90,59,70.9,15.8,0,0,0,1
30,B+,37,42,68,67.2,14.6,0,0,0,1
36,A-,17,122,20,57.9,14.3,0,0,0,1
53,A-,48,400,41,61.9,13.6,0,0,0,1
29,A+,41,400,84,69.2,14.1,0,0,1,1
58,B+,15,91,60,51.6,13.4,0,0,0,1
36,A-,47,90,48,61.4,13.1,0,0,0,1
29,O-,9,87,90,65.1,13.6,0,0,0,1
26,A-,6,73,77,64.7,15.8,0,0,0,1
24,B-,25,400,108,65.0,13.7,0,0,1,1
45,AB+,11,87,80,82.9,15.6,0,0,0,1
31,B+,40,124,27,78.4,12.7,0,0,0,1
48,AB-,50,185,102,60.9,14.0,0,0,0,1
36,B+,31,24,22,56.6,14.6,1,0,0,0
33,B+,6,300,55,63.5,14.6,0,0,0,1
22,AB-,15,21,25,81.5,12.6,0,1,0,0
52,AB-,32,44,115,44.6,12.5,1,0,0,0
29,B+,32,185,25,68.9,14.5,0,0,0,1
42,B+,29,184,6,64.6,13.2,0,0,0,1
38,AB-,31,120,42,81.2,14.5,0,0,1,1
53,O-,5,78,0,78.8,15.4,0,0,0,0
40,A+,19,91,116,51.9,13.1,0,0,0,1
33,B-,50,123,114,81.2,13.2,0,0,0,1
56,O+,46,183,50,42.3,11.6,0,0,0,0
59,A+,0,999,94,74.7,14.7,0,0,0,0
56,A-,50,19,119,75.7,16.1,0,0,0,0
31,O-,26,116,67,86.5,12.4,0,0,0,1
48,AB+,34,123,101,70.5,15.2,0,0,0,1
22,O+,44,181,118,60.7,15.3,0,0,1,1
52,AB+,47,40,54,56.9,14.7,0,0,0,1
40,B-,12,94,79,84.1,13.1,0,0,0,1
46,B+,30,177,15,86.7,13.5,0,0,0,1
60,A-,2,91,66,63.1,14.4,0,0,0,1
28,B+,22,80,82,68.2,14.4,0,0,0,1
35,O+,21,121,16,83.0,13.5,0,0,0,1
29,O-,8,87,12,76.5,14.3,0,0,1,0
26,B+,44,93,118,65.9,13.4,0,0,0,1
27,B+,21,115,90,59.6,13.7,1,0,0,1
34,A+,21,91,24,58.7,13.6,0,0,0,1
55,O+,4,303,42,78.5,15.0,0,0,0,1
24,AB+,45,121,49,64.0,12.2,0,0,0,1
30,B+,17,122,71,63.5,14.5,0,0,0,1
57,B+,47,400,87,74.7,14.2,1,0,0,0
59,AB+,1,123,36,68.9,11.3,0,0,1,0
26,A-,19,18,103,72.3,14.8,1,0,0,0
44,O-,38,125,0,64.4,14.9,1,0,0,0
19,A+,11,74,108,64.0,13.4,0,0,0,1
22,O-,26,124,116,59.9,14.3,0,0,0,1
46,B+,15,184,11,75.8,14.1,0,1,0,0
54,B-,24,89,101,68.9,16.3,0,0,0,1
55,AB+,33,400,116,71.2,14.4,0,0,0,1
36,O+,48,87,112,56.8,13.9,0,0,0,1
25,AB-,22,120,72,75.7,15.0,0,0,0,1
18,AB+,7,89,103,71.4,15.6,0,0,0,1
39,AB+,39,400,90,76.0,16.1,1,0,1,0
34,A-,24,92,118,71.8,13.1,0,0,1,1
24,B-,20,184,27,71.1,14.3,0,0,0,1
42,B+,38,22,98,48.0,13.1,0,0,0,0
21,B-,4,94,63,80.5,16.4,0,0,0,1
53,B-,48,74,63,53.5,13.9,0,0,0,1
23,A-,34,124,47,79.4,14.9,0,1,0,1
48,AB+,19,25,74,67.2,13.6,0,0,1,0
36,AB-,17,182,42,50.3,14.3,0,0,0,1
56,B+,46,44,4,67.1,11.8,0,0,0,0
44,A+,27,15,29,51.5,14.9,0,1,0,0
27,B+,4,20,68,80.2,15.2,0,0,1,0
43,A-,24,122,50,62.3,13.1,1,0,0,1
36,A+,25,93,50,56.5,11.8,0,0,1,1
56,A+,26,88,80,75.3,15.4,0,0,0,1
20,B-,31,96,53,67.5,15.3,0,0,0,1
30,O-,12,125,72,73.7,14.7,0,0,0,1
45,A-,20,78,96,66.7,13.6,1,0,1,0
37,B+,3,95,35,80.7,13.5,0,0,0,1
45,B+,14,40,100,63.6,15.3,0,0,1,1
25,O-,2,97,117,50.7,13.4,0,0,0,1
58,O-,46,86,73,56.0,14.0,0,0,0,1
56,B+,1,121,38,72.8,13.8,0,0,0,1
18,B+,0,365,32,60.8,14.2,0,0,0,0
20,B-,39,117,85,82.1,13.7,0,0,0,1
30,B-,21,94,24,55.1,13.8,0,0,1,1
45,AB-,16,183,7,79.2,15.8,0,0,0,1
42,B-,15,77,29,63.2,14.4,0,0,0,1
50,A-,10,365,85,82.4,14.2,0,0,0,1
55,A+,7,76,87,73.6,14.7,0,0,0,1
23,A-,27,182,64,70.1,12.6,0,0,1,1
49,A-,47,92,93,75.3,14.9,0,0,0,1
38,AB+,34,119,120,81.5,14.1,0,0,0,1
33,B-,17,76,54,67.4,13.1,0,0,0,1
38,O-,8,72,64,47.4,13.7,0,0,1,0
28,O-,39,15,105,81.2,14.4,0,0,0,0
54,AB+,44,18,52,65.0,13.9,0,0,0,0
53,A-,25,77,111,96.2,15.0,0,0,0,1
52,O+,1,124,69,61.4,13.0,0,0,0,1
36,AB-,49,124,113,63.8,12.6,1,0,0,1
37,A-,22,120,37,76.2,13.0,1,0,1,0
35,O+,38,123,119,76.4,13.3,0,0,1,1
58,A+,6,89,19,72.6,13.9,0,0,0,0
31,A-,43,179,94,61.8,13.4,0,0,0,1
32,AB+,39,44,112,55.2,12.5,0,0,0,1
48,O+,45,24,65,60.6,12.3,0,0,0,0
18,AB+,28,73,102,51.3,12.4,0,0,0,0
20,O-,21,175,97,90.7,13.5,0,0,0,1
33,AB-,15,96,81,56.7,12.9,0,0,0,1
40,O+,25,87,2,64.8,13.4,0,0,0,1
28,A-,27,400,3,75.6,15.3,0,0,1,1
29,A+,48,121,25,68.1,12.5,0,0,0,1
27,B-,41,17,40,61.5,14.1,0,0,0,0
49,O-,24,91,80,66.4,12.5,0,0,0,1
33,A+,0,365,110,61.3,12.3,0,0,1,0
25,A-,3,125,98,65.2,14.2,0,0,1,1
55,AB+,50,175,72,72.3,14.5,0,0,0,1
29,O-,8,120,31,56.6,14.7,0,0,1,1
41,B+,38,400,5,79.9,15.0,0,0,0,1
45,O-,0,365,50,68.8,13.6,1,0,0,0
25,B+,18,185,70,61.6,14.1,0,0,0,1
45,O-,25,184,118,64.5,13.4,0,0,1,1
53,A-,45,23,73,80.8,15.2,0,0,0,0
43,O-,37,117,13,77.0,12.8,0,0,0,1
25,O+,0,999,95,70.6,14.4,1,0,0,0
45,B-,1,177,119,61.4,12.6,0,0,0,1
45,A-,47,121,63,74.3,13.9,0,0,0,1
54,AB+,47,75,120,68.2,12.0,0,0,0,0
58,O-,0,999,42,87.2,14.0,0,0,0,0
53,A-,29,122,49,67.6,16.0,0,0,0,1
44,B-,29,89,70,86.5,13.2,0,0,0,1
34,A-,43,90,118,70.1,13.5,0,0,0,1
26,AB+,21,121,110,56.6,14.8,0,1,0,1
50,AB-,30,42,36,104.3,13.8,0,0,0,1
37,AB-,39,123,97,52.1,15.1,1,0,1,0
30,A+,39,124,106,46.3,14.2,0,0,0,1
45,AB+,28,89,0,45.2,14.8,0,0,0,0
46,B-,41,400,111,98.1,11.6,0,0,0,0
30,O+,1,115,41,91.4,13.9,1,0,0,0
52,B-,6,119,59,69.6,12.6,0,0,0,1
23,AB+,3,47,17,72.8,13.4,0,0,0,0
35,AB+,30,121,42,70.8,14.3,0,0,0,1
22,B-,33,89,94,48.5,13.5,0,0,0,0
42,O+,33,181,5,84.0,12.9,0,0,0,1
19,A+,45,96,19,82.6,15.2,0,1,0,1
27,O-,28,119,23,54.5,14.9,1,0,0,1
47,AB-,47,79,108,71.6,12.3,0,0,0,0
22,B-,3,124,0,67.2,14.6,0,0,0,1
50,B+,50,125,5,65.7,14.0,0,0,0,1
18,A-,35,94,19,60.5,14.1,0,0,1,1
35,A+,22,78,36,66.8,15.5,0,1,0,0
49,AB-,5,122,43,62.2,14.0,0,0,1,1
28,O+,36,185,46,79.7,14.6,0,0,0,1
38,B+,32,124,120,67.7,14.0,0,0,0,1
43,B+,29,119,32,60.4,14.0,0,0,0,1
42,O+,6,94,46,67.7,12.8,0,1,1,0
39,B+,49,400,57,66.4,16.5,0,0,0,1
44,AB+,9,89,104,66.0,10.4,0,0,0,0
30,B+,27,72,76,75.4,13.0,0,0,0,1
50,B+,26,400,56,65.0,13.3,0,0,0,1
51,AB+,0,999,55,61.7,14.8,0,0,0,0
58,O-,25,90,51,53.0,12.2,0,0,0,1
52,B+,32,95,15,67.9,13.6,0,0,0,1
18,B-,1,27,32,81.7,14.7,0,0,0,0
38,AB-,36,400,39,66.6,12.5,0,0,0,1
23,AB+,0,999,47,62.5,13.6,0,0,0,0
45,B-,50,121,28,59.7,13.6,0,0,0,1
34,B-,24,400,115,49.0,13.1,0,0,0,0
22,B+,38,179,95,80.9,13.8,1,0,0,1
48,AB-,9,88,102,73.3,13.3,0,0,0,1
22,O+,29,177,101,76.5,14.9,1,0,0,1
55,O-,47,182,94,70.8,14.4,0,0,0,1
20,O+,17,185,39,59.1,13.6,0,0,0,1
40,AB+,22,25,20,64.5,13.9,0,0,0,0
54,A+,16,94,16,62.5,13.4,0,0,1,1
54,A+,23,86,73,63.4,15.3,0,0,0,1
27,AB-,6,124,108,63.5,14.3,0,0,0,1
27,O+,20,124,101,80.2,13.6,0,1,0,1
36,O+,16,184,75,90.2,14.3,0,0,0,1
34,A+,23,400,49,58.4,15.9,0,0,0,1
38,O+,39,120,13,66.1,13.0,0,0,0,1
31,O+,5,123,5,70.4,14.8,0,0,1,1
26,B-,44,124,72,57.2,14.3,0,0,0,1
18,AB-,46,400,13,68.6,13.6,1,0,0,0
30,B+,24,90,116,71.9,13.0,0,0,0,1
21,A+,45,87,53,67.1,14.7,0,0,0,1
18,AB-,32,47,32,74.9,14.1,0,0,0,1
57,A+,27,400,33,68.0,15.4,0,0,0,1
49,AB-,39,179,14,42.0,15.1,0,1,0,0
51,AB+,25,50,12,57.4,14.1,1,0,0,0
45,B-,8,117,30,83.8,13.0,1,0,0,0
48,O-,35,178,70,73.7,16.1,0,0,0,1
25,B-,11,183,42,42.0,13.1,0,0,0,1
56,O-,41,400,120,51.4,14.7,0,0,0,1
43,B-,10,72,85,75.9,11.9,0,0,0,0
51,AB-,24,124,33,61.7,15.5,0,1,0,1
20,A-,22,70,77,42.0,11.6,0,0,0,0
29,O-,14,117,50,79.7,13.5,0,0,0,1
18,A+,2,177,104,76.0,12.6,0,0,0,1
22,A+,39,400,52,58.9,15.3,0,0,0,1
47,A+,26,125,13,81.7,13.0,0,0,0,1
47,A+,41,125,44,59.3,14.4,0,0,1,1
34,A-,37,90,27,61.1,14.1,0,0,1,1
40,A-,9,94,15,62.7,12.2,0,0,0,0
32,AB+,3,87,26,47.1,14.9,1,0,0,0
54,B+,42,92,88,72.5,13.8,0,0,0,1
38,B-,27,124,19,73.7,15.5,0,0,1,1
31,B-,44,80,70,63.0,14.5,0,0,0,1
19,B+,19,124,112,75.8,13.0,0,0,0,1
28,O-,49,71,42,50.5,13.6,0,0,0,1
56,B-,46,89,118,75.5,13.5,0,0,0,1
55,AB+,24,121,100,71.6,14.7,0,0,0,1
51,A-,12,95,38,60.4,14.6,0,0,0,1
55,B+,26,400,27,72.6,13.1,0,0,0,1
51,AB-,4,91,110,58.3,14.8,0,0,0,1
35,B+,33,19,103,80.2,14.2,0,0,0,0
47,O+,1,97,25,73.8,14.5,0,0,0,1
32,O+,27,400,114,72.0,14.4,0,0,0,1
44,O-,5,21,116,62.9,14.7,0,0,1,0
51,B+,8,42,54,76.5,12.8,0,0,1,0
55,A-,39,400,18,81.2,14.0,0,0,0,1
50,A+,17,43,56,85.7,14.9,0,0,0,1
41,O+,39,117,103,62.0,15.0,0,0,0,1
32,A+,5,24,45,77.0,15.0,0,0,0,0
47,B-,3,115,48,83.3,12.8,0,0,0,1
59,B+,7,90,80,65.3,16.1,1,0,0,0
34,O+,14,185,35,83.5,15.7,0,0,0,1
22,A-,29,70,13,69.7,12.8,0,0,0,1
46,AB+,11,88,115,56.8,13.5,0,0,0,1
21,B+,45,91,95,60.2,14.6,0,0,1,1
27,A+,36,92,3,52.1,13.0,1,0,0,0
34,AB+,21,79,67,67.6,14.4,0,0,0,1
27,O-,46,116,105,66.2,14.0,0,0,0,1
34,AB-,34,24,27,70.1,15.2,0,0,0,0
37,AB+,4,24,66,83.0,14.3,0,0,0,0
41,O+,4,302,101,67.8,11.6,0,0,0,0
22,O+,35,117,52,65.1,14.7,0,0,0,1
51,AB+,5,94,18,65.8,15.2,0,1,0,0
23,B-,14,180,106,47.6,13.7,0,0,0,1
19,B+,12,75,92,75.5,14.0,1,0,0,0
30,AB+,23,185,65,66.3,14.0,0,0,1,1
60,A+,19,180,79,68.9,13.2,0,0,0,1
60,A+,27,47,54,65.8,16.5,0,0,1,1
28,AB-,48,116,29,69.4,12.9,0,0,0,1
40,B+,13,119,41,53.6,14.8,0,0,0,1
33,AB+,32,177,24,68.0,14.8,0,0,0,1
48,O-,17,175,26,61.4,13.3,0,0,1,1
28,B-,14,19,10,68.4,12.8,0,0,0,0
33,A+,18,178,78,56.8,13.7,0,0,1,1
25,B-,24,90,62,73.3,14.6,0,0,0,1
21,A-,14,115,46,68.2,14.1,0,0,0,1
57,O-,18,365,39,53.7,15.8,0,0,0,1
21,O+,13,177,63,78.4,13.2,0,0,0,1
42,O-,0,999,19,62.3,13.2,0,0,0,0
20,AB-,36,77,10,64.1,14.8,0,0,0,1
49,O-,10,125,6,76.8,12.0,0,0,0,1
20,O+,31,77,83,79.8,13.2,1,0,0,0
44,O-,30,182,119,62.9,13.7,0,0,0,1
46,B-,22,93,59,69.2,13.8,0,0,1,1
49,O-,16,71,8,75.5,13.2,0,0,0,1
36,AB+,46,47,22,81.9,11.8,0,0,0,0
38,O-,0,999,23,69.0,15.4,1,0,0,0
22,O+,2,57,89,73.2,15.3,0,0,0,0
35,A-,30,87,48,57.9,12.0,0,0,0,0
45,A+,38,183,60,51.4,14.5,0,0,0,1
59,AB+,48,72,56,74.1,13.7,0,0,0,1
39,B-,28,123,7,59.1,14.4,0,0,0,1
38,A-,42,41,111,57.8,14.1,1,0,1,0
23,O+,0,730,100,75.1,12.2,0,1,0,0
18,B+,46,70,47,66.4,14.7,0,0,1,1
22,B-,15,50,67,70.5,13.2,0,0,0,1
58,A-,26,88,36,53.9,10.9,0,0,1,0
29,B+,25,77,47,58.0,14.0,0,0,0,1
43,O+,17,120,72,85.9,12.1,0,0,1,1
51,A+,14,90,2,60.8,15.1,0,0,0,1
31,AB+,3,183,59,65.8,13.5,0,0,0,1
43,AB+,49,96,115,70.6,13.9,0,0,0,1
44,AB-,50,175,117,56.2,14.4,0,1,0,1
26,A-,23,19,37,82.9,13.9,0,0,0,0
43,O-,13,86,28,68.1,13.1,0,0,0,1
39,A-,40,400,22,65.4,15.0,0,0,0,1
47,AB+,40,185,7,79.7,13.7,0,0,0,1
60,B-,6,92,64,78.0,12.6,0,0,0,1
34,AB-,44,184,91,89.6,14.2,0,1,0,1
43,AB-,23,47,54,63.2,13.7,0,0,0,1
53,O+,35,184,90,92.1,13.8,0,1,0,1
18,B-,24,178,102,75.1,13.9,0,0,1,1
25,A+,24,88,103,86.6,13.9,0,0,1,1
52,AB-,22,92,21,78.8,15.4,0,0,0,1
32,AB+,27,117,41,60.9,12.9,0,0,0,1
39,O-,34,72,52,58.8,11.5,0,0,0,0
31,A+,22,119,89,48.2,13.8,0,0,0,1
43,A-,39,400,46,45.9,14.7,0,0,0,0
45,B-,30,124,58,61.3,12.1,0,0,0,1
40,B-,41,178,117,81.9,14.2,0,0,0,1
31,A+,17,93,88,62.5,12.3,0,0,0,1
41,AB-,5,41,52,60.6,14.7,0,0,1,0
19,O-,42,42,68,75.7,13.8,0,0,0,1
43,A+,31,120,59,58.5,12.8,0,0,0,1
31,A-,26,116,12,88.2,12.0,0,0,0,1
24,O+,34,122,111,65.1,16.2,1,0,0,1
20,B+,11,180,59,78.2,16.3,0,0,0,1
40,A+,31,78,112,65.8,12.6,0,0,0,1
60,AB-,10,21,97,68.3,12.6,0,0,0,0
35,O-,14,96,54,80.4,13.9,0,0,0,1
55,O+,38,15,30,70.5,13.4,0,0,0,0
52,AB-,9,73,88,84.4,13.4,0,0,0,1
32,O+,16,118,89,59.4,14.1,0,0,0,1
42,AB-,49,88,19,53.7,15.9,0,0,0,1
54,A-,22,77,54,48.8,15.3,0,0,0,0
45,O+,13,365,0,81.8,13.4,0,0,0,1
27,A-,24,47,1,77.9,14.6,0,0,0,1
56,B-,7,120,40,65.1,11.8,0,0,0,1
34,A-,5,80,38,71.3,13.9,0,0,0,1
56,O+,10,91,37,79.8,13.5,0,0,0,1
39,A+,41,179,62,65.9,14.9,0,1,0,1
43,O-,32,93,25,48.6,14.5,0,0,0,1
42,AB+,49,176,23,48.8,14.1,0,0,0,1
34,AB-,26,400,61,56.0,14.3,0,0,0,1
30,B-,26,21,97,69.1,13.3,0,0,0,0
37,AB-,40,93,43,57.6,14.9,0,0,0,1
42,AB-,4,295,115,79.4,14.3,0,0,0,1
21,AB+,21,87,108,54.0,13.6,1,0,0,0
27,O-,2,98,69,60.4,13.9,0,0,0,1
20,A+,1,28,99,48.0,14.7,0,0,1,0
58,B-,32,177,39,63.1,14.8,0,0,0,1
35,A-,35,123,15,68.1,13.4,0,1,0,1
53,AB-,43,124,57,79.9,12.8,0,0,0,1
39,O+,17,365,61,69.3,13.3,0,1,1,0
51,B-,31,121,120,76.1,13.4,0,0,0,1
25,AB-,36,77,117,79.1,13.9,0,0,0,1
57,O+,13,93,97,72.3,15.1,0,1,0,1
36,O-,5,42,78,58.1,13.3,0,0,0,1
59,A+,5,123,44,72.5,14.2,0,0,0,1
58,O-,14,96,35,84.4,13.6,0,0,0,1
54,AB-,7,182,47,64.5,13.8,0,0,0,1
23,O+,17,185,102,74.1,14.1,0,1,0,0
43,B+,2,122,32,73.8,15.1,0,0,0,1
51,O+,47,121,111,63.9,14.1,0,1,0,1
23,A+,26,116,69,78.3,11.0,0,0,0,1
54,B-,21,25,10,63.8,13.6,0,0,0,0
50,B-,11,125,59,73.0,15.5,0,0,0,1
39,AB-,46,49,106,65.4,15.1,0,0,0,1
38,O-,17,175,68,68.5,14.7,0,0,0,1
23,B+,19,365,83,78.3,15.1,0,0,0,1
23,B-,2,365,58,46.6,14.7,0,0,0,0
21,AB-,14,184,44,74.8,15.1,0,0,0,1
47,A-,1,30,38,75.8,12.6,0,0,0,0
28,A-,6,118,110,61.7,13.7,0,0,1,1
47,AB+,30,43,43,67.7,14.0,0,0,0,1
48,A+,21,96,118,57.3,13.9,0,0,0,1
41,O+,27,400,55,59.2,13.2,0,0,0,1
26,O-,12,92,99,71.0,14.0,0,0,0,1
20,B+,33,123,20,96.9,11.9,0,0,1,1
48,O+,1,25,67,75.3,14.3,1,0,0,0
57,A-,21,46,110,58.7,13.1,0,0,1,1
54,A-,33,87,25,76.5,11.4,1,0,0,0
53,A-,11,185,120,74.4,13.8,1,0,1,0
41,AB+,36,16,107,49.0,15.5,0,0,0,0
48,B+,21,125,21,64.5,11.7,1,0,0,0
23,O+,3,182,48,66.4,13.5,0,0,0,1
19,AB+,3,20,105,69.3,12.0,0,0,0,0
37,B-,42,400,9,67.7,14.1,1,0,0,0
45,O+,30,182,85,69.6,14.8,0,0,1,1
28,AB-,21,20,54,57.7,12.9,0,0,0,0
21,A-,12,77,56,64.4,13.3,0,0,0,1
32,AB+,14,175,5,65.1,13.6,0,0,0,1
23,A+,44,115,46,80.8,15.2,0,0,0,1
47,AB-,45,183,79,60.3,12.3,1,0,1,0
55,B-,46,19,76,65.3,13.3,1,0,0,0
19,AB+,11,123,102,64.1,15.5,0,0,0,1
32,B-,32,70,98,85.5,13.0,0,0,0,1
28,B+,16,20,90,75.3,13.4,1,0,0,0
25,B+,15,185,87,57.7,14.0,0,0,0,1
43,A+,9,73,104,72.4,16.4,1,0,0,0
22,A-,12,120,97,56.9,12.6,0,0,1,1
23,O-,39,116,63,70.9,14.6,0,0,0,1
43,O+,26,122,0,83.0,12.5,0,0,0,1
21,O+,33,47,92,46.5,12.7,1,0,1,0
36,B-,40,87,104,56.9,13.2,0,0,0,1
37,A+,20,178,25,69.7,14.3,1,0,0,1
50,O-,50,88,71,63.6,13.2,0,0,0,1
37,B-,7,76,60,70.4,13.9,0,0,1,0
29,AB+,45,92,0,67.1,13.0,0,0,0,1
18,A+,29,74,115,49.5,13.9,0,0,0,0
43,A+,46,400,39,74.8,12.4,0,0,0,0
31,B-,40,89,100,53.3,12.4,0,1,1,0
55,A+,25,92,93,70.3,13.2,0,0,0,1
54,B-,20,21,44,63.0,14.5,0,0,0,0
28,O+,1,118,103,94.4,14.0,1,0,0,0
53,AB+,0,999,76,66.7,12.9,0,0,0,0
30,A+,11,116,78,71.9,12.6,0,1,0,1
60,B-,41,91,38,74.1,14.9,1,0,0,1
20,O-,16,80,34,71.7,15.3,0,0,1,1
50,AB+,19,95,89,67.7,14.4,0,0,0,1
23,AB+,7,303,62,57.1,14.2,0,0,0,1
27,B+,23,119,35,66.8,11.4,0,0,0,1
22,O+,34,120,99,47.5,14.5,0,0,0,1
40,B-,37,92,39,73.4,15.5,0,0,0,1
27,A-,35,40,119,100.1,15.0,1,0,0,0
19,A-,18,89,61,69.9,14.9,0,0,0,1
30,AB+,39,73,47,71.7,12.0,0,0,0,0
57,A+,15,121,72,50.9,13.0,0,0,0,1
19,A+,24,96,14,59.0,13.6,0,0,0,1
37,B+,8,122,58,77.8,13.0,0,0,0,1
18,A+,42,125,59,52.1,12.5,0,0,0,1
54,AB+,45,117,93,60.0,14.3,0,0,0,1
26,AB+,5,296,30,74.2,14.9,1,0,1,0
34,AB-,32,117,39,76.9,12.3,0,1,0,0
26,B-,11,72,68,66.8,14.9,0,0,0,1
28,AB+,40,118,110,69.3,14.0,0,0,0,1
32,AB+,5,90,34,69.3,15.6,0,0,0,1
41,B-,46,70,69,54.4,14.7,0,0,0,1
55,B+,31,89,74,67.2,13.9,0,0,0,1
52,AB+,45,400,86,70.7,14.0,0,0,0,1
47,B-,17,175,19,67.0,13.8,0,0,0,1
48,AB+,13,87,43,46.8,15.8,0,0,0,0
22,B+,27,115,97,84.9,14.5,0,0,0,1
31,AB-,43,94,59,56.0,13.4,1,0,0,1
28,O-,13,92,93,68.8,14.4,0,0,0,1
26,O-,39,182,52,71.5,14.3,0,0,0,1
51,AB+,2,63,8,63.0,13.3,0,0,0,0
29,AB+,24,115,13,70.7,12.9,0,0,1,1
52,B-,38,96,111,59.5,15.1,0,0,0,1
52,O-,36,180,104,91.6,13.5,0,0,0,1
18,A-,19,177,100,65.1,13.4,0,1,0,1
57,O+,4,117,98,77.9,14.4,0,0,0,1
39,A-,42,181,17,56.0,13.2,0,0,0,1
46,B-,21,117,44,75.9,14.1,0,0,0,1
25,B-,23,123,107,60.1,13.4,1,0,1,0
28,O-,28,122,105,52.7,11.0,0,0,0,1
58,A-,26,46,101,56.3,14.2,0,0,0,1
54,A-,14,46,82,58.7,14.1,0,0,0,1
31,A+,33,95,23,69.2,14.2,0,0,0,1
47,B-,38,88,25,99.6,11.5,0,0,0,0
52,O-,21,178,100,98.1,12.3,0,0,0,1
38,AB+,4,87,113,64.5,15.1,0,0,0,0
54,AB-,47,40,12,78.6,13.9,0,1,0,0
22,AB-,5,124,3,54.2,11.7,0,0,0,0
36,O+,20,400,37,44.9,13.9,0,0,0,0
31,AB+,50,44,52,68.3,12.1,0,0,0,0
43,A-,36,400,40,74.0,13.2,0,0,0,1
21,AB+,33,94,83,76.6,14.1,0,0,1,1
42,B-,28,24,78,79.9,14.1,0,0,1,0
59,AB+,20,118,108,64.4,14.9,0,0,0,1
42,AB-,1,365,80,68.8,14.3,0,0,0,1
35,A-,33,400,29,77.0,14.4,0,1,0,0
57,A+,28,96,91,81.1,13.4,1,0,0,1
25,A-,29,22,104,58.0,12.9,0,0,0,0
56,B-,1,90,105,70.3,13.9,0,0,0,1
57,B+,41,91,29,75.1,14.9,0,0,0,1
31,B+,15,121,94,69.6,14.7,0,0,0,1
49,B-,41,119,8,61.2,13.6,0,0,0,1
55,B+,26,182,43,68.0,13.7,0,0,1,1
50,A-,50,116,82,73.8,12.8,1,0,0,1
40,A+,18,80,6,59.6,15.1,1,0,0,0
32,A-,18,41,45,54.8,15.6,0,0,0,1
50,B-,7,74,11,90.7,14.3,0,0,0,0
42,O-,0,999,97,70.1,12.0,0,0,0,0
34,B+,21,122,112,78.3,14.5,1,1,0,0
50,B+,27,181,42,70.3,15.6,0,0,1,1
19,AB+,38,15,53,79.6,12.6,0,0,0,0
31,A+,46,76,63,68.9,14.7,0,0,1,1
57,B-,7,116,29,74.5,13.6,0,0,0,1
57,O+,29,184,102,55.8,15.2,0,0,0,1
56,B-,0,730,86,48.6,12.5,0,0,0,0
23,AB+,35,120,4,62.8,13.3,0,0,0,1
23,B-,5,297,37,52.3,12.1,0,0,0,0
20,A+,4,116,83,44.7,14.2,1,0,1,0
24,A-,39,49,48,71.3,14.4,0,0,0,1
25,A-,46,179,77,48.5,14.2,0,0,1,1
59,A+,18,183,33,78.4,13.2,0,0,0,1
32,AB-,7,21,21,83.9,13.3,1,0,0,0
46,A+,13,87,38,52.1,13.4,0,0,0,1
50,O-,14,117,115,71.2,14.8,0,0,0,1
47,O-,14,46,56,88.4,12.2,0,0,0,0
56,O+,47,41,15,62.8,13.4,0,0,0,1
44,A+,45,400,2,74.7,12.2,0,0,0,0
53,B-,6,180,55,94.3,13.3,0,0,0,1
46,AB+,38,76,49,49.6,13.8,0,0,0,0
55,B+,11,121,8,56.8,16.1,0,0,0,1
50,O-,12,70,102,74.2,13.1,1,1,1,0
54,O+,38,122,72,91.9,14.9,0,0,0,1
44,A-,10,117,36,60.2,11.9,0,1,0,0
50,A-,19,121,55,94.8,13.8,0,0,0,1
21,O-,18,176,67,69.5,13.8,0,0,0,1
39,A-,48,86,94,46.4,14.6,0,0,0,0
19,O+,0,365,40,85.5,13.2,0,0,0,0
27,A-,40,400,43,62.9,12.9,0,0,1,1
22,AB-,20,400,18,72.9,11.5,0,0,0,0
27,AB-,18,125,81,49.7,14.2,0,0,0,1
50,B-,17,121,29,59.7,13.1,0,1,0,1
55,AB+,3,295,35,51.5,14.9,0,0,0,1
30,AB-,28,121,88,50.4,14.4,0,0,1,1
48,O-,21,124,29,69.1,15.1,0,0,0,1
53,O-,26,175,39,74.2,12.8,0,0,0,1
41,A-,25,181,16,62.0,14.0,0,0,1,1
32,B+,15,96,53,52.2,14.0,0,0,0,1
46,AB-,13,124,33,54.0,13.3,0,0,0,1
25,O+,46,74,59,72.1,15.2,0,0,0,1
22,B+,37,19,24,69.2,14.7,1,0,0,0
46,B+,23,177,89,72.3,16.0,0,0,0,1
21,AB-,0,999,84,85.1,14.6,0,0,0,0
29,O-,7,90,113,74.3,15.9,0,0,0,1
19,A-,43,87,59,72.5,15.8,0,0,0,1
44,B+,5,184,57,94.1,13.3,0,0,0,1
48,O-,20,124,57,65.0,12.2,0,0,0,1
53,A-,15,178,115,94.2,15.7,0,0,0,1
53,O-,34,80,118,83.7,14.6,0,0,0,1
43,AB-,44,119,119,64.7,14.4,0,0,0,1
60,O-,6,74,21,76.9,13.3,1,0,0,0
44,A-,49,120,42,65.6,14.2,0,0,0,1
22,AB+,11,117,117,52.2,14.9,0,0,0,1
37,A+,49,86,80,67.9,14.5,0,0,0,1
28,AB+,35,400,69,51.9,13.1,0,0,0,1
27,A-,14,175,89,70.6,15.5,0,1,0,1
57,B-,1,97,14,76.8,13.9,0,0,0,1
55,AB+,50,90,13,65.6,14.5,0,0,0,1
23,AB+,16,74,54,70.5,14.7,0,0,0,1
25,O+,30,25,73,70.4,16.1,1,0,0,0
40,O-,6,118,17,77.3,14.3,0,0,0,1
43,AB+,20,79,13,69.0,13.7,0,0,0,1
60,A-,2,97,67,64.5,15.9,0,0,0,1
29,O+,16,17,21,76.8,15.0,0,0,0,0
43,B+,3,94,117,69.7,14.1,0,0,0,1
30,A+,19,40,11,44.5,14.1,0,0,0,0
57,O+,49,123,110,64.1,11.6,0,0,0,1
35,O-,3,117,25,62.3,13.7,0,0,0,1
42,B+,32,78,78,69.6,12.3,0,0,0,0
50,AB-,26,400,78,68.4,10.9,0,0,0,0
57,O+,25,178,26,46.5,13.1,0,0,1,1
60,B-,0,999,10,51.6,12.3,1,0,0,0
29,AB-,49,400,99,57.5,13.4,0,0,0,1
53,A-,4,180,105,68.7,14.1,0,0,0,1
21,B-,36,43,12,79.8,14.4,0,0,0,1
22,O+,32,70,10,50.4,13.7,0,0,0,1
54,B-,8,92,54,60.6,12.4,0,0,0,1
25,B-,36,47,99,67.5,13.7,0,0,0,1
59,O-,38,117,58,57.8,12.6,0,0,0,1
45,A-,32,87,62,69.0,15.3,0,0,0,1
48,O+,8,120,75,75.0,13.6,1,0,0,0
26,B-,49,180,3,59.7,12.5,0,1,0,1
46,B-,23,400,49,71.6,12.6,0,0,0,1
31,B-,14,365,91,66.7,13.8,0,0,0,1
57,AB+,47,42,20,55.4,13.9,0,0,0,1
58,AB-,15,125,119,66.5,13.6,0,0,0,1
39,O+,13,93,96,73.0,14.9,1,0,0,1
28,AB-,12,91,37,83.6,12.7,0,0,0,1
40,B+,29,184,47,86.1,14.9,1,0,1,0
18,B+,39,115,67,61.8,13.7,0,0,0,1
54,O+,12,73,7,61.1,14.7,0,0,0,1
38,A+,34,400,67,68.4,13.1,0,0,0,1
43,A+,3,305,61,62.0,14.7,0,0,0,1
53,AB-,42,400,41,81.3,12.9,0,0,0,1
40,A+,26,94,120,69.1,15.6,0,0,0,1
18,AB-,30,42,42,68.6,13.7,0,0,0,1
57,B-,4,46,105,75.1,13.3,0,0,0,0
32,O-,12,95,0,69.8,12.5,0,0,0,1
38,A-,38,182,96,71.4,14.0,0,0,0,1
26,A+,6,25,9,70.9,13.6,1,0,0,0
26,A-,20,96,50,66.4,12.3,0,0,0,1
27,AB-,21,176,84,58.1,13.0,1,0,0,1
43,A+,22,177,51,87.3,11.7,0,0,0,1
58,B+,47,119,98,58.0,12.6,0,0,0,1
52,AB+,29,74,106,86.2,13.7,1,0,1,0
42,B+,14,78,84,71.8,14.2,0,0,0,1
43,O-,41,181,44,61.4,13.4,0,0,0,1
28,AB-,1,57,5,74.1,14.3,0,0,0,0
55,O-,37,180,45,76.6,12.7,0,0,0,1
19,AB+,21,78,51,86.9,14.3,0,0,0,1
24,B-,45,89,84,53.5,13.7,0,0,0,1
35,A+,22,96,110,66.5,13.6,0,0,0,1
44,AB+,1,122,31,83.1,13.8,0,0,0,1
51,B+,19,177,113,76.2,13.1,1,0,0,1
44,A-,21,90,87,73.3,12.1,0,0,0,1
34,B-,32,400,2,84.3,12.7,1,0,1,0
60,AB+,25,87,31,66.0,12.2,0,0,0,0
41,AB-,27,90,85,42.0,13.5,0,0,0,1
42,A-,5,121,108,64.0,14.6,0,0,0,1
24,O-,13,22,32,90.1,15.4,0,0,0,0
23,AB-,32,89,43,71.3,13.3,1,0,0,0
41,O-,15,115,76,58.7,13.6,0,0,0,1
50,AB+,38,20,0,82.7,15.9,0,0,0,0
46,AB-,32,400,120,77.3,13.4,0,0,0,1
60,B-,42,119,87,69.6,13.1,1,0,0,1
39,O+,14,123,27,74.4,13.7,0,0,0,1
43,A-,21,400,9,56.8,13.3,0,0,0,1
45,A-,11,178,13,64.0,13.1,1,0,0,0
38,A-,50,184,84,67.3,12.3,0,1,0,0
24,AB+,39,116,27,80.1,15.6,0,0,0,1
34,AB-,19,87,75,62.0,14.4,0,0,0,1
37,O-,50,120,78,67.7,15.6,1,0,0,1
58,AB-,4,180,63,83.9,14.9,0,0,0,1
37,O-,11,178,32,95.8,13.8,0,1,1,0
39,AB+,38,15,9,58.4,12.0,0,0,0,0
45,O+,7,96,99,69.5,12.8,0,0,0,1
57,AB-,16,93,113,51.4,13.4,0,0,0,1
24,B+,7,124,19,67.8,12.7,0,0,0,1
18,AB-,20,120,13,64.8,11.8,0,0,1,1
49,AB+,10,50,115,81.8,12.8,0,0,0,1
30,O-,14,74,40,55.1,13.6,0,0,0,1
47,O+,33,96,70,53.6,15.5,0,0,1,1
40,B+,35,124,61,84.7,13.1,0,0,0,1
36,B-,45,119,8,61.0,14.5,0,0,0,1
49,O+,37,115,4,70.2,12.7,0,0,0,1
47,AB+,10,365,74,71.2,13.6,1,0,0,0
46,B-,8,73,41,59.3,13.8,0,0,0,1
46,O+,21,75,37,59.4,15.6,0,0,0,1
47,O+,8,90,13,80.4,10.9,0,0,0,0
33,B+,11,96,94,75.4,12.9,0,0,0,1
57,B+,41,45,74,67.8,14.1,0,0,1,1
36,O+,11,176,81,66.5,14.3,0,0,1,1
35,AB+,1,62,101,71.5,12.5,0,0,0,0
18,A+,2,55,61,72.2,13.8,0,0,0,0
31,O-,17,94,69,81.9,13.8,0,0,1,1
19,B-,17,90,27,67.8,15.4,0,0,0,1
45,O+,32,120,31,72.9,14.0,0,0,0,1
47,A+,25,118,39,75.9,13.6,0,0,0,1
55,AB-,9,125,39,76.1,13.0,0,0,0,1
21,O-,46,182,41,83.9,14.5,0,0,0,1
18,AB-,26,96,73,67.9,13.5,0,0,0,1
25,O+,5,115,56,61.8,13.2,1,0,0,0
46,A+,19,91,28,64.1,12.7,0,0,0,1
56,AB+,3,185,109,75.0,13.5,0,0,0,1
20,AB-,5,76,100,66.8,14.6,0,0,0,1
49,A+,35,74,114,93.2,13.2,0,0,0,1
27,B+,40,185,100,68.1,13.8,0,0,0,1
27,O+,47,77,54,57.5,13.2,0,0,0,1
36,A-,16,124,56,71.5,14.0,0,0,0,1
51,O-,33,117,113,84.9,13.9,1,0,0,1
50,A+,41,119,52,59.0,12.9,1,0,0,1
40,A+,11,72,45,58.7,14.7,0,1,0,0
45,AB-,6,176,83,65.9,12.2,0,0,0,1
49,A+,27,184,100,60.9,15.0,0,0,1,1
24,A+,39,121,31,53.1,14.2,0,0,0,1
46,AB+,26,77,3,51.1,14.4,0,0,0,1
25,B+,12,182,37,70.6,12.0,0,0,1,0
18,O+,49,125,92,75.9,13.7,0,0,0,1
20,A+,42,125,62,60.3,15.5,0,0,0,1
41,B-,45,400,96,67.2,13.6,0,0,0,1
40,B+,17,70,93,70.0,13.9,1,0,0,0
25,O+,29,78,48,55.8,12.5,0,0,0,1
54,AB-,24,115,108,77.4,12.2,0,0,0,1
20,O+,19,121,95,70.3,14.1,1,0,0,1
50,AB+,36,400,116,73.8,13.1,0,0,0,1
45,AB-,19,177,44,75.5,13.2,0,0,0,1
25,AB+,8,116,58,94.7,13.9,0,0,0,1
51,AB-,37,119,118,56.7,14.6,0,0,0,1
52,O+,0,730,34,58.2,14.4,0,0,0,0
49,AB-,12,123,82,86.5,13.9,0,0,0,1
41,A+,36,180,91,75.2,14.8,0,0,1,1
31,A-,35,96,102,68.8,14.9,0,0,1,1
49,B+,40,118,96,62.7,13.7,0,0,0,1
60,A-,18,88,57,65.4,15.6,0,0,0,1
33,O+,2,125,79,65.7,12.6,0,0,0,1
21,B+,32,175,25,51.6,12.1,0,0,0,1
54,A-,15,86,82,78.7,15.3,0,0,0,1
38,B+,31,86,90,45.9,13.0,0,0,0,0
31,AB-,24,119,65,58.7,10.9,0,0,0,1
48,O+,50,123,44,63.3,13.4,0,0,0,1
35,A+,6,118,23,91.6,15.2,0,0,0,1
24,AB-,14,124,73,66.9,13.5,1,0,0,1
27,A+,20,88,113,71.5,11.8,1,0,0,0
24,O-,40,180,45,58.3,13.5,0,0,0,1
50,A-,26,181,17,77.6,13.6,0,0,0,1
40,O+,29,400,45,100.5,13.4,0,0,0,1
38,A+,34,115,98,73.4,13.0,0,0,0,1
36,B+,15,365,56,64.3,13.1,0,0,1,1
36,A+,40,25,101,45.7,14.6,0,0,0,0
53,A+,12,124,17,75.6,13.2,0,0,0,1
46,B-,45,19,71,57.2,14.0,0,0,0,0
35,B+,25,181,25,59.7,14.0,0,0,0,1
19,O-,50,94,34,78.2,13.1,0,0,1,1
18,O-,12,70,9,62.8,13.0,0,1,0,0
22,O+,43,91,105,67.0,13.9,0,0,0,1
37,O+,26,180,22,76.2,12.0,0,0,0,1
28,O+,40,75,44,60.2,16.0,0,0,1,1
59,AB+,28,46,72,53.8,13.2,1,0,0,0
19,B-,23,400,115,73.1,13.4,0,0,0,1
20,AB+,17,23,55,76.3,14.6,0,0,0,0
40,B-,31,116,78,61.6,13.6,1,0,0,1
29,O-,42,89,78,61.1,13.3,0,0,0,1
37,A-,4,182,73,55.9,12.3,0,0,0,0
22,AB+,41,120,81,75.8,13.9,0,0,1,1
54,AB+,43,93,18,89.1,13.2,1,0,0,1
55,B-,43,400,106,78.2,16.1,0,0,0,1
47,AB+,16,78,28,67.0,13.6,0,0,0,1
26,O-,13,185,69,75.9,11.3,0,0,0,1
51,O+,23,116,71,58.9,14.8,0,0,0,1
52,AB+,18,119,73,72.1,12.7,0,0,1,1
39,A-,22,89,107,56.1,13.9,0,1,0,0
41,B+,25,118,2,66.7,15.3,0,0,0,1
34,B-,29,88,35,79.8,13.5,0,1,0,0
27,A+,14,119,102,76.9,13.6,0,0,0,1
47,O-,31,121,81,74.3,14.8,0,0,0,1
40,O+,27,90,120,72.6,15.4,0,0,0,1
49,O-,42,175,82,59.9,13.6,0,0,1,1
34,O-,26,75,86,69.6,16.0,0,0,0,1
34,B-,4,119,96,76.6,11.9,0,0,0,0
31,A+,4,297,84,65.3,12.8,0,0,0,1
26,O-,12,16,74,65.7,13.3,0,0,0,0
57,B-,11,42,81,62.8,15.0,0,0,0,1
19,A+,34,95,40,64.9,14.1,0,0,0,1
42,A+,4,17,70,59.5,13.1,0,0,0,0
56,A+,0,999,56,68.3,12.6,0,0,1,0
26,O-,30,46,114,64.5,12.2,0,0,0,0
39,O+,36,90,97,51.8,14.4,0,1,1,1
60,AB+,25,89,61,96.6,13.4,0,0,0,1
21,AB+,14,19,27,56.6,14.9,0,0,1,0
43,A-,4,50,41,66.5,12.2,0,0,0,0
46,O-,17,115,6,68.7,14.3,0,0,1,1
51,AB+,5,87,65,62.1,13.8,0,0,0,1
40,A-,39,45,82,67.0,13.1,0,0,0,1
54,O-,26,74,52,59.0,13.2,1,0,1,0
28,B+,45,45,103,76.0,13.9,0,0,0,1
23,O+,44,115,4,67.8,13.8,0,0,0,1
35,A+,12,91,46,75.9,12.8,0,0,0,1
38,B-,35,71,44,84.2,14.4,0,0,0,1
59,O-,27,17,112,64.9,15.1,0,0,0,0
53,O-,0,999,0,76.5,13.5,1,0,0,0
58,O+,31,116,72,84.9,14.4,0,0,0,1
55,O-,34,175,116,66.6,13.6,0,0,0,1
51,O+,31,73,36,75.6,16.5,1,0,0,0
34,AB+,41,116,66,62.9,13.8,0,0,0,1
54,O+,43,118,86,81.2,14.6,0,0,0,1
42,AB-,37,92,83,62.5,15.1,0,0,0,1
55,O-,46,180,63,75.7,13.1,0,0,0,1
29,A+,6,16,11,78.9,14.6,0,0,0,0
40,B-,50,400,62,55.0,14.7,1,1,0,0
59,A+,7,301,19,60.7,14.3,1,0,1,0
39,O+,31,400,40,60.2,14.6,0,0,0,1
38,AB+,37,72,87,79.9,13.1,0,0,0,1
44,AB+,24,70,13,55.1,16.2,0,0,0,1
48,AB-,43,94,75,71.6,11.2,0,0,0,1
23,A+,47,123,88,76.0,12.9,0,0,0,1
44,AB+,16,17,72,69.9,12.3,0,0,0,0
57,A-,34,43,26,82.0,15.7,0,0,0,1
51,O-,24,92,69,46.8,13.7,0,0,0,1
29,A-,11,176,26,74.7,12.8,0,0,0,1
24,AB+,2,29,53,66.0,13.1,0,0,0,0
27,O-,47,75,118,51.4,12.1,0,0,0,0
34,A+,16,93,14,56.1,14.5,0,0,0,1
43,B-,7,15,12,85.2,14.6,0,0,0,0
38,A+,33,400,46,75.0,14.1,0,0,0,1
45,O+,6,116,17,76.8,13.0,1,0,0,0
19,AB-,10,70,79,78.5,15.5,0,0,0,1
60,AB-,20,49,83,53.1,14.7,0,0,0,1
18,O+,9,119,118,70.7,11.9,0,0,0,1
53,AB+,26,400,36,80.1,13.6,0,0,0,1
43,O+,1,175,35,63.6,12.5,0,0,0,1
46,A-,2,119,36,83.0,15.4,0,0,0,1
38,O-,5,125,100,61.3,13.3,0,0,0,1
28,B-,50,86,104,69.4,12.3,0,0,0,0
57,B-,28,89,115,72.4,13.6,0,0,0,1
28,AB-,24,125,55,76.3,15.5,0,0,0,1
53,O+,9,70,105,64.8,14.8,0,0,0,1
56,O+,47,41,16,79.1,13.2,0,0,0,1
57,O+,1,60,24,72.7,13.6,0,0,0,0
52,A-,20,87,95,50.0,14.9,1,0,0,0
51,B+,37,79,98,88.2,15.3,0,0,0,1
41,O+,48,74,95,57.5,12.1,0,0,0,0
39,AB+,32,88,41,89.1,14.0,0,0,0,1
22,O-,5,44,44,66.3,13.4,0,0,0,1
50,B-,32,79,41,64.2,13.3,0,0,0,1
53,A+,8,182,35,72.4,15.3,0,0,1,1
37,A-,8,89,76,60.3,12.3,0,0,0,0
36,A+,21,93,71,47.3,14.7,0,0,0,1
52,B+,16,116,17,66.8,11.3,0,0,0,1
60,B-,13,41,37,72.1,13.0,0,0,0,1
34,O-,0,999,32,84.9,13.8,0,0,0,0
60,AB+,15,79,17,54.9,12.4,0,0,0,0
51,A-,39,49,43,74.4,16.2,0,0,0,1
26,B+,0,999,35,66.9,13.0,0,0,0,0
43,AB+,26,94,54,68.4,12.9,0,0,0,1
19,O+,19,93,45,78.7,13.0,1,1,0,0
26,O+,6,41,55,62.4,14.4,0,0,1,0
26,B+,8,94,77,69.8,14.8,0,0,0,1
57,B+,12,116,29,80.0,13.3,0,0,0,1
34,O-,32,18,116,79.3,14.1,0,0,0,0
18,AB+,35,79,90,54.6,14.2,0,0,0,1
42,AB+,12,182,2,61.3,12.2,0,1,1,0
60,B-,5,92,53,66.4,13.7,0,0,0,1
57,A-,45,40,85,77.0,13.1,0,0,0,1
59,A-,50,400,34,65.2,12.1,0,0,0,0
42,B-,22,180,37,68.9,14.0,0,0,0,1
56,O-,11,47,63,81.8,14.9,0,0,0,1
52,A+,40,74,33,64.3,13.8,0,0,0,1
20,B-,47,88,119,84.2,11.0,0,0,0,0
54,AB-,17,90,54,50.3,13.3,0,0,0,1
47,AB-,11,88,11,63.7,12.8,0,0,0,1
55,A-,20,180,75,53.0,15.8,1,0,1,0
51,AB+,34,73,107,69.3,13.4,1,0,0,0
29,B+,21,88,5,76.3,12.0,0,0,0,0
36,AB+,33,176,0,66.2,13.7,1,0,1,0
54,A+,45,50,23,62.8,14.5,0,0,0,1
34,O-,32,400,56,53.0,13.9,1,0,0,0
27,O-,4,74,34,86.5,12.9,0,0,0,0
29,A-,5,304,44,67.8,13.3,0,0,0,1
33,B-,31,87,102,63.0,14.6,0,0,0,1
41,AB+,46,182,73,85.2,13.9,0,0,0,1
36,B+,25,124,41,64.1,16.0,0,1,0,1
25,B-,40,46,61,58.0,13.9,0,0,0,1
48,AB+,17,90,96,60.2,12.1,0,0,0,1
38,A-,29,88,106,58.6,13.6,0,0,0,1
34,A-,19,92,27,56.3,13.2,0,0,0,1
40,B+,12,90,21,60.4,12.1,0,0,0,1
54,B+,2,62,114,94.6,13.9,1,0,0,0
33,AB+,4,304,25,55.4,13.3,0,0,0,1
23,B-,20,182,85,51.6,14.0,0,1,0,1
25,B-,30,124,57,71.1,15.8,0,0,0,1
42,O-,49,400,99,67.2,13.7,0,0,0,1
35,A+,38,400,54,75.3,14.9,0,0,0,1
42,A+,27,400,0,61.9,13.6,0,0,0,1
29,A-,39,94,111,58.4,14.3,0,0,0,1
32,B-,47,96,95,86.4,13.9,0,0,0,1
43,AB-,9,77,85,50.3,14.1,0,0,0,1
58,A-,19,95,102,72.0,13.7,1,0,0,1
43,B+,42,25,73,75.6,15.4,1,0,0,0
49,A+,26,120,51,77.0,14.5,0,0,0,1
27,AB-,47,177,62,64.7,13.9,1,0,0,1
33,O-,41,117,60,54.3,14.8,0,0,0,1
24,O-,31,95,89,84.5,13.9,0,0,0,1
34,A+,12,89,21,63.1,15.0,0,0,0,1
40,O+,26,125,28,84.8,12.5,0,0,0,1
43,A-,28,116,92,72.0,16.1,0,0,0,1
38,B+,4,70,118,62.7,14.0,0,0,0,0
39,AB-,9,18,103,72.3,12.5,0,0,0,0
24,A+,49,17,0,80.7,14.6,0,1,1,0
31,A-,35,87,67,68.9,15.2,0,0,0,1
32,A-,44,88,8,59.9,12.7,0,0,0,1
24,O+,45,22,75,48.3,13.3,0,0,0,0
26,O-,30,400,47,63.3,14.9,0,0,1,1
25,AB+,11,87,31,76.9,14.4,1,0,0,0
40,B-,26,184,57,56.9,13.3,1,0,1,0
46,B+,50,122,103,75.5,13.5,0,0,0,1
35,O-,14,88,25,68.3,12.4,1,0,0,0
48,A+,18,93,35,76.2,12.7,0,0,0,1
47,O+,21,76,70,42.3,12.0,0,0,0,0
56,A-,8,43,8,52.4,13.4,0,0,0,0
52,O+,25,125,92,62.9,14.5,1,0,0,1
35,A+,9,75,66,88.5,13.5,0,0,0,1
59,A+,37,400,37,59.7,15.0,0,1,0,0
56,B+,20,400,10,66.6,13.1,0,0,0,1
34,O+,21,400,118,91.7,12.2,0,0,0,0
31,AB-,27,116,112,72.7,15.1,0,0,0,1
48,AB-,29,70,18,77.5,14.2,0,0,0,1
41,B+,30,93,48,60.9,15.2,0,0,0,1
52,B-,1,26,40,81.0,13.4,0,0,0,0
51,AB+,7,90,27,82.6,15.5,0,0,0,1
20,A+,21,181,86,73.5,12.6,0,0,0,1
54,A-,1,35,98,67.1,13.5,1,0,0,0
60,O+,14,184,49,74.2,14.2,0,0,0,1
57,AB+,25,179,106,50.1,13.3,0,0,0,1
43,B+,38,90,48,80.0,14.1,0,0,0,1
40,AB-,6,302,42,58.7,15.2,0,0,0,1
56,B-,44,124,57,64.9,14.2,1,0,0,1
32,AB-,19,73,94,82.5,13.6,1,0,0,0
21,AB-,5,42,78,80.1,15.1,1,0,0,0
46,AB-,26,179,13,50.2,14.4,0,0,0,1
39,AB+,40,176,30,57.6,13.8,0,0,0,1
42,O-,32,185,97,75.0,13.7,0,0,0,1
30,B+,31,17,58,48.9,13.4,0,0,0,0
35,O-,23,122,108,83.6,14.7,1,0,0,1
50,O-,24,94,59,69.3,14.8,0,0,0,1
33,A-,9,184,73,83.5,15.2,0,0,0,1
59,A-,23,94,55,59.8,14.3,0,1,0,1
19,O+,6,299,78,60.8,13.2,0,0,1,1
52,B+,31,116,1,79.4,14.2,0,0,0,1
59,A+,46,117,89,64.7,13.2,1,0,0,1
51,B-,1,57,76,54.3,14.0,0,0,0,0
47,A+,12,70,120,74.2,15.4,0,0,0,1
30,B+,37,48,28,50.5,15.1,0,0,0,1
30,A-,42,123,119,83.9,14.8,0,0,0,1
35,B+,22,23,82,70.0,13.8,0,0,0,0
49,AB+,21,400,108,58.2,14.8,0,0,0,1
49,AB+,1,365,79,80.6,13.1,0,0,0,1
52,AB+,1,185,111,80.8,12.2,0,0,0,0
56,A+,46,180,47,68.0,14.1,1,0,0,1
46,O+,49,181,83,93.0,13.4,0,0,0,1
46,AB+,10,71,36,92.8,15.8,0,0,1,1
33,O+,14,176,53,71.6,15.6,0,0,0,1
27,AB-,31,80,117,79.7,13.0,0,0,0,1
47,O+,15,121,50,82.4,14.6,0,0,0,1
42,AB-,20,122,115,55.5,11.6,0,0,0,1
56,A-,2,59,107,71.2,14.2,0,0,0,0
37,A+,19,89,29,60.5,14.1,0,0,1,1
22,AB+,44,94,99,58.9,12.7,0,0,1,1
18,A+,45,183,104,69.3,14.0,0,0,0,1
47,B-,49,118,36,70.2,12.8,0,0,0,1
20,O-,31,119,2,50.3,14.7,1,0,0,0
31,O+,49,70,112,71.8,14.0,1,0,0,0
47,B-,48,23,27,65.2,15.4,0,0,0,0
21,AB+,24,176,86,83.4,12.1,0,0,0,1
35,A-,4,23,6,80.8,12.8,0,0,0,0
54,B+,1,95,79,58.6,13.3,0,0,0,1
42,AB+,11,183,29,82.4,14.3,0,0,0,1
18,AB-,38,88,60,73.9,14.1,0,0,0,1
32,O-,6,303,117,65.6,14.3,0,0,0,1
26,AB+,26,73,89,62.4,13.1,0,0,1,1
32,A-,40,123,100,55.4,11.7,0,0,1,1
41,B+,14,124,19,54.6,13.0,0,1,0,1
21,B-,23,92,62,47.9,15.3,0,0,0,1
29,A+,17,118,109,68.2,13.1,0,0,0,1
54,B-,50,23,94,45.3,14.0,0,0,0,0
54,B-,5,16,96,58.5,13.9,0,0,0,0
60,AB+,1,65,49,75.2,14.0,1,0,0,0
23,AB-,48,90,84,84.4,12.3,0,0,0,1
56,A-,8,123,70,55.4,14.7,1,0,0,0
41,B-,30,118,50,74.7,13.7,0,0,0,1
28,O+,41,95,80,64.6,16.3,0,0,0,1
30,A-,40,400,117,62.3,13.4,1,0,1,0
51,B-,12,88,63,69.7,14.9,0,0,1,1
42,O+,34,400,69,60.8,13.4,0,0,0,1
24,B+,1,184,31,67.1,15.9,0,0,0,1
21,O+,2,90,59,68.8,14.6,0,0,0,1
25,B-,25,122,89,80.8,12.4,0,0,0,1
37,O-,49,86,65,83.2,15.3,0,0,0,1
46,O-,50,120,4,61.4,14.7,0,0,0,1
27,B-,19,40,16,65.0,13.3,1,0,0,0
60,AB-,8,183,35,76.8,12.0,0,0,0,0
51,O+,39,177,73,66.0,15.1,0,0,0,1
43,O-,47,178,120,75.9,15.7,0,0,0,1
58,O+,36,175,107,77.9,15.0,0,0,0,1
20,AB-,47,183,50,79.2,14.8,0,0,0,1
23,AB+,8,72,24,69.0,14.4,0,0,0,1
22,O-,29,21,98,55.2,15.0,0,0,1,0
22,O-,38,400,45,66.2,13.5,0,0,1,1
40,B+,22,121,9,62.4,11.8,0,1,0,0
26,A-,20,180,73,76.5,14.6,1,0,1,0
52,B+,47,400,86,84.8,14.2,0,0,0,1
37,A-,1,96,60,85.1,12.3,0,0,0,0
59,O-,22,74,117,77.7,11.4,0,0,1,0
52,AB-,17,94,8,57.7,13.9,0,0,0,1
35,A+,48,124,104,83.4,13.6,0,0,0,1
34,B+,7,123,113,72.7,13.5,1,0,1,0
41,O+,29,119,5,58.9,14.4,1,0,0,0
20,B+,35,77,110,77.5,13.0,0,0,0,1
49,AB+,39,184,114,65.6,14.6,0,0,0,1
52,AB+,36,117,83,46.6,14.6,0,0,0,1
55,AB+,26,120,88,57.2,10.9,0,0,0,1
30,B-,16,121,16,67.3,13.7,0,0,0,1
42,AB+,14,24,117,66.8,14.0,0,0,1,0
26,A+,38,182,39,56.3,14.6,0,0,0,1
21,O+,7,86,45,76.3,14.4,0,0,0,1
31,A-,17,180,27,73.7,11.9,1,0,0,0
54,A+,46,90,1,52.2,13.9,0,0,0,1
51,AB+,29,72,42,97.0,13.5,0,0,0,1
28,AB+,7,124,105,54.6,15.0,0,0,0,1
58,B-,4,76,77,63.0,12.5,0,0,0,0
20,A+,26,76,60,72.1,13.8,0,0,0,1
45,O-,40,77,9,63.0,14.8,0,0,0,1
46,AB-,26,176,10,84.0,14.6,0,1,0,1
26,B-,8,124,20,66.1,13.6,0,1,0,0
20,B-,2,99,32,57.9,15.1,0,0,0,1
42,AB-,25,178,8,74.8,13.0,0,0,0,1
51,A+,14,88,78,42.0,14.6,0,0,1,0
29,AB+,31,95,55,73.9,14.8,0,0,0,1
59,A-,28,400,57,82.2,12.3,0,0,0,0
26,B-,30,95,21,42.6,15.2,0,0,0,1
32,B+,1,365,87,63.6,12.0,0,0,0,0
57,AB-,20,118,99,49.9,14.2,0,0,1,1
42,AB-,10,92,109,68.1,13.3,0,0,0,1
22,O+,42,400,92,92.7,14.9,0,0,0,1
28,O-,27,42,8,70.5,14.2,0,0,0,1
51,AB-,32,124,5,65.6,15.8,0,0,0,1
41,A+,16,365,109,42.0,15.1,0,0,1,0
32,O-,0,999,38,55.8,13.9,0,0,0,0
55,B+,15,80,6,66.5,15.1,0,0,0,1
25,O+,32,400,9,69.0,13.7,0,0,0,1
22,O+,47,90,115,71.8,12.6,0,0,0,1
43,O+,19,15,102,76.4,13.3,0,0,1,0
35,O-,26,124,78,58.0,13.7,0,0,0,1
23,A-,9,41,105,68.4,10.4,0,0,0,0
54,A+,9,303,34,62.5,15.3,0,0,0,1
30,A-,0,730,110,57.7,13.7,0,0,0,0
45,O+,9,70,40,58.4,14.9,1,0,0,0
22,B-,36,41,16,73.9,14.0,1,0,0,0
30,AB+,13,21,24,42.0,12.1,0,0,0,0
34,AB+,9,23,4,47.6,13.9,0,0,0,0
57,A+,27,121,11,102.8,13.7,0,0,0,1
49,AB-,7,175,30,60.7,13.0,0,0,0,1
46,B+,27,77,70,84.2,13.4,0,0,1,1
20,AB-,21,182,76,67.3,13.8,0,0,0,1
57,O+,29,47,26,61.8,11.1,1,0,0,0
51,O+,25,91,18,75.2,14.2,0,0,1,1
57,AB+,27,400,7,68.9,14.5,0,0,1,1
44,A+,13,94,79,66.0,14.4,0,0,0,1
30,AB+,4,95,98,67.5,13.5,0,0,0,1
50,O+,14,95,55,72.3,16.0,0,0,0,1
23,AB+,15,77,32,60.4,14.4,0,0,0,1
41,O-,3,79,14,62.7,13.3,0,0,1,0
36,O-,16,121,49,57.2,12.4,0,0,0,1
33,A+,42,118,17,54.7,12.3,0,0,0,1
57,AB+,32,400,49,88.4,14.2,0,1,0,0
45,AB-,14,185,37,58.0,14.6,1,0,0,0
50,B+,22,116,102,79.0,13.9,0,0,0,1
58,O-,4,19,99,64.1,13.7,0,0,0,0
30,O+,31,181,108,73.9,13.4,0,0,0,1
60,B+,38,74,115,68.0,14.3,0,0,0,1
42,A+,30,95,65,48.3,12.9,0,0,0,1
59,A-,12,365,3,68.3,13.8,0,0,0,1
53,O-,33,400,91,74.7,13.9,0,0,0,1
44,AB-,23,44,77,57.5,14.4,0,0,0,1
55,O+,23,176,42,93.5,12.9,0,0,0,1
24,B+,46,119,70,76.9,12.7,0,0,0,1
22,B+,45,92,29,77.0,13.9,0,0,1,1
60,O-,49,47,54,78.2,14.0,0,0,1,1
48,B+,25,120,34,42.3,13.8,0,0,0,1
40,AB-,0,365,85,75.8,10.8,0,0,0,0
59,B+,18,177,23,93.0,14.2,0,0,0,1
27,B+,20,92,116,76.4,16.6,0,0,0,1
49,AB-,9,86,114,65.1,14.8,0,0,0,1
60,A-,49,120,33,55.7,11.6,1,0,0,0
47,O-,2,25,30,54.7,13.4,1,0,0,0
56,AB+,41,78,64,53.3,13.6,0,1,1,0
48,AB-,11,365,113,63.6,13.4,0,0,0,1
35,B+,4,77,12,56.3,12.4,0,0,0,0
53,O+,23,178,70,66.3,12.8,0,1,0,1
19,AB-,24,80,75,70.2,14.8,0,0,0,1
31,A-,28,123,3,49.1,14.6,0,0,0,1
30,A-,42,400,18,59.6,13.7,0,0,0,1
46,O-,12,89,103,61.6,14.8,0,0,0,1
29,B+,15,125,90,61.3,13.1,0,0,0,1
56,A-,29,175,20,68.2,13.4,0,0,0,1
19,O-,9,305,110,69.4,13.4,1,0,1,0
49,AB+,19,25,69,63.3,12.1,1,0,0,0
30,A+,10,93,57,60.6,13.5,1,0,0,1
44,A-,27,90,47,67.8,15.6,0,0,1,1
58,B-,50,400,70,83.9,15.5,0,1,1,0
34,O-,25,125,4,52.0,13.9,0,0,0,1
57,B-,43,22,93,80.4,13.6,0,0,0,0
48,O+,4,121,15,50.0,15.7,1,0,0,0
51,O-,31,183,93,72.0,13.5,1,1,1,0
41,A+,50,96,88,79.5,13.2,0,0,0,1
52,O+,30,78,106,53.4,14.9,0,0,0,1
23,A+,11,96,64,71.9,11.9,1,0,0,0
36,B+,17,175,42,56.5,13.7,1,1,0,0
47,AB+,33,400,98,80.9,13.7,0,0,0,1
24,B+,33,74,107,50.4,14.4,0,0,0,1
27,O+,20,93,36,58.2,13.1,0,0,0,1
58,A+,35,115,80,69.4,13.6,0,0,0,1
49,AB-,50,72,2,75.8,13.9,0,0,0,1
51,B-,39,93,91,69.0,13.5,0,0,1,1
45,AB+,4,93,46,73.4,13.6,0,0,1,1
32,AB-,24,92,87,62.0,14.7,0,0,1,1
47,B+,13,118,20,56.0,14.4,0,0,1,1
54,B-,0,365,23,84.1,14.4,0,0,0,0
46,A+,46,400,60,73.5,12.0,0,0,1,0
39,A+,30,181,33,62.6,14.3,1,0,0,0
21,AB-,50,93,65,49.8,12.9,0,0,0,1
37,O+,33,49,66,81.5,16.0,0,0,0,1
49,O-,30,91,97,81.9,13.8,0,0,0,1
53,B+,46,115,84,65.6,13.6,0,0,0,1
21,AB+,36,116,41,60.7,15.5,0,0,0,1
44,A+,4,19,55,65.1,15.1,0,0,0,0
34,AB-,0,730,18,65.7,13.5,0,0,0,0
29,A+,31,180,25,76.5,12.5,0,1,0,1
39,A-,13,178,33,55.5,11.9,1,0,0,0
34,AB+,27,121,61,61.6,12.6,0,0,0,1
27,A+,6,299,35,66.0,14.2,0,0,0,1
18,O+,15,75,21,70.8,13.6,1,1,0,0
39,O+,49,91,51,77.5,12.8,0,0,0,1
43,B-,23,46,37,71.4,13.4,0,0,1,1
35,O+,15,80,28,87.3,15.7,0,0,0,1
31,B+,23,115,22,57.1,15.0,0,0,0,1
46,B-,2,365,110,84.1,15.7,0,0,0,1
29,AB-,23,22,96,57.5,13.0,0,0,0,0
53,A+,48,120,57,63.7,14.7,0,0,0,1
52,AB-,35,115,104,72.3,14.6,1,0,0,1
29,O+,14,88,105,81.0,15.4,0,0,0,1
24,B-,49,47,92,63.7,13.8,0,0,0,1
46,AB+,10,94,93,72.3,12.9,0,0,0,1
28,B-,24,400,26,64.5,12.8,0,0,0,1
50,O+,4,304,27,42.7,13.8,0,0,0,0
23,A-,20,86,55,67.6,13.9,0,0,0,1
32,AB-,0,999,55,54.3,14.1,0,0,0,0
49,A+,18,43,29,82.0,12.3,0,0,0,0
28,A-,39,122,54,82.1,15.2,0,0,0,1
40,O-,42,400,74,58.8,12.3,0,0,0,0
43,A-,18,91,74,57.1,15.2,0,0,1,1
51,O-,19,89,51,61.1,13.4,0,0,0,1
51,AB-,21,117,42,73.9,15.8,0,0,0,1
46,O+,45,86,97,73.9,11.9,0,0,0,0
21,B+,36,117,73,105.0,15.1,0,0,0,1
34,A+,10,80,60,64.6,12.7,0,0,0,1
52,O-,38,116,94,69.0,12.6,0,0,0,1
30,A-,23,71,68,89.2,15.6,0,0,0,1
58,B+,15,125,42,71.1,14.6,0,0,0,1
56,A-,2,32,106,56.0,12.2,0,0,0,0
32,B+,35,16,53,71.8,14.0,1,0,0,0
46,O+,4,46,50,75.8,15.3,0,0,0,0
46,B+,24,125,28,64.2,14.4,0,0,0,1
28,B-,31,47,0,76.7,13.8,0,0,0,1
49,O-,28,182,16,75.8,15.1,0,0,0,1
19,B-,24,121,9,63.0,14.2,0,1,1,0
31,B-,42,77,94,85.1,12.0,0,0,0,0
37,A+,7,118,25,59.4,13.9,0,0,0,1
39,O-,5,43,65,72.8,14.3,1,0,0,0
28,O+,24,122,115,61.4,14.0,0,0,0,1
44,A-,31,122,29,49.4,13.4,0,0,0,1
20,AB+,45,46,52,71.9,14.3,0,0,0,1
34,AB+,27,20,66,89.2,14.0,0,0,0,0
45,O+,18,179,3,67.4,11.6,0,0,0,1
46,B-,29,89,91,51.6,12.3,1,0,0,0
38,A+,14,116,113,70.4,14.1,0,0,0,1
33,AB+,39,123,31,59.0,14.6,0,0,0,1
54,AB-,20,179,51,79.6,12.9,0,0,1,1
37,AB-,20,400,68,65.5,14.6,0,0,0,1
23,O-,28,91,12,48.5,14.4,0,0,0,1
36,B+,7,93,22,73.6,13.6,0,0,0,1
22,O+,49,179,44,70.3,14.3,0,0,0,1
20,A+,24,91,80,64.7,14.2,0,0,0,1
18,O-,29,70,83,56.6,14.8,0,1,0,0
55,AB-,21,42,101,87.7,14.8,0,1,0,0
32,B+,9,92,53,63.0,12.7,1,0,1,0
51,A+,35,177,81,77.9,13.0,1,0,0,1
52,B+,22,96,14,62.9,15.4,0,0,0,1
42,A+,45,15,64,75.5,14.8,0,0,0,0
41,A+,23,86,34,68.6,14.5,0,0,0,1
29,B+,38,93,110,68.3,14.7,0,0,0,1
35,O+,41,87,71,58.9,15.1,0,0,0,1
32,O+,14,23,52,73.8,13.9,0,0,0,0
33,AB+,25,120,99,83.5,13.4,0,1,0,1
44,B+,9,88,10,56.6,14.4,0,0,0,0
25,O-,18,16,57,58.8,13.8,0,1,0,0
42,A-,42,185,34,100.4,15.5,1,0,0,0
34,AB-,14,122,80,57.0,15.5,0,0,1,1
46,AB-,28,92,7,61.9,14.8,0,0,0,1
25,AB-,16,86,95,83.2,12.4,0,0,0,0
32,AB+,33,93,60,83.6,12.6,0,1,1,1
44,O+,46,88,110,42.0,12.4,0,0,0,0
24,B-,35,178,79,76.4,14.0,0,0,0,1
20,O-,38,23,52,65.9,14.8,0,1,0,0
46,O-,46,41,38,66.4,13.5,0,0,0,1
41,A+,20,15,64,80.8,13.1,0,0,0,0
20,O+,9,22,104,64.2,13.9,0,0,0,0
37,B+,9,19,24,62.4,12.9,0,0,0,0
32,A-,26,400,60,64.5,14.1,0,0,1,1
42,B+,23,179,47,64.2,13.5,1,0,0,1
47,A+,2,121,14,71.8,13.1,0,0,0,1
31,B-,17,72,10,82.6,13.9,0,0,0,1
24,B-,0,730,61,72.7,14.8,0,0,0,0
34,O+,44,72,87,67.9,12.1,0,0,0,0
37,A+,24,90,30,74.0,14.0,0,0,0,1
53,A+,36,400,98,76.6,11.5,0,0,0,0
26,B-,26,181,52,74.4,13.5,0,1,0,1
55,B-,46,179,53,60.7,14.6,0,0,0,1
39,B+,49,115,111,72.7,14.9,1,0,0,1
19,A-,35,93,10,44.7,13.2,0,0,0,1
41,O-,43,400,26,84.9,13.2,0,0,0,1
25,A-,40,400,98,84.8,13.5,0,1,1,0
28,A-,19,365,31,77.8,12.6,0,0,0,1
30,O+,31,179,91,81.7,14.0,0,0,0,1
34,B+,39,71,71,67.2,12.7,0,0,0,1
25,A+,39,95,23,59.7,14.4,0,0,0,1
38,AB-,2,122,114,54.2,13.0,0,0,0,1
35,A+,34,400,97,79.1,13.4,0,0,1,1
47,A+,10,179,84,59.7,14.3,0,0,0,1
35,A-,33,123,81,63.9,14.5,0,0,0,1
48,A+,30,116,62,70.5,14.4,0,1,1,1
55,AB-,40,73,97,67.6,14.1,0,0,0,1
49,B-,11,90,116,70.9,12.6,0,0,0,1
28,B+,9,125,74,48.1,13.8,0,0,0,1
42,B-,47,88,74,65.4,13.6,0,0,0,1
50,A-,0,999,97,77.1,13.3,0,0,0,0
55,A+,36,94,11,63.3,13.9,0,0,0,1
58,O-,13,79,40,58.5,12.9,0,0,1,1
25,B-,20,80,98,78.5,13.8,0,0,0,1
28,AB-,9,75,20,63.3,13.5,0,1,0,0
39,B-,22,123,99,70.0,13.3,0,0,1,1
41,AB-,2,29,1,65.7,12.6,1,0,0,0
58,B+,44,48,30,68.0,12.5,0,0,0,1
34,A+,50,16,59,84.8,15.3,1,0,0,0
29,O+,22,93,54,74.3,13.9,0,0,0,1
49,AB+,5,24,116,54.6,15.8,0,0,1,0
32,AB-,27,400,71,63.9,15.8,0,0,0,1
33,A-,10,121,63,63.5,15.2,0,0,0,1
39,AB-,38,120,98,70.4,12.4,0,1,0,0
45,B+,7,46,117,78.0,15.4,0,0,0,1
37,A-,44,43,63,68.4,13.7,0,0,0,1
50,O+,39,86,10,68.0,13.5,0,0,0,1
27,B-,36,185,109,43.5,13.3,0,0,0,1
57,AB+,12,177,69,82.6,13.4,0,0,0,1
49,A-,13,365,74,66.2,14.2,0,0,0,1
50,O+,5,304,106,70.8,16.3,1,0,0,0
19,O+,10,96,111,70.8,12.0,0,1,0,0
50,A+,31,90,113,59.5,15.9,1,0,0,1
50,B+,39,183,11,65.3,15.5,0,0,0,1
58,AB-,44,400,15,59.5,13.6,0,0,0,1
30,B+,1,93,99,83.2,13.3,0,0,0,1
47,A-,45,19,12,43.5,12.3,0,0,0,0
50,O-,34,95,0,57.5,12.8,0,0,0,1
30,B-,7,301,51,64.5,13.1,0,0,1,1
43,A-,1,365,58,84.5,13.7,0,1,0,0
39,A-,20,175,72,75.8,13.8,0,0,0,1
56,B-,21,44,96,50.0,14.6,1,0,0,0
19,O-,27,73,55,66.7,14.5,0,0,0,1
55,B-,14,120,92,75.9,14.1,0,0,0,1
56,B-,26,20,98,92.5,13.8,0,0,0,0
43,A+,30,400,51,64.3,15.1,0,0,0,1
32,B+,46,120,22,55.0,14.7,0,0,0,1
51,AB+,18,88,7,71.5,14.3,0,0,0,1
59,A+,11,175,86,67.5,13.4,0,0,0,1
57,AB+,14,91,36,73.1,15.0,0,0,0,1
28,A+,42,96,70,75.6,14.7,0,0,0,1
20,AB-,19,177,60,71.5,13.5,1,0,0,1
23,B-,12,95,102,73.8,11.7,1,0,0,0
26,A+,31,94,35,86.0,13.9,0,0,0,1
23,AB+,16,184,75,64.8,13.0,0,0,0,1
26,O+,28,87,77,54.5,14.6,0,0,0,1
56,AB-,20,90,80,71.5,14.0,1,0,0,1
48,A+,1,29,108,53.9,12.0,0,0,0,0
49,O+,25,185,37,55.7,14.1,1,0,0,0
58,O-,29,93,72,59.0,15.7,0,0,0,1
29,O-,36,70,90,54.2,13.6,0,0,0,1
25,O+,33,75,83,80.9,13.8,0,0,1,1
25,O-,5,175,106,68.5,13.4,0,0,0,1
45,O-,49,181,103,75.8,13.9,0,0,0,1
37,O-,3,15,1,73.6,15.5,0,1,0,0
24,O+,1,58,39,65.7,15.0,0,0,0,0
28,AB-,42,400,116,78.6,13.2,0,0,0,1
37,A-,45,184,95,62.7,13.7,1,0,0,0
33,O-,6,71,101,66.2,13.8,0,0,0,1
21,O-,44,23,99,60.2,14.3,0,1,0,0
23,B-,47,91,55,83.4,14.3,0,0,0,1
39,A+,7,181,109,66.8,13.7,0,0,0,1
43,AB-,48,400,89,74.6,12.4,0,0,0,0
20,AB-,46,48,103,61.6,13.7,0,0,1,1
58,AB+,13,49,103,77.3,13.4,0,0,0,1
59,A+,29,175,108,76.5,12.8,0,0,0,1
31,AB+,42,93,18,50.1,14.7,0,0,0,1
28,AB+,36,77,36,68.0,13.8,0,0,0,1
35,O+,31,116,69,69.3,12.7,0,0,0,1
29,A-,19,86,73,64.7,16.0,0,0,0,1
40,B-,26,185,21,83.2,14.3,0,0,0,1
29,O-,34,183,118,54.6,14.7,0,0,0,1
30,A+,26,88,119,63.1,15.0,0,0,1,1
42,AB-,24,120,43,58.7,13.3,0,0,1,1
36,A+,32,91,44,79.3,14.4,0,0,1,1
53,AB-,45,76,89,56.7,11.7,0,0,0,0
25,O-,31,400,50,47.8,14.9,1,0,0,0
46,A+,36,400,116,72.7,13.7,0,1,0,0
49,B-,23,400,50,66.5,14.4,0,0,0,1
35,B+,22,400,69,79.4,13.7,0,0,0,1
23,A+,2,30,91,76.9,15.8,0,0,0,0
35,A-,34,89,11,67.5,15.1,0,0,0,1
36,A-,46,119,89,52.1,10.9,0,0,0,1
39,AB-,41,86,64,54.8,14.4,0,0,1,1
54,O+,44,117,4,48.5,13.5,0,0,0,1
49,AB+,21,117,59,66.5,14.5,1,0,0,1
58,O+,30,73,37,60.8,14.4,0,0,0,1
20,O+,27,176,82,66.0,13.0,0,0,0,1
45,O-,28,184,50,69.9,13.7,0,0,0,1
27,B-,18,78,62,88.9,12.7,0,0,0,1
52,B-,23,88,94,74.4,15.4,0,0,0,1
46,AB-,43,179,83,68.8,14.2,0,0,0,1
32,AB+,7,301,51,50.8,14.3,0,0,0,1
50,AB-,49,400,82,68.3,14.1,0,0,1,1
24,A-,46,116,5,77.7,12.6,0,0,1,1
29,A-,8,89,57,72.3,14.5,0,0,0,1
47,O-,49,177,44,56.5,15.8,0,0,1,1
38,AB+,38,122,2,63.9,12.1,0,0,0,1
48,A+,35,93,50,68.8,13.9,0,0,0,1
41,AB-,50,115,49,63.5,14.6,0,0,0,1
37,O-,19,365,101,61.2,13.0,0,0,0,1
54,A+,2,117,21,44.4,14.6,0,0,0,0
21,B+,40,71,14,59.6,13.8,0,1,0,0
45,B+,34,87,26,70.8,13.0,0,0,0,1
37,B-,3,75,120,77.6,11.0,0,0,0,0
41,O-,44,22,47,68.8,13.7,1,0,0,0
49,AB+,2,31,32,79.7,13.7,1,0,0,0
58,A+,20,175,59,67.1,15.2,0,1,1,1
53,O-,36,93,56,58.3,14.2,0,0,0,1
51,O+,46,71,17,62.8,13.2,0,0,0,1
53,AB+,30,92,24,73.5,12.1,0,0,0,1
19,O+,35,96,71,65.1,14.8,0,1,0,1
32,O-,12,92,73,60.9,13.9,0,0,0,1
51,B-,36,89,55,50.9,13.4,0,0,0,1
53,AB+,50,179,88,58.2,13.2,1,0,0,1
23,AB-,14,180,0,63.6,15.2,0,0,0,1
56,A-,8,80,0,61.6,15.3,0,0,0,0
59,A-,47,176,93,57.3,13.1,0,0,0,1
29,O+,9,73,81,85.1,11.3,0,0,0,0
20,AB-,17,48,71,74.6,13.6,0,0,0,1
35,O-,29,116,6,92.1,14.0,0,1,0,1
57,B-,47,122,41,50.3,13.9,0,0,0,1
38,O-,39,92,32,71.4,12.1,1,0,0,0
32,A-,8,89,71,63.2,15.5,0,0,0,1
50,AB+,11,95,9,68.2,11.8,0,0,0,1
52,B+,35,180,105,88.4,13.0,0,0,0,1
43,A-,46,400,59,48.9,12.7,0,0,0,0
25,B+,34,96,87,61.7,12.6,0,0,0,1
53,B-,11,78,2,59.8,11.4,0,0,1,0
47,A+,1,123,48,61.7,13.9,0,0,0,1
40,B-,40,20,7,44.8,15.4,0,0,1,0
59,O+,32,181,83,82.1,13.6,0,0,0,1
31,B-,15,76,79,82.6,12.7,0,0,0,1
31,AB-,41,400,47,74.4,15.4,0,0,0,1
19,B-,46,176,110,53.3,14.7,0,0,0,1
54,O-,33,91,63,71.1,12.9,0,0,0,1
22,O+,18,94,78,77.5,14.2,1,0,0,1
55,A+,1,29,13,72.3,15.0,0,0,0,0
58,AB+,39,123,6,67.5,12.8,0,0,0,1
31,O-,23,22,102,83.5,13.9,0,0,0,0
56,AB-,20,76,79,60.2,13.4,1,0,0,0
42,A-,12,365,5,66.1,12.5,0,0,0,1
37,AB-,36,76,37,74.9,14.0,0,0,0,1
19,A-,31,16,82,71.5,14.3,1,1,1,0
56,B-,2,122,45,74.2,13.8,0,1,0,0
23,AB-,32,177,81,73.9,12.9,0,0,0,1
34,A+,15,95,66,73.8,16.1,0,0,0,1
42,AB+,36,88,32,64.0,13.3,0,0,0,1
45,AB-,10,89,59,60.3,14.4,1,0,1,0
19,B-,33,175,80,69.5,14.7,0,0,0,1
52,AB-,34,181,67,84.6,11.1,0,0,1,0
54,B-,8,40,81,67.7,14.7,0,0,0,1
22,AB-,50,184,35,74.6,13.8,1,1,0,0
18,A-,40,184,44,69.2,13.5,0,0,0,1
57,A+,43,116,29,90.4,13.7,0,0,0,1
29,B-,23,89,119,66.5,14.4,0,0,0,1
53,O+,7,179,57,74.6,11.3,0,0,0,1
40,A+,18,125,92,60.1,13.8,0,0,0,1
48,B-,12,41,18,55.7,14.3,1,0,0,0
28,A+,26,122,47,67.9,16.2,0,0,0,1
27,O+,35,115,59,81.0,12.3,1,0,0,0
20,A+,23,75,107,75.0,14.3,0,0,0,1
31,AB+,6,121,52,45.0,13.3,0,0,0,1
33,A-,40,48,23,76.1,14.3,0,0,0,1
27,AB+,0,999,92,51.2,14.8,1,0,1,0
46,O-,5,92,3,77.2,13.0,0,0,0,1
27,O+,38,122,20,74.0,16.0,0,0,0,1
29,AB+,18,78,97,66.4,15.3,0,0,0,1
47,B+,31,123,82,76.0,14.7,0,0,0,1
58,AB+,36,175,3,65.1,13.4,0,0,0,1
18,O+,7,93,118,69.6,13.2,0,0,0,1
22,AB+,17,120,87,52.2,14.3,0,0,0,1
37,B-,40,184,51,65.2,13.4,0,0,0,1
25,O-,25,400,26,78.2,13.2,0,0,0,1
60,AB-,13,125,64,53.4,15.9,0,0,0,1
29,O-,23,400,24,77.0,14.4,0,0,0,1
18,B-,6,87,65,45.8,14.7,0,0,0,0
37,AB-,35,400,64,54.9,15.9,0,0,0,1
45,AB-,5,96,103,64.5,13.9,1,0,0,0
60,A-,6,179,25,69.7,13.1,0,0,0,1
54,O+,10,20,66,61.7,12.6,0,0,0,0
54,O-,5,176,51,61.4,15.3,0,0,0,1
29,O-,22,20,21,80.2,13.4,0,0,0,0
54,B+,35,86,91,81.1,10.6,0,0,0,0
45,O+,24,16,56,63.3,10.9,1,0,0,0
32,B+,2,94,98,63.7,12.2,0,0,0,0
23,A-,30,185,76,64.8,13.4,1,0,0,0
37,B+,18,15,84,92.4,13.6,0,0,0,0
31,O-,45,175,30,68.2,14.4,0,0,0,1
19,B-,29,90,70,85.3,12.5,1,0,0,1
26,B+,30,400,66,76.1,14.0,0,0,1,1
54,A-,46,92,107,66.8,14.8,0,0,0,1
37,B+,18,89,86,60.9,13.6,0,0,0,1
43,AB-,34,121,99,76.6,13.3,0,0,0,1
46,O+,39,121,52,59.4,12.8,0,1,0,1
18,B-,15,21,18,63.7,15.1,0,0,0,0
52,B+,48,41,75,75.2,12.3,0,0,1,0
23,B-,6,16,76,65.4,15.5,0,0,0,0
54,O+,3,17,26,63.7,13.8,0,0,1,0
22,AB-,17,75,55,64.6,12.7,0,0,0,1
50,B+,39,123,119,60.4,14.7,0,0,0,1
31,AB+,13,123,16,72.9,14.4,0,0,0,1
29,A-,17,120,81,68.4,14.3,0,1,0,1
59,B+,32,116,60,53.1,14.6,0,0,0,1
37,B+,26,96,55,62.6,14.0,0,0,0,1
41,AB+,41,93,40,64.0,14.3,0,0,0,1
60,AB+,10,77,32,63.9,15.3,1,0,1,0
51,B+,42,400,81,74.6,14.0,0,0,0,1
42,B+,23,400,90,60.3,14.7,0,0,0,1
46,B-,19,180,19,97.7,11.4,1,0,0,0
56,A-,50,175,20,83.2,14.2,0,1,0,1
48,B+,12,93,38,83.2,16.6,0,0,0,1
60,AB-,38,115,43,56.6,11.8,0,0,0,1
40,AB+,30,119,110,45.7,16.0,0,0,0,1
55,O-,29,86,9,64.3,14.6,0,0,1,0
37,AB+,5,72,118,71.2,11.9,0,1,0,0
40,O+,10,181,21,66.2,13.8,0,0,1,1
33,A+,13,89,42,62.2,14.2,0,0,0,1
59,B+,48,117,99,48.8,14.8,0,0,0,1
25,A+,26,123,29,60.6,13.3,1,1,0,0
38,B-,48,400,91,65.3,14.6,1,0,0,0
18,O+,7,118,19,62.6,15.3,0,0,0,1
25,AB+,4,124,84,62.5,14.8,0,0,0,1
46,AB-,29,124,55,59.2,15.1,0,0,0,1
49,O-,14,70,107,86.2,13.3,0,0,0,1
55,O-,44,400,10,75.8,14.6,0,0,0,1
22,O-,41,87,73,78.5,16.3,0,0,0,1
39,B+,32,91,97,71.0,12.6,0,0,0,1
51,A-,30,181,45,53.3,14.3,0,0,0,1
18,A+,41,117,22,76.1,12.6,0,0,0,1
43,B+,17,44,8,82.8,15.2,0,0,0,1
60,O-,43,118,63,84.4,11.6,1,0,0,0
27,A+,35,89,5,74.9,13.2,0,0,0,1
47,O-,7,176,88,68.0,16.3,0,0,0,1
35,B-,48,73,12,68.0,13.3,0,0,1,1
34,AB+,50,24,18,73.7,13.7,0,0,0,0
43,A-,29,118,47,49.9,15.2,0,0,0,1
25,O+,28,400,24,75.0,13.6,0,0,0,1
57,AB+,48,120,74,62.7,11.6,0,0,1,1
29,A-,48,116,73,92.3,12.6,0,0,0,1
44,AB+,26,119,17,64.7,15.2,0,0,1,1
25,B-,12,87,94,70.1,15.4,0,0,0,1
42,AB-,9,78,70,69.6,11.6,0,0,1,0
21,B-,6,96,13,60.4,12.8,0,0,0,1
50,O+,49,178,76,73.0,13.1,0,1,0,1
18,B-,38,86,60,71.8,13.4,0,0,0,1
36,AB-,18,86,84,79.3,12.8,0,0,0,1
48,O-,39,124,22,75.9,13.9,0,0,0,1
33,A-,21,71,36,70.1,13.2,0,0,1,1
31,O+,10,117,79,59.0,13.3,0,0,0,1
22,AB-,36,96,109,59.3,12.6,1,0,0,1
58,O-,48,116,80,86.2,14.7,0,0,0,1
43,AB+,10,95,2,69.0,12.3,0,0,0,1
45,AB+,38,181,25,90.8,14.2,0,0,0,1
19,O-,17,89,9,59.0,14.9,0,0,0,1
23,B-,39,79,111,92.1,16.0,0,0,0,1
26,AB-,8,79,63,57.6,14.4,1,0,0,0
50,B-,9,184,58,63.2,14.0,0,1,1,0
58,A+,9,19,115,72.9,11.9,0,1,0,0
42,B-,28,125,81,79.0,15.4,0,0,1,1
30,B-,24,49,30,75.5,14.0,0,0,1,1
26,O+,0,999,10,47.0,14.1,0,0,0,0
30,AB+,12,121,103,61.7,14.2,0,0,0,1
48,B+,15,94,45,55.4,13.9,1,0,0,1
58,A+,48,70,21,52.8,13.8,0,0,0,1
28,O+,38,80,10,67.8,13.4,0,0,0,1
21,B+,26,177,5,44.8,14.6,0,0,0,1
51,O+,33,181,69,79.0,12.1,0,1,0,0
55,A+,49,400,71,76.2,12.1,1,0,0,0
21,O-,32,123,10,85.8,12.9,0,0,0,1
55,AB+,10,365,56,56.3,15.2,0,0,0,1
36,A+,28,91,84,57.3,14.3,0,0,0,1
23,B+,3,300,17,79.6,13.1,0,0,0,1
51,B+,5,77,23,80.4,12.9,0,0,0,0
35,AB+,49,41,69,82.8,13.7,0,0,0,1
30,A+,6,75,54,80.7,14.2,0,0,0,1
58,A+,40,16,36,70.4,15.3,0,0,0,0
40,A-,36,400,41,62.9,16.1,0,0,0,1
36,AB-,0,999,117,76.1,13.7,0,1,0,0
28,B-,26,400,97,63.1,16.2,0,0,0,1
18,O-,19,181,100,69.2,13.9,1,1,0,0
41,O-,39,183,6,63.8,14.1,0,0,0,1
24,O+,41,43,48,70.9,14.9,0,0,1,1
42,A-,17,86,69,81.7,15.0,0,0,0,1
38,AB-,43,90,115,64.2,15.5,1,0,0,1
32,A+,35,176,8,62.5,12.4,0,0,0,1
18,O-,32,182,41,66.8,13.9,0,0,1,1
29,O-,49,121,111,55.0,15.2,1,0,0,1
24,A+,1,60,48,75.3,12.6,1,0,0,0
32,AB+,14,48,113,69.3,11.7,0,1,0,0
38,O-,46,400,65,67.6,12.2,0,0,1,0
36,AB-,6,23,75,71.6,13.7,1,0,1,0
46,AB-,42,71,120,51.8,16.0,1,0,0,0
42,A-,50,115,120,83.4,12.1,0,0,0,1
50,AB+,40,43,105,62.3,12.5,0,0,0,1
49,O-,11,185,19,63.9,13.2,0,0,0,1
52,B-,37,400,69,77.5,12.7,0,0,0,1
55,A-,38,80,114,74.7,12.5,0,0,0,1
43,O-,50,86,23,90.0,11.6,0,0,0,0
28,B-,31,123,69,57.4,13.2,1,0,1,0
52,A-,1,26,6,57.7,16.0,0,0,0,0
25,O-,35,185,102,54.8,14.4,1,0,0,0
31,AB-,28,183,28,69.5,15.1,1,0,0,0
27,O-,26,77,48,65.0,13.1,0,0,0,1
19,A-,21,117,97,60.4,12.9,0,0,0,1
26,B+,4,96,12,67.3,14.4,0,0,0,1
20,A+,31,184,64,56.6,13.9,0,0,0,1
38,B-,48,182,85,85.0,13.7,1,0,0,0
43,A+,38,88,13,60.3,15.6,0,0,0,1
25,O-,8,21,1,61.7,12.9,0,0,0,0
19,O-,36,74,79,42.0,12.8,0,0,1,0
23,A+,9,20,48,49.9,14.7,0,0,0,0
45,A-,48,184,46,61.5,14.6,1,0,0,0
46,A-,3,86,61,64.6,12.7,0,0,0,0
43,A-,6,124,71,75.9,13.9,0,0,1,1
42,AB+,19,72,85,51.5,11.8,0,0,0,0
29,O+,20,86,14,73.0,14.1,0,0,0,1
22,A-,10,74,45,74.9,13.3,0,0,0,1
51,O+,41,93,50,75.4,13.5,1,0,0,1
54,O-,23,175,84,79.4,12.5,0,0,0,1
32,O+,24,181,3,55.2,15.1,0,0,1,1
53,AB+,7,119,36,74.0,14.1,0,0,0,1
32,A-,45,95,95,87.4,14.9,0,0,0,1
60,AB+,48,78,40,83.4,13.7,0,0,0,1
40,A-,12,90,91,88.8,15.1,0,0,0,1
23,A+,50,88,114,70.7,11.7,0,0,0,0
60,AB+,35,75,15,61.5,13.8,0,0,0,1
38,A+,31,118,2,42.0,15.1,0,0,0,1
40,O+,42,184,2,54.3,11.6,0,0,0,0
60,O-,48,116,66,62.2,13.9,0,0,0,1
33,B-,42,117,7,64.2,14.4,0,0,0,1
32,A+,1,65,114,59.3,13.4,0,0,1,0
42,AB+,35,184,9,71.7,14.9,0,0,0,1
53,A+,1,123,108,70.1,14.9,0,0,1,0
28,AB-,41,19,114,68.5,13.1,0,0,0,0
32,AB+,31,400,99,76.6,13.4,0,0,1,1
21,O-,32,123,52,62.8,12.5,0,0,0,1
38,AB-,38,90,116,80.1,14.1,1,0,0,1
30,B-,36,175,15,54.8,14.0,1,0,0,1
39,AB-,45,70,49,64.7,13.8,0,0,0,1
36,A+,40,120,104,71.5,13.9,0,0,0,1
51,AB+,3,74,53,46.9,12.9,0,0,0,0
31,AB+,21,49,107,62.5,12.2,0,1,0,0
21,A+,35,96,117,75.8,14.3,0,0,0,1
44,O-,35,400,91,63.3,13.6,0,1,1,0
46,O+,26,400,29,48.0,12.7,0,0,0,0
45,B-,31,42,93,58.2,13.0,0,0,0,1
52,AB+,20,91,62,53.2,14.8,0,0,0,1
25,B+,21,118,41,73.5,14.7,1,0,0,1
33,B+,44,124,76,69.3,14.5,0,0,0,1
59,B-,21,88,53,50.8,13.8,0,0,0,1
53,A+,0,365,89,50.0,13.0,0,1,0,0
47,B-,33,185,107,60.0,15.3,0,1,0,1
35,B+,48,119,47,68.3,13.4,0,0,0,1
19,O+,50,73,92,60.6,14.1,0,0,0,1
30,B+,31,118,97,71.9,12.9,0,0,0,1
21,A-,7,18,65,71.5,13.5,0,0,0,0
43,B-,5,23,14,73.9,10.9,0,0,0,0
42,AB+,11,120,73,52.5,13.1,1,0,0,1
47,A+,36,123,89,65.0,12.1,0,0,1,1
28,A-,23,400,58,79.8,14.0,0,0,1,1
24,A-,30,400,94,60.6,13.1,0,0,0,1
48,A+,13,90,14,59.1,13.5,0,0,0,1
27,B+,18,19,87,62.6,16.1,0,0,0,0
56,AB-,16,78,26,62.4,12.7,0,0,0,1
30,B-,38,120,15,69.3,13.9,0,1,0,1
48,AB-,41,118,94,61.6,14.0,0,0,0,1
24,AB-,38,22,98,45.8,12.8,0,0,1,0
59,O-,18,95,60,81.0,15.0,0,1,0,1
59,AB-,46,119,68,73.6,15.6,0,0,0,1
53,AB-,15,43,91,69.6,15.1,0,0,1,1
37,B+,33,46,30,67.0,12.8,0,0,0,1
21,O-,36,400,6,64.5,13.0,0,0,0,1
24,A-,4,296,1,59.2,11.6,0,0,0,0
18,AB+,42,119,93,47.3,13.6,0,0,1,1
59,AB-,17,44,27,85.9,13.7,0,0,0,1
30,O+,36,96,58,68.2,14.7,0,0,0,1
39,O-,16,45,84,50.3,15.7,1,0,0,0
38,O+,25,42,105,56.7,12.4,0,0,0,0
39,AB-,43,116,66,71.3,14.0,0,0,0,1
45,B-,44,123,69,71.1,13.6,0,0,0,1
26,AB-,12,124,42,59.8,13.6,0,1,0,1
43,A-,9,23,85,56.1,15.5,0,0,0,0
26,O-,38,71,111,61.7,13.9,0,0,0,1
32,B-,40,182,5,46.8,14.4,0,0,0,0
27,O-,33,95,58,62.8,14.3,0,0,0,1
41,B-,32,175,106,62.9,14.0,0,0,0,1
59,O+,18,365,26,84.8,13.0,0,0,0,1
25,AB-,23,179,18,63.0,15.9,0,0,0,1
41,AB-,11,88,23,70.8,13.8,0,0,0,1
33,A+,46,177,120,85.6,14.4,0,0,0,1
43,AB-,39,43,91,56.3,14.1,0,0,0,1
44,A+,31,41,3,61.1,11.5,0,0,0,0
54,A-,44,43,13,62.1,12.7,0,0,1,1
21,O+,12,89,101,49.6,13.9,0,0,0,0
41,B-,24,117,1,65.1,12.9,1,0,0,0
36,O+,27,18,46,80.8,14.2,0,1,0,0
53,AB-,21,79,105,77.3,12.8,0,0,0,1
56,O+,43,400,15,81.0,13.8,1,0,0,0
27,A-,19,42,15,61.0,11.9,0,0,0,0
42,B-,8,70,74,55.6,14.7,0,0,0,1
35,AB+,42,95,13,92.8,14.3,1,0,0,1
36,AB+,20,72,93,70.4,14.3,0,0,1,1
53,A-,23,400,60,50.3,13.7,1,0,0,0
27,O+,6,183,85,96.2,13.0,0,0,0,1
50,AB-,47,118,51,67.0,15.5,0,0,0,1
22,A+,21,120,47,42.0,15.6,1,0,1,0
52,O-,35,94,98,84.0,13.7,0,0,0,1
51,AB+,5,93,107,42.6,13.2,0,0,0,1
50,AB-,15,365,25,71.2,11.9,0,0,0,1
38,O+,8,46,81,77.3,14.0,0,0,0,1
34,AB+,20,22,92,75.5,13.1,0,0,1,0
39,A-,12,71,59,85.1,13.3,0,0,0,1
54,B-,42,116,8,79.2,14.9,0,0,0,1
32,B-,44,41,23,88.4,12.7,0,0,0,1
52,O-,5,116,44,67.0,15.9,0,1,0,0
45,A-,33,116,106,63.5,12.7,0,0,0,1
24,O-,10,18,31,64.2,11.5,0,0,0,0
49,O+,48,72,72,83.1,13.1,1,0,0,0
28,O-,23,400,108,61.0,14.2,0,1,0,0
27,A-,7,177,59,77.3,14.0,0,0,0,1
26,B+,4,178,26,58.5,14.0,0,0,0,1
31,B+,23,93,45,58.7,13.5,0,0,0,1
30,AB+,19,121,108,81.0,13.2,0,0,0,1
42,O-,21,20,3,72.8,12.4,1,0,0,0
19,B-,20,79,28,44.2,13.9,0,1,0,0
52,B+,10,95,66,58.6,15.0,0,0,0,1
24,A+,21,94,78,42.0,13.8,0,0,0,1
38,AB-,2,56,39,63.9,13.0,0,0,0,0
35,A+,37,400,72,65.0,14.0,0,0,0,1
20,AB-,40,400,13,62.8,15.4,0,0,0,1
59,A+,21,185,91,81.3,13.6,0,0,0,1
56,B+,29,400,101,72.5,12.4,0,0,0,0
58,A-,24,80,8,95.1,14.0,0,0,0,1
28,A-,31,94,116,73.9,14.4,0,0,0,1
56,B+,48,78,103,74.1,14.8,0,0,0,1
41,AB+,49,400,100,71.0,14.6,0,0,0,1
36,A+,4,185,32,65.0,14.0,0,0,0,1
21,AB+,34,79,18,60.9,12.9,0,0,0,1
43,B+,15,118,1,65.4,12.7,0,0,0,1
55,A+,10,117,75,65.9,13.4,0,0,0,1
59,A+,39,176,71,67.0,14.5,0,0,0,1
49,AB-,27,95,8,75.0,13.1,0,0,0,1
56,O+,25,400,111,71.3,13.3,0,0,0,1
53,AB+,48,49,108,62.3,12.8,0,0,0,1
57,AB+,39,70,47,59.9,15.5,0,1,0,0
54,B+,37,400,72,70.5,13.6,0,0,1,1
50,O+,28,93,90,57.8,14.5,0,0,0,1
53,A+,50,400,7,63.3,15.5,1,0,0,0
20,A+,48,24,16,62.2,12.8,0,0,0,0
26,AB+,42,400,101,94.7,14.6,0,0,0,1
25,AB-,41,184,18,54.0,13.7,0,1,0,0
50,B-,16,78,52,59.3,15.3,0,0,0,1
23,O-,28,124,80,61.9,12.9,0,0,0,1
58,B-,4,77,119,63.0,14.0,1,0,1,0
56,A+,40,400,0,79.0,14.5,0,0,0,1
21,B+,3,49,78,65.2,13.0,0,0,0,0
30,O+,28,400,101,53.4,13.6,0,0,0,1
19,O-,32,119,80,83.7,13.6,0,0,0,1
22,O-,37,47,113,70.9,15.0,0,0,0,1
44,O-,40,178,78,72.6,16.2,0,0,0,1
49,AB+,50,121,43,75.2,15.5,1,0,0,1
38,B+,50,88,81,54.4,15.4,0,0,0,1
25,O+,22,177,33,67.9,9.2,1,0,0,0
55,B-,47,400,105,77.0,13.9,0,0,0,1
25,B+,33,123,49,61.0,13.9,0,0,0,1
20,B-,31,49,120,71.4,14.7,1,0,0,0
20,O+,38,125,69,74.0,12.2,0,0,0,1
39,B-,6,305,86,51.9,14.6,0,0,0,1
23,O+,1,177,12,56.6,11.5,0,0,0,0
19,AB+,33,400,113,42.9,14.9,0,0,0,0
40,A-,16,49,38,70.5,12.0,0,1,0,0
19,A-,3,116,91,88.7,15.1,0,0,0,1
55,B+,28,92,117,60.4,15.1,0,0,1,1
34,AB-,26,400,7,65.9,13.4,1,0,0,0
52,AB+,33,400,12,79.1,14.3,0,0,0,1
51,AB-,50,124,117,70.9,13.8,0,0,0,1
40,O-,50,21,59,57.3,12.2,0,0,1,0
47,A+,9,118,16,84.8,14.4,0,0,0,1
25,AB-,41,400,27,70.2,15.1,0,0,1,1
39,AB+,32,119,62,65.4,13.4,0,0,0,1
53,A-,2,28,14,66.4,14.5,1,0,1,0
22,A+,47,78,96,74.5,12.8,0,0,0,1
30,A+,2,31,47,61.3,14.8,0,0,0,0
46,O+,36,15,20,85.3,13.8,0,0,0,0
48,AB+,10,24,59,81.8,13.8,0,0,0,0
33,O-,25,180,14,68.1,14.3,0,0,1,1
59,B-,23,45,81,68.7,15.5,1,0,0,0
47,AB+,3,118,12,58.7,14.4,0,0,0,1
33,O+,6,20,99,61.0,12.6,0,1,0,0
29,A+,34,118,95,55.5,13.0,0,0,0,1
34,A+,45,93,79,65.8,13.7,0,1,0,1
33,AB-,44,400,37,68.7,14.3,0,0,0,1
29,AB-,12,94,95,50.5,12.5,0,0,0,1
25,O-,32,15,12,75.6,14.2,1,0,0,0
37,AB+,10,122,20,58.4,14.8,0,0,0,1
20,O+,23,175,90,72.5,13.2,0,0,0,1
33,AB-,0,365,47,76.9,16.0,0,0,0,0
47,A+,42,49,90,82.4,13.0,1,0,0,0
40,A+,35,89,26,80.1,14.0,0,0,0,1
45,O-,41,93,73,86.2,11.5,0,0,0,1
57,O+,9,47,83,77.0,13.5,0,0,0,1
22,B-,36,46,78,69.8,13.6,1,0,0,0
37,AB-,12,45,11,62.8,13.3,0,0,0,1
57,A-,22,179,81,66.7,13.0,0,0,0,1
18,AB-,43,116,78,85.9,13.2,0,0,0,1
47,B+,48,19,32,65.8,14.5,0,0,0,0
38,B-,14,87,28,67.9,11.7,0,1,0,0
37,AB-,1,94,52,84.2,11.8,0,1,0,0
23,AB+,9,177,3,65.4,13.3,0,0,0,1
39,A+,4,296,17,59.3,13.7,0,0,0,1
35,A+,14,89,5,80.5,12.9,0,0,0,1
25,O-,6,17,95,58.9,13.9,0,0,0,0
56,AB-,0,999,4,72.4,14.5,1,0,0,0
49,O-,44,50,87,70.5,14.9,0,0,0,1
50,A-,33,42,38,71.5,15.3,0,0,0,1
33,B-,33,93,49,42.0,12.3,0,0,0,0
29,B-,26,121,54,76.6,13.0,0,0,1,1
55,B-,12,90,39,67.3,12.8,0,0,0,1
51,AB+,36,400,100,74.8,14.9,0,0,0,1
31,AB+,43,121,11,73.5,13.1,0,0,0,1
53,O+,24,121,9,71.5,14.1,0,0,0,1
50,B-,33,177,108,63.6,12.2,0,0,0,1
40,B-,3,93,100,63.8,13.1,0,0,0,1
19,A+,25,182,113,67.4,12.8,0,0,0,1
58,O-,38,17,28,69.9,14.6,1,0,0,0
38,A-,34,400,70,63.3,12.4,0,0,0,0
19,O-,5,73,3,78.4,15.8,0,0,0,0
44,B-,39,21,117,64.4,14.0,0,0,0,0
26,B-,38,91,9,57.2,13.0,1,0,0,0
18,B-,44,88,116,74.5,14.2,0,0,0,1
28,O+,29,124,25,88.7,12.9,1,0,0,1
20,B-,50,400,111,55.2,12.6,1,0,0,0
40,O+,11,96,28,66.6,14.6,0,0,0,1
43,AB-,33,73,104,79.7,15.3,0,0,0,1
21,B+,38,400,110,74.3,14.2,0,0,0,1
35,O-,31,93,87,74.8,12.4,1,0,0,0
23,O-,39,400,63,68.3,12.9,0,0,0,1
52,B-,7,90,35,42.0,15.5,0,0,1,0
39,O+,17,44,52,70.8,14.7,0,0,0,1
60,A+,21,72,65,72.1,12.6,0,0,0,1
32,O-,35,117,42,80.4,13.0,0,0,0,1
39,A-,9,19,90,59.7,14.0,0,0,0,0
54,B-,31,175,60,86.5,13.6,0,0,0,1
59,A+,6,180,68,64.6,16.1,0,0,0,1
29,B-,36,87,47,62.7,13.0,0,0,0,1
59,A+,7,72,46,60.1,14.5,0,0,0,1
55,A+,26,400,4,79.5,14.1,0,0,0,1
35,O+,42,400,25,55.9,12.0,0,0,0,0
52,A-,33,90,51,75.0,11.2,0,0,0,1
47,AB+,29,95,0,59.1,13.4,0,0,0,1
41,A+,33,184,117,67.5,14.3,0,0,0,1
59,A+,38,180,38,51.2,15.5,0,0,0,1
47,AB+,30,400,68,76.6,12.9,0,0,0,1
31,B-,40,74,75,66.3,14.3,0,0,0,1
23,O+,22,115,8,74.1,13.5,0,0,0,1
20,B+,13,88,61,66.0,15.7,0,0,0,1
33,O-,49,400,38,73.8,13.8,0,0,0,1
24,B+,10,179,72,67.5,13.3,0,0,0,1
31,AB+,37,80,57,76.1,14.0,0,0,0,1
26,A+,35,87,54,73.9,14.0,1,0,0,0
32,B-,39,74,40,70.2,15.3,0,1,0,0
38,B-,3,296,40,58.1,13.8,1,0,1,0
52,O+,0,730,30,63.2,14.3,0,0,0,0
19,AB+,44,121,110,59.5,12.0,0,0,0,1
44,O+,21,88,81,83.7,12.5,0,0,1,1
19,O-,2,122,104,76.6,13.4,0,0,0,1
52,A-,50,86,34,68.4,13.9,0,0,0,1
35,O-,28,79,109,61.8,13.0,1,0,0,0
31,AB-,4,182,50,59.3,14.1,0,0,0,1
37,A-,40,79,30,69.3,13.2,0,1,0,0
35,B+,45,124,83,88.3,15.7,0,0,0,1
27,A+,10,125,41,68.1,13.6,0,0,0,1
42,A+,37,400,10,81.2,14.3,0,1,1,0
19,O-,38,117,67,71.0,13.6,0,0,0,1
42,B-,42,73,12,74.2,13.7,0,0,0,1
50,B-,47,180,72,62.8,14.4,0,0,0,1
53,A-,37,93,48,65.8,14.0,1,0,0,1
48,A-,27,400,29,58.9,13.2,0,1,1,0
31,A+,39,49,48,71.4,14.2,0,0,1,1
18,AB-,44,94,38,65.3,13.6,0,0,0,1
33,B-,3,118,54,72.0,14.4,0,0,0,1
20,AB+,43,115,59,57.2,15.1,0,0,0,1
52,AB-,5,43,43,73.0,14.9,1,0,0,0
58,AB-,20,179,53,69.9,12.6,0,0,0,1
23,B+,12,87,64,69.5,10.5,0,0,0,0
42,B+,50,74,101,72.3,16.3,0,0,0,1
30,A-,42,120,30,65.4,14.4,0,0,0,1
51,B-,46,400,91,105.0,14.2,0,0,1,1
25,O-,9,20,75,73.2,13.0,1,0,0,0
38,AB-,14,123,35,69.2,11.5,0,0,0,1
51,A-,31,45,106,76.2,11.6,0,0,0,0
21,B+,1,28,112,62.3,13.4,0,0,0,0
42,B-,7,21,79,61.9,14.0,0,0,0,0
32,A-,10,21,8,76.8,15.7,1,0,0,0
21,B-,18,70,23,77.8,14.1,0,0,0,1
29,A+,27,90,91,81.1,14.5,0,0,0,1
49,O-,4,88,49,52.3,13.2,1,0,1,0
49,B-,44,41,67,66.6,13.3,0,0,0,1
45,AB-,22,46,111,71.6,12.2,0,0,0,0
30,O-,33,400,89,75.9,12.4,0,0,0,0
48,B-,41,95,63,73.8,12.4,0,0,0,1
31,O+,50,177,2,58.6,13.4,0,0,0,1
37,O+,18,21,45,73.7,12.0,0,0,0,0
35,B-,22,95,46,71.5,12.9,0,0,0,1
46,O-,18,70,54,71.5,13.8,0,0,0,1
23,B+,9,25,35,55.9,11.2,0,0,0,0
49,B-,28,117,118,57.7,15.4,0,0,1,1
46,AB-,37,125,1,87.9,15.8,0,0,0,1
60,A+,0,999,118,78.8,14.9,0,0,0,0
19,A-,3,120,43,67.3,14.2,1,0,0,0
40,AB-,24,74,89,67.5,14.2,0,0,1,1
36,AB+,28,117,45,92.5,14.4,0,1,0,1
48,B-,15,120,94,68.5,13.9,1,0,0,1
22,A-,37,119,103,66.7,14.0,0,0,1,1
36,B-,16,91,55,59.3,12.0,1,0,0,0
51,AB+,0,730,61,65.4,13.9,0,0,0,0
27,B+,41,400,19,49.5,14.3,0,0,1,0
42,A-,46,400,63,73.7,14.2,0,0,0,1
19,AB+,2,96,0,81.9,15.1,0,0,0,1
28,B+,30,90,70,82.0,15.4,0,0,0,1
48,B+,0,999,106,60.3,13.2,0,0,1,0
32,O+,41,94,42,42.8,12.6,0,0,1,1
26,B+,36,88,83,71.7,15.2,0,0,0,1
40,B-,34,177,19,82.5,14.5,1,0,0,1
36,A+,19,121,45,50.4,13.2,0,0,1,1
26,B+,2,58,69,63.9,13.6,0,0,0,0
52,O-,35,400,70,71.9,13.5,0,0,0,1
38,B+,28,119,53,58.7,14.1,0,0,0,1
26,AB+,4,301,99,49.0,15.4,0,0,0,0
45,B+,45,79,78,59.8,12.8,0,1,0,0
24,B-,48,181,81,61.7,14.1,0,0,0,1
33,AB-,17,46,68,47.3,14.1,0,0,0,0
33,AB+,41,400,48,79.8,11.6,0,0,0,0
50,AB+,28,88,74,85.1,16.6,0,0,0,1
21,B-,31,117,39,68.3,14.0,0,0,0,1
21,A+,13,116,43,76.0,15.1,0,0,0,1
56,O-,44,88,10,51.7,12.0,0,0,0,0
57,B+,43,180,89,66.4,15.9,0,0,0,1
34,AB-,34,124,9,61.6,13.4,0,0,0,1
54,B+,0,999,36,72.5,11.3,0,0,1,0
56,A+,41,116,108,42.0,12.2,0,0,0,0
46,A+,34,91,13,64.7,12.4,0,0,1,1
53,O-,9,44,0,74.9,12.9,0,0,1,0
55,AB+,0,999,47,70.6,12.4,0,0,0,0
56,A-,7,96,90,76.6,14.7,0,0,0,1
54,A-,46,400,108,61.4,14.0,0,0,0,1
52,O-,42,94,70,42.0,14.4,0,0,0,1
24,B+,22,181,8,80.1,14.3,0,0,0,1
44,B+,46,115,102,76.4,13.5,0,0,1,1
45,O-,29,89,33,85.3,12.1,0,0,0,0
39,O+,48,116,53,68.8,12.1,0,0,0,1
31,A-,43,118,104,72.6,12.2,0,0,0,1
24,B-,46,86,60,93.6,12.6,0,0,0,1
54,AB-,48,74,2,47.6,15.7,1,1,0,0
39,A+,46,182,27,72.9,12.2,0,0,0,1
22,O-,7,93,6,81.4,15.4,0,0,0,1
19,B+,33,400,67,70.3,12.6,1,0,0,0
44,O+,24,400,44,68.7,12.3,0,0,0,0
38,B-,38,175,31,51.7,14.3,0,1,0,1
55,O+,7,119,113,84.1,15.2,0,0,0,1
32,A+,34,122,79,79.8,12.0,1,0,0,0
38,B+,42,116,8,82.1,13.7,0,0,0,1
27,A-,43,19,101,67.8,15.1,0,0,0,0
40,AB+,25,16,42,64.5,14.8,0,0,0,0
56,B+,22,92,92,67.9,12.1,0,0,0,1
22,B+,20,70,28,86.7,13.6,0,0,0,1
18,AB-,34,180,34,65.1,12.0,0,0,0,1
30,O-,29,178,93,84.3,14.2,1,0,1,0
38,B-,49,175,14,66.4,14.0,0,0,0,1
43,AB+,2,99,35,58.6,14.4,0,0,0,1
38,O+,46,96,60,45.2,12.7,0,0,0,1
35,B+,24,125,77,74.3,13.0,0,0,0,1
54,B+,24,95,98,76.4,14.9,0,0,0,1
49,O-,44,400,71,55.3,14.9,0,0,0,1
53,A-,22,125,77,84.2,15.6,0,1,0,1
34,AB-,44,86,50,52.8,15.4,0,0,0,1
52,AB+,44,48,110,75.8,12.0,1,0,0,0
28,B+,40,75,105,76.3,15.1,0,1,0,0
38,A-,34,184,24,79.8,13.8,0,0,0,1
43,A+,15,17,8,46.3,14.6,1,0,1,0
21,O+,11,121,10,79.7,13.4,0,0,0,1
51,AB-,43,46,8,66.4,12.8,0,0,0,1
35,B-,15,124,82,64.3,13.5,0,0,0,1
57,AB+,16,116,105,77.1,13.9,0,1,0,1
52,O-,1,35,115,78.6,14.1,0,0,0,0
58,O-,49,88,76,46.1,14.9,0,0,0,0
46,AB+,9,115,63,53.8,12.7,0,0,0,1
46,B-,22,115,17,81.2,12.6,0,0,1,1
55,A+,24,95,70,73.2,12.0,0,0,0,1
59,O-,7,45,118,70.0,13.6,0,0,0,1
38,O-,17,19,111,57.2,12.8,0,0,1,0
59,B+,30,89,55,72.8,13.4,0,0,0,1
30,O+,3,88,33,81.4,13.8,0,0,0,0
58,AB-,28,118,34,93.5,11.8,0,0,0,1
34,A-,32,400,6,64.1,13.2,0,0,1,1
26,O+,23,96,26,77.6,14.2,0,0,0,1
58,A-,31,176,7,88.4,13.9,0,0,0,1
18,A-,48,24,86,52.1,13.4,0,0,0,0
19,AB-,14,77,80,87.8,13.8,0,0,0,1
46,A+,45,94,116,70.2,13.5,0,0,0,1
50,A-,38,176,72,68.8,12.7,0,0,0,1
27,B-,37,24,61,62.0,12.5,0,0,0,0
57,O-,30,120,69,64.0,16.8,0,1,0,1
38,AB-,7,121,56,59.8,14.5,0,0,1,1
45,A-,25,177,67,57.5,15.0,0,0,0,1
28,AB-,13,77,94,72.9,14.5,0,0,0,1
51,B-,7,47,21,80.2,15.3,1,0,0,0
25,A-,43,94,15,56.5,14.4,0,1,0,1
39,O+,0,999,0,60.4,11.5,1,1,0,0
25,A+,15,179,21,70.8,12.9,1,0,0,0
32,A-,21,121,40,55.7,14.1,0,0,0,1
34,B+,45,121,83,70.7,14.0,0,0,0,1
40,AB-,13,184,111,65.0,13.9,0,0,0,1
41,AB+,4,18,109,50.0,12.6,0,0,1,0
36,AB-,15,48,3,73.2,13.2,0,0,0,1
22,AB-,11,122,64,61.8,14.1,0,0,0,1
49,B-,44,183,19,79.3,13.8,0,0,0,1
18,B+,45,95,26,65.8,14.7,0,0,0,1
40,A-,46,88,112,60.2,12.6,0,0,0,1
54,O+,47,184,7,67.6,14.3,1,0,0,0
25,B-,3,50,22,81.7,13.2,1,0,0,0
30,B+,30,116,1,88.3,13.4,0,0,0,1
25,A+,22,47,0,74.5,13.7,0,0,0,1
40,A+,19,43,91,61.5,11.9,0,0,0,0
60,O+,25,179,11,68.4,13.9,0,0,0,1
18,B-,46,89,49,66.9,15.2,0,1,0,0
41,AB+,40,176,59,66.3,12.5,1,0,1,0
52,AB+,21,400,71,65.2,15.8,1,0,1,0
41,B-,1,116,102,57.4,13.1,0,1,0,0
34,B-,34,91,41,78.7,14.4,0,0,1,1
22,AB-,3,185,2,77.5,12.3,0,0,0,0
37,O+,11,44,13,68.3,16.2,0,0,0,1
38,B+,0,999,75,81.8,12.6,0,0,0,0
57,A-,34,93,46,74.5,14.0,0,0,1,1
48,B-,39,181,111,55.7,13.2,0,0,0,1
53,O+,28,88,26,64.1,13.7,0,1,0,0
28,AB+,47,87,4,84.3,13.9,0,0,0,1
32,O-,3,46,114,64.0,13.4,0,0,0,0
36,B-,31,19,117,60.4,13.1,0,0,0,0
24,A+,37,89,9,75.9,13.7,0,0,0,1
45,AB-,6,71,76,64.9,13.7,0,0,0,1
60,O+,22,115,67,74.2,14.2,0,0,1,1
22,AB-,44,78,3,67.6,14.3,0,0,0,1
22,B-,10,95,21,59.2,14.7,0,0,0,1
47,O+,13,365,18,60.4,14.4,0,0,1,1
49,A-,35,181,12,49.5,13.9,0,0,0,1
25,AB-,32,120,66,55.8,13.5,0,0,0,1
27,AB-,45,400,28,74.9,12.1,1,1,0,0
55,O+,10,17,84,81.3,14.0,0,0,0,0
49,B+,5,48,80,61.3,15.0,0,0,0,1
45,O+,15,95,95,52.9,13.0,0,0,0,1
34,O+,5,40,78,80.5,13.1,1,0,0,0
48,B+,10,120,27,80.8,15.2,0,1,0,1
25,AB+,41,115,13,76.0,15.6,0,0,0,1
57,A+,11,119,19,52.0,12.9,0,0,0,1
42,B-,37,118,76,73.7,16.6,0,0,0,1
26,B+,15,89,78,74.1,14.3,0,0,0,1
19,A-,24,89,6,77.9,14.8,0,0,1,0
32,B+,5,90,51,69.7,13.4,0,0,0,1
20,A-,1,123,105,59.7,14.1,0,0,0,1
53,AB-,42,96,55,63.6,14.3,0,0,0,1
21,A+,39,117,89,80.9,12.8,0,0,0,1
31,O+,1,60,25,72.2,15.6,0,0,0,0
58,B-,18,365,111,53.6,13.8,0,0,0,1
58,A-,34,96,51,86.8,13.2,0,0,1,1
42,AB+,33,89,18,80.7,12.5,0,0,0,1
27,B+,21,400,28,86.3,14.4,0,0,0,1
38,O+,40,95,82,80.5,14.1,0,0,0,1
53,O+,17,175,24,57.8,12.7,1,0,0,1
29,AB+,21,125,115,71.6,14.0,0,1,0,1
44,O-,44,96,28,74.6,14.3,0,0,0,1
57,AB-,2,26,23,53.2,13.4,1,0,1,0
19,B+,20,400,23,55.1,14.2,0,0,0,1
30,B-,19,89,79,76.2,13.8,0,0,0,1
49,A+,17,42,116,77.0,13.6,0,1,0,0
48,A-,38,89,94,94.1,12.7,0,0,0,1
33,O-,46,179,11,65.1,14.0,0,0,0,1
49,AB+,17,178,7,49.5,11.5,0,0,1,0
49,O-,8,116,100,66.3,15.4,0,0,0,1
51,O-,50,176,62,77.3,15.1,0,1,0,1
28,B+,0,730,1,64.0,12.7,0,0,0,0
27,A+,29,47,113,69.1,12.2,0,0,0,0
32,B-,24,115,39,60.9,15.1,1,0,0,1
34,B-,50,79,108,81.1,13.6,0,0,0,1
57,A+,8,22,39,76.2,13.9,0,0,0,0
35,O+,31,177,9,59.0,13.8,0,0,0,1
26,AB-,47,400,11,62.3,12.4,0,1,0,0
42,A+,4,176,71,60.5,14.7,0,0,0,1
57,A+,24,122,14,47.5,14.3,0,0,0,1
31,A+,42,184,90,59.6,13.8,0,0,0,1
42,A-,2,96,110,48.5,11.3,0,0,0,0
39,A+,12,175,32,78.3,14.4,0,0,0,1
47,A+,3,78,1,79.1,14.2,0,0,0,0
37,O+,28,117,120,64.7,13.7,0,1,0,1
38,AB+,17,49,37,70.3,14.9,0,0,0,1
49,O-,7,302,14,79.8,15.0,0,0,0,1
38,A-,25,183,7,76.6,14.2,0,1,0,0
52,AB+,36,181,3,90.1,12.1,0,1,1,0
49,O+,33,119,62,70.9,12.4,0,0,0,1
47,A+,26,400,35,84.0,13.0,0,0,0,1
56,A+,36,182,37,69.0,13.5,1,0,0,0
29,B+,47,90,39,66.7,14.7,0,0,1,1
58,A+,8,88,21,75.5,14.2,1,0,0,0
35,O+,8,45,80,74.1,13.6,0,1,0,0
38,B-,3,25,15,61.3,14.5,0,1,0,0
30,AB-,31,88,98,58.9,12.9,0,1,0,0
38,A+,10,121,56,68.8,14.5,0,0,0,1
25,O-,38,44,48,47.2,14.1,0,0,0,0
57,O+,27,181,73,64.6,14.4,1,0,0,0
24,O+,25,177,0,57.2,14.7,1,0,0,0
40,O+,35,88,84,61.7,13.7,0,0,0,1
49,B-,29,400,90,59.4,11.6,0,0,0,0
28,AB-,47,41,79,76.4,13.1,1,0,0,0
39,A-,24,120,48,72.9,14.7,0,1,0,1
39,A-,17,184,113,68.6,13.2,1,0,1,0
60,B-,16,76,7,63.8,13.1,1,0,1,0
42,B+,36,90,57,79.4,13.9,0,1,1,1
39,AB+,23,118,60,77.9,15.0,0,1,0,1
45,AB+,43,89,13,66.8,14.3,0,0,0,1
46,O-,16,93,115,82.9,15.7,0,0,0,1
30,B-,6,91,30,65.9,14.2,0,1,0,0
35,B-,9,70,43,70.3,14.2,0,1,0,0
19,A+,45,178,99,61.7,13.5,0,0,1,1
46,O+,6,79,101,63.7,12.1,0,0,0,0
38,O+,18,45,112,61.1,14.0,1,0,0,0
32,O+,44,122,91,75.6,13.8,0,0,0,1
44,A+,45,96,119,72.1,14.5,0,0,0,1
48,AB-,6,178,2,56.4,14.1,1,0,0,0
32,B+,32,179,55,74.2,14.1,0,0,0,1
40,AB+,37,400,0,87.7,15.0,0,0,0,1
41,O-,3,44,74,60.7,13.5,0,0,0,0
30,B+,28,184,79,60.1,14.7,0,0,0,1
39,O+,40,78,98,68.1,15.2,0,0,0,1
60,O-,17,91,66,83.2,13.2,0,0,1,1
54,O-,30,180,114,63.2,13.4,0,0,0,1
50,AB+,22,16,45,88.3,13.0,0,0,0,0
20,B-,4,121,18,56.4,12.3,1,0,0,0
36,B+,13,123,4,70.1,15.8,1,1,0,0
40,AB-,4,24,11,49.3,17.3,0,1,0,0
46,AB+,34,49,35,57.7,14.0,0,0,0,1
47,B-,13,115,7,65.7,13.4,0,0,0,1
56,O-,30,87,82,71.0,15.7,0,0,0,1
42,B+,15,76,99,81.6,14.5,0,0,0,1
54,O-,19,45,37,60.3,13.0,0,0,1,1
25,O+,29,94,11,72.6,12.8,0,0,0,1
59,A-,22,124,72,53.3,14.7,0,0,0,1
33,AB+,35,93,40,79.1,14.2,0,0,0,1
25,AB+,46,182,28,82.4,15.0,0,0,0,1
18,O-,34,400,41,79.4,14.6,0,0,0,1
22,A-,42,400,71,79.4,12.5,0,0,0,1
20,A-,9,21,78,67.0,12.9,0,0,0,0
18,O+,37,89,120,71.0,12.8,0,1,0,0
21,AB-,30,116,38,66.9,14.0,0,0,1,1
57,A-,23,184,79,67.5,13.7,0,0,0,1
52,B-,14,87,28,59.8,13.3,0,0,0,1
49,O+,3,119,51,71.1,13.5,0,0,0,1
59,B+,8,115,87,72.6,14.5,0,0,0,1
51,A-,6,299,64,78.8,13.6,0,0,0,1
60,B-,24,179,67,72.3,13.1,0,0,1,1
42,AB-,17,184,82,77.7,12.4,0,1,0,0
27,A-,22,184,110,59.8,12.8,0,0,0,1
38,B+,28,89,42,83.7,15.0,0,0,0,1
56,AB-,41,177,39,65.3,13.1,0,1,0,1
44,O+,34,40,10,45.5,15.8,0,0,0,0
44,A-,48,400,2,63.7,14.5,0,0,0,1
19,A-,25,183,33,74.3,12.9,1,0,0,0
58,O+,11,176,103,68.9,13.1,1,0,0,1
30,B+,29,91,61,46.6,11.5,0,0,0,0
26,A-,44,86,15,70.4,13.3,0,0,0,1
53,A-,32,122,15,69.4,15.9,0,0,0,1
39,AB-,12,71,41,57.3,15.6,0,0,0,1
59,AB-,32,400,116,74.2,15.6,0,0,0,1
43,AB-,49,73,70,66.5,14.5,0,0,0,1
29,A-,21,96,80,46.5,13.6,0,0,1,1
34,A-,18,95,32,75.6,13.9,0,0,0,1
31,A+,10,123,24,69.9,14.4,0,0,1,1
31,A-,21,95,60,84.6,13.8,0,1,0,1
51,B+,15,74,73,58.5,12.9,0,0,0,1
37,B+,8,124,90,65.4,13.7,0,0,0,1
28,B+,42,400,16,79.7,12.3,0,0,0,0
33,B-,46,17,111,57.9,14.5,0,0,1,0
48,B+,4,305,113,79.3,12.8,0,0,0,1
23,AB-,50,400,89,79.6,14.4,1,0,0,0
36,B-,17,117,8,71.5,12.6,0,0,1,1
54,B-,23,120,51,66.2,13.6,0,0,0,1
21,O-,0,730,80,60.9,14.1,0,0,0,0
21,A+,19,116,64,60.1,13.6,0,0,0,1
37,O-,42,89,70,71.4,14.5,0,0,0,1
27,AB-,26,400,22,42.0,14.3,0,0,0,0
41,A-,38,87,36,61.9,13.3,0,0,1,1
52,A+,3,42,59,60.4,13.2,0,0,0,0
43,AB+,13,41,41,57.1,13.1,0,1,0,0
54,A-,35,94,32,70.0,12.9,0,1,0,1
55,B+,40,94,59,51.8,16.1,0,0,0,1
38,O+,0,999,80,81.2,13.1,0,0,0,0
57,B+,39,179,64,78.0,15.0,0,1,0,1
56,B+,30,95,39,83.0,14.0,0,1,0,1
38,B-,5,117,53,62.2,13.4,0,0,0,1
27,A+,27,18,104,70.3,14.0,0,0,0,0
55,AB-,8,90,41,77.1,14.1,0,0,1,1
21,A-,35,80,86,66.6,11.9,0,0,0,0
37,O-,49,45,46,61.8,13.7,0,0,0,1
34,O-,12,46,105,69.3,13.8,0,0,1,1
24,B+,7,44,43,65.7,13.4,0,0,0,1
21,A-,40,176,112,56.2,11.5,0,0,0,1
46,AB+,50,89,119,42.0,13.4,1,0,0,0
31,O+,21,89,95,57.8,15.6,0,0,0,1
20,A+,11,122,15,42.0,14.4,0,0,0,1
41,O+,0,365,106,58.4,12.6,0,0,0,0
54,O+,37,88,66,83.6,14.8,0,0,1,1
33,A-,31,120,107,47.7,12.6,0,0,0,1
21,O-,8,295,12,72.9,14.1,0,0,1,1
41,O-,49,19,36,81.4,14.1,1,0,0,0
51,B-,35,16,12,50.7,13.4,0,0,0,0
47,B-,49,46,8,87.7,14.9,0,0,0,1
35,O-,17,43,91,67.2,14.6,0,0,0,1
36,O+,32,18,95,82.9,12.9,0,0,1,0
48,B-,20,175,4,71.0,13.5,0,0,1,1
36,B+,12,86,60,62.9,12.9,0,0,0,1
36,A-,32,400,22,42.0,13.2,0,0,0,0
39,A-,34,91,11,55.7,14.5,0,0,0,1
41,A-,42,400,99,75.5,13.8,0,0,0,1
29,O+,4,92,2,84.9,14.9,0,0,0,1
47,B+,6,25,62,52.5,12.1,0,0,0,0
55,AB-,42,92,87,67.3,14.1,0,0,0,1
48,B-,39,88,38,63.1,14.7,0,1,0,0
53,AB-,39,96,115,72.6,13.9,0,1,0,1
36,B-,22,15,23,69.0,12.3,0,0,0,0
53,A+,4,95,44,63.9,12.6,0,0,0,1
47,A+,41,72,30,75.0,14.8,0,0,0,1
50,O-,35,400,61,60.4,13.2,1,0,0,0
35,A+,44,90,34,68.1,12.9,0,0,0,1
45,A-,0,999,85,76.5,13.4,0,0,0,0
28,AB-,20,75,55,60.0,13.5,0,0,0,1
50,B+,35,123,83,64.1,15.1,0,0,0,1
34,B-,5,303,20,61.9,11.9,0,0,0,0
23,B+,2,25,52,73.0,14.4,0,0,0,0
21,B-,30,183,65,71.8,15.4,0,0,1,1
37,B-,19,175,28,62.3,14.8,0,0,0,1
44,O+,40,117,29,71.7,16.4,0,0,0,1
32,AB+,1,27,34,42.0,13.3,1,1,1,0
23,O+,3,96,22,77.2,14.8,0,0,0,1
31,B-,47,124,6,77.9,13.7,0,0,1,1
28,B+,12,365,21,62.4,13.2,0,0,0,1
56,AB-,26,182,92,60.2,11.4,0,0,0,1
26,A+,22,93,14,67.4,13.3,0,0,0,1
43,O-,47,400,8,58.0,15.0,0,0,0,1
33,B+,5,88,83,59.7,11.9,0,0,0,0
22,A+,48,77,62,71.4,16.1,0,0,0,1
27,A-,29,18,92,76.9,14.3,0,0,0,0
20,O-,36,400,112,71.5,12.6,0,0,0,1
30,A-,44,89,95,99.7,14.1,0,0,0,1
60,A-,26,87,44,81.7,14.6,0,0,0,1
47,A+,39,78,118,76.1,13.3,0,0,0,1
23,A-,18,73,35,75.7,13.1,1,0,0,0
34,O-,12,118,100,69.0,16.0,0,1,1,0
36,A-,13,118,114,73.6,13.4,0,0,1,1
59,AB+,5,181,73,70.2,13.6,0,0,0,1
52,AB+,42,179,110,79.6,15.3,0,0,0,1
43,AB+,30,47,24,64.9,13.7,0,0,0,1
22,AB+,8,301,65,64.3,14.6,1,0,0,0
46,A-,26,400,8,81.0,13.3,0,0,0,1
54,B-,49,71,10,62.9,13.0,0,0,1,0
37,AB-,46,116,74,57.6,14.2,0,0,0,1
38,A+,42,400,21,59.8,12.7,1,0,0,0
27,O+,27,124,118,76.2,14.2,0,0,0,1
22,O+,15,179,85,97.4,12.8,0,0,0,1
53,B+,13,116,115,58.2,14.2,0,0,0,1
23,O-,39,93,30,75.1,15.2,0,0,1,1
43,B+,28,15,107,69.7,11.6,0,0,0,0
21,AB-,16,183,99,80.4,13.3,1,0,1,0
56,A-,47,400,86,75.0,11.6,0,0,0,0
56,AB-,27,43,59,81.1,13.5,0,0,0,1
52,A+,2,30,64,71.2,14.2,0,0,0,0
18,O-,44,93,61,58.8,13.4,0,0,0,1
41,B-,24,95,111,60.5,11.4,0,0,0,1
53,B+,14,176,48,70.3,14.8,0,0,0,1
23,B-,24,47,108,73.1,12.2,0,0,0,0
58,B+,40,125,71,63.8,14.7,0,0,1,1
48,AB+,6,182,32,90.2,13.0,0,0,0,1
37,A-,20,115,47,78.4,12.8,0,0,0,1
41,A+,36,15,77,45.1,13.8,0,0,0,0
42,O+,26,182,62,66.6,15.0,0,0,0,1
53,B+,22,122,38,56.7,16.0,0,0,0,1
38,A-,42,16,2,89.0,13.3,0,0,0,0
47,O+,47,184,117,43.6,12.4,0,0,0,0
41,O+,29,400,47,72.6,14.2,0,0,0,1
59,AB+,27,90,94,69.4,12.3,0,0,0,1
47,A+,28,123,77,77.0,14.6,0,0,0,1
39,AB+,24,96,87,71.6,14.3,0,0,0,1
45,A-,4,175,109,90.8,15.3,1,0,0,0
24,AB+,17,43,85,78.1,15.0,0,0,1,1
52,A+,10,89,116,47.8,14.0,0,0,0,0
45,O+,16,46,78,83.4,13.8,0,0,1,1
31,A+,10,48,83,70.2,12.8,0,0,0,1
27,AB-,0,999,61,83.5,12.8,0,0,1,0
33,AB+,12,73,96,64.5,13.8,0,0,0,1
33,O-,25,95,117,56.3,12.6,0,0,0,1
48,B+,11,90,108,54.2,13.5,0,0,0,1
59,AB-,42,88,33,79.7,13.3,0,1,0,0
42,B-,36,46,32,76.8,14.5,0,0,0,1
30,AB-,6,179,66,61.5,13.8,1,0,0,0
23,AB+,49,88,92,42.0,14.9,0,0,0,0
26,AB-,42,125,47,80.1,13.5,0,0,0,1
53,A+,42,184,77,45.6,12.5,0,0,0,1
60,A+,32,185,79,91.9,14.4,0,1,1,0
37,O+,0,365,92,52.1,13.7,0,0,0,0
35,AB-,36,184,102,68.2,13.5,0,0,0,1
60,A-,41,177,53,70.5,13.3,0,0,0,1
38,AB-,26,400,73,72.0,13.8,0,0,0,1
21,O+,41,179,118,71.6,13.5,1,0,0,1
50,B+,39,44,116,69.4,14.4,0,0,0,1
44,O-,49,179,110,63.2,14.6,0,0,0,1
24,B-,31,400,102,65.5,13.4,0,0,0,1
23,AB-,34,400,5,60.8,16.0,0,0,0,1
32,AB+,10,365,89,69.3,13.2,0,0,0,1
35,B-,41,400,67,48.7,13.8,0,0,0,0
49,A+,5,301,0,71.5,12.0,0,0,0,0
28,A+,7,180,45,66.9,13.7,0,0,0,1
37,A+,10,78,15,77.3,13.6,0,0,0,1
41,AB+,8,49,15,64.7,13.7,0,0,0,0
32,AB+,37,93,94,74.6,14.9,0,0,0,1
24,B+,11,181,14,74.1,15.6,0,0,0,1
38,O+,34,72,24,66.5,15.0,0,0,0,1
59,B+,14,122,84,71.9,13.7,0,0,0,1
43,B-,37,185,78,53.2,14.0,1,0,0,0
31,O-,43,73,12,82.8,15.5,0,0,0,1
54,O+,7,95,56,62.0,12.7,0,0,0,1
38,O+,42,120,106,66.0,14.7,0,0,0,1
35,B+,42,96,44,56.4,12.8,0,0,0,1
22,A-,20,74,16,59.5,15.1,0,0,0,1
20,O-,0,730,52,86.1,13.7,0,0,0,0
40,O-,46,94,49,69.5,12.8,0,0,0,1
43,A-,4,77,119,64.7,13.1,0,1,0,0
54,A-,34,176,51,64.7,13.3,0,0,0,1
41,O+,19,125,66,68.0,14.8,0,0,0,1
36,O-,22,17,70,75.9,15.3,0,0,0,0
42,O+,49,177,31,70.1,13.4,0,0,1,1
38,O+,36,179,91,70.4,12.8,0,0,0,1
29,O-,6,16,85,57.8,16.0,0,0,0,0
58,B-,33,19,19,64.8,14.7,0,0,0,0
50,A-,24,181,62,69.7,12.9,0,0,0,1
21,A+,5,125,73,67.7,14.2,0,1,0,0
59,AB-,45,122,105,63.4,13.3,1,0,0,1
24,AB-,35,122,112,62.4,12.4,1,0,0,0
39,O+,34,95,115,72.8,13.5,1,0,0,1
50,AB-,15,71,4,73.1,12.3,0,0,0,0
34,O+,32,94,28,78.9,13.3,0,0,0,1
41,O+,1,125,56,70.2,13.4,0,0,0,1
51,B+,15,87,94,45.2,13.2,0,0,0,0
45,B+,39,90,89,93.9,14.8,0,0,0,1
60,A-,37,179,37,67.9,14.2,0,0,0,1
58,B+,7,76,108,63.5,13.1,1,0,0,0
56,B+,7,18,112,67.4,14.2,0,0,0,0
39,A-,10,120,55,63.6,15.2,1,1,0,0
34,A-,33,92,55,59.0,12.9,0,0,0,1
51,A+,35,90,3,74.8,12.4,0,0,0,1
23,B+,20,89,79,66.4,12.6,1,0,0,0
23,O+,1,35,108,67.0,14.2,0,0,0,0
51,B+,23,71,21,42.0,15.4,1,0,0,0
18,B+,44,21,87,65.5,14.7,0,0,0,0
27,O-,39,22,33,56.2,15.2,0,0,0,0
38,AB+,44,400,21,62.3,11.4,0,0,0,0
22,O-,30,120,97,70.6,12.9,0,1,0,1
19,O+,19,91,28,61.3,12.6,0,0,0,1
39,O-,46,400,11,62.8,14.4,1,0,0,0
19,B-,11,115,3,69.1,13.6,0,0,0,1
27,AB-,32,177,65,62.4,10.5,0,0,0,1
51,B-,18,48,119,56.4,14.6,0,1,0,0
33,A+,20,87,48,49.1,15.1,0,0,0,0
56,A+,40,117,74,71.7,16.0,0,0,0,1
39,A-,41,40,92,62.3,14.0,0,0,0,1
29,O-,32,95,100,49.7,14.5,0,0,0,1
41,B-,50,183,14,81.7,12.5,0,0,0,1
57,B-,6,78,90,71.7,12.0,0,0,0,0
55,B+,49,50,12,54.9,15.2,0,0,0,1
27,A-,14,176,9,60.2,14.4,0,0,0,1
52,AB-,35,47,45,79.5,15.2,0,1,0,0
49,B+,38,179,92,66.1,13.5,1,0,0,1
24,AB+,6,305,74,63.4,16.4,0,0,0,1
38,AB-,34,116,86,76.3,14.1,0,0,0,1
37,AB+,37,125,65,66.2,13.0,0,1,0,1
43,B+,25,176,55,81.5,13.5,0,0,0,1
21,A-,48,122,60,63.5,12.0,0,0,0,1
39,AB+,27,179,73,61.7,12.8,0,0,0,1
32,B-,37,400,118,68.2,13.4,0,0,0,1
57,A-,12,117,60,78.6,15.5,0,0,1,1
38,O-,1,121,107,70.7,13.7,0,0,0,1
32,A+,45,71,4,69.1,15.0,0,0,0,1
39,B-,36,121,70,59.1,13.7,0,0,0,1
45,B-,14,185,3,57.5,12.7,0,0,0,1
31,O-,48,25,31,78.6,14.4,0,0,0,0
44,A+,9,72,117,79.8,12.9,0,0,0,1
58,B+,14,179,3,79.4,13.4,0,1,0,0
57,O+,26,47,40,76.7,16.0,0,0,0,1
45,A+,11,92,0,72.9,14.5,0,0,0,1
43,A+,40,400,97,72.7,12.9,0,0,0,1
19,O+,33,181,27,69.5,14.6,0,0,0,1
42,AB+,6,86,75,74.2,12.8,0,0,0,1
20,AB+,22,80,47,67.5,11.9,0,0,0,0
25,AB+,42,124,101,74.2,15.0,0,0,0,1
50,A+,32,72,90,78.1,14.1,0,0,0,1
59,AB-,18,123,23,54.2,13.6,0,0,0,1
52,O-,45,70,48,80.1,12.0,0,0,0,0
23,B+,1,92,67,67.4,13.5,0,1,0,0
56,O+,4,300,63,84.0,14.0,0,0,0,1
40,B-,3,120,31,82.0,12.5,0,0,1,1
42,AB-,20,120,118,56.7,13.8,0,0,0,1
60,B-,15,42,66,68.0,15.5,0,0,0,1
36,AB-,1,96,70,47.5,14.0,0,0,1,0
22,A-,28,400,56,63.8,14.4,0,0,1,1
28,O+,18,71,99,71.9,13.3,0,0,0,1
29,O+,1,97,115,77.3,12.6,0,0,0,1
27,A-,48,15,111,68.8,13.2,0,0,0,0
25,AB-,15,121,84,72.9,15.0,0,0,0,1
41,A-,26,93,32,60.3,13.7,0,0,0,1
45,AB+,40,42,98,67.8,13.6,0,0,0,1
58,AB-,39,44,45,61.5,13.2,0,1,0,0
53,A+,50,123,119,71.1,12.4,0,0,0,1
54,O+,13,117,87,83.3,15.3,0,0,0,1
38,AB-,15,46,76,67.4,13.6,1,0,0,0
25,A-,18,119,77,52.9,13.2,0,1,0,1
26,B-,32,78,60,70.2,13.9,1,0,0,0
32,B-,46,86,105,75.8,13.2,0,0,1,1
57,AB-,9,119,101,57.9,14.1,0,0,0,1
35,B+,4,16,87,81.7,13.0,0,1,0,0
59,O-,39,400,65,61.4,13.9,1,1,1,0
37,B+,24,177,46,59.6,13.7,0,0,0,1
23,A-,30,176,120,48.4,15.8,0,0,0,1
29,B+,14,115,67,71.0,15.9,0,0,0,1
19,A-,2,99,30,88.0,14.7,0,0,0,1
24,O+,30,73,68,72.0,13.7,0,0,1,1
33,A-,38,178,10,59.9,14.7,0,0,0,1
20,O+,37,92,111,73.6,14.6,0,0,0,1
20,O-,30,400,49,76.8,13.3,0,0,0,1
44,A+,33,79,64,80.8,12.0,0,0,0,0
60,AB+,40,125,37,54.4,11.7,0,0,0,1
57,O-,30,96,5,85.1,13.7,0,0,0,1
55,B-,43,400,74,70.3,13.2,0,0,0,1
50,AB+,15,74,109,87.3,13.2,1,0,0,0
45,AB-,45,117,70,69.7,12.9,0,0,0,1
18,O-,19,87,20,74.3,12.9,0,1,0,0
25,A-,31,400,111,57.6,14.5,0,1,0,0
54,O-,33,90,54,78.8,10.5,0,0,1,1
49,B-,2,97,52,56.2,14.4,1,0,0,0
60,AB+,49,116,92,71.0,13.5,0,0,0,1
54,A+,10,123,45,63.3,15.4,0,0,0,1
21,B+,26,93,118,67.0,14.1,1,0,0,1
47,AB+,17,180,63,79.9,11.9,0,0,1,1
23,O-,4,79,60,64.1,11.7,0,0,0,0
36,A+,45,176,13,80.2,12.5,1,0,1,0
49,A+,3,179,73,63.5,14.1,0,0,0,1
26,O-,22,116,92,69.4,11.9,1,0,1,0
29,O-,33,179,10,91.6,13.9,0,0,0,1
28,B-,50,119,37,69.3,14.6,1,0,0,1
33,O+,50,70,91,67.2,13.2,0,0,0,1
18,O+,40,183,0,69.5,12.8,0,0,0,1
38,AB-,13,70,113,64.4,11.4,0,1,0,0
47,A+,12,92,86,57.0,15.5,0,0,0,1
30,B-,22,46,58,90.7,15.8,0,0,0,1
51,B+,10,182,108,63.5,15.1,0,0,0,1
21,O+,5,71,47,51.3,13.5,0,0,0,1
45,AB-,45,41,5,66.3,13.7,0,0,0,1
55,O+,18,184,93,71.9,14.6,1,0,0,0
48,AB+,3,70,82,65.7,14.0,0,0,1,0
44,AB-,9,298,81,67.5,10.4,0,0,0,0
22,AB+,39,120,46,66.2,14.8,0,0,0,1
42,B-,50,183,103,72.7,15.1,0,0,0,1
20,O+,34,87,44,77.0,15.0,0,0,0,1
50,A+,44,93,52,65.9,14.3,0,0,1,1
21,AB-,50,93,62,96.5,14.9,0,1,0,1
42,AB+,38,400,67,79.4,12.2,0,0,0,0
37,B-,25,117,43,67.9,13.7,0,0,0,1
51,B-,26,92,51,53.5,13.1,0,0,0,1
43,O+,5,93,46,69.3,15.4,0,0,0,1
22,B+,10,119,98,77.0,14.0,0,0,0,1
52,A-,29,400,19,77.0,13.6,0,0,0,1
45,O+,1,99,44,47.6,12.7,0,0,1,0
46,B+,32,88,51,69.3,12.6,0,0,0,1
26,B-,24,181,10,62.7,12.6,1,0,0,0
55,AB+,34,118,64,84.5,14.6,0,0,0,1
23,A+,17,19,71,69.4,14.5,0,0,0,0
36,AB+,32,124,59,42.9,14.1,0,0,0,1
28,O+,25,91,42,72.1,14.7,0,0,1,1
19,A-,42,118,88,46.6,12.9,0,0,1,1
26,O-,46,90,71,73.0,11.8,0,0,0,1
38,B+,36,79,28,96.5,14.6,0,0,0,1
41,A+,15,365,84,83.0,13.7,0,0,0,1
51,O+,21,119,29,70.8,14.7,0,1,0,1
39,O+,47,182,59,60.7,14.3,0,0,0,1
20,AB-,44,400,114,82.0,13.7,0,0,0,1
29,AB+,38,400,40,75.0,14.0,0,0,0,1
45,B-,29,400,26,65.1,15.3,0,0,1,1
47,AB+,23,400,28,62.1,13.5,0,0,1,1
43,AB-,3,115,34,58.0,14.6,0,0,0,1
38,O-,17,124,42,72.1,14.1,0,0,0,1
45,B-,25,400,31,63.4,12.0,1,0,0,0
43,AB-,20,400,23,69.8,12.4,0,0,0,0
50,A+,1,116,109,78.2,13.8,1,0,0,0
38,AB-,12,24,92,63.1,13.3,0,0,0,0
52,A-,39,48,77,75.1,12.8,0,0,0,1
51,A+,33,94,34,81.4,15.0,0,0,0,1
58,AB-,33,115,68,72.3,12.2,0,0,0,1
35,B+,26,117,68,75.7,13.6,0,0,0,1
28,AB-,17,93,37,72.4,12.8,0,0,0,1
40,A+,43,122,37,68.2,15.4,0,0,0,1
39,A+,42,123,3,77.2,16.6,0,0,0,1
34,B+,19,123,49,85.7,13.5,0,0,1,1
22,AB-,19,44,38,77.4,14.7,0,0,0,1
28,AB+,26,80,17,65.9,15.2,0,0,0,1
47,O-,9,300,16,66.2,14.8,0,0,0,1
32,A+,0,999,23,66.6,14.7,1,0,0,0
44,O+,7,118,34,78.4,11.8,0,0,0,1
52,B-,21,43,29,62.2,15.1,0,0,0,1
50,A+,15,48,8,56.7,14.2,0,0,1,0
37,B-,14,47,68,73.2,13.5,0,1,0,0
33,AB-,45,21,24,68.2,13.7,0,0,1,0
51,AB+,40,77,29,84.3,14.1,0,0,0,1
19,AB-,8,117,0,43.2,13.5,0,0,0,0
52,A+,29,181,7,70.3,13.4,0,0,0,1
57,B+,36,86,107,63.6,12.7,0,0,0,1
45,O+,43,120,117,76.9,14.4,0,0,0,1
56,AB-,18,121,58,64.9,13.6,0,0,0,1
23,AB-,22,94,114,61.7,12.9,1,0,0,1
26,O-,14,365,110,78.3,13.9,0,0,0,1
37,B-,8,95,32,82.1,13.8,0,0,0,1
18,A-,36,89,33,66.9,14.4,0,0,0,1
25,AB-,43,175,38,67.1,13.8,0,0,0,1
40,A-,45,16,25,82.0,14.5,0,0,0,0
20,A+,42,175,53,80.7,13.5,0,0,0,1
21,A+,36,45,48,79.3,13.6,0,0,0,1
42,A+,13,48,97,63.6,14.1,0,0,0,1
55,AB+,36,400,103,60.8,14.2,0,0,0,1
32,O+,22,185,53,86.0,15.1,0,0,0,1
38,B+,50,40,21,74.7,15.0,0,0,0,1
52,AB+,17,183,120,59.8,13.8,0,0,1,1
31,O+,1,121,97,66.8,12.2,0,0,0,0
53,B+,1,116,87,68.9,14.6,0,0,0,1
29,O-,32,400,63,66.8,14.4,0,0,1,1
34,O-,5,45,78,64.8,14.0,0,0,1,0
56,O-,36,400,77,81.5,14.7,0,0,0,1
26,AB+,22,79,38,73.8,13.4,0,0,0,1
52,A-,13,180,56,92.8,12.0,0,0,0,1
30,A-,36,86,99,82.1,12.8,0,0,0,1
32,O+,0,999,37,69.5,10.6,0,0,0,0
35,O-,5,90,31,83.6,14.3,0,0,0,1
50,O-,40,400,26,71.9,13.7,0,0,0,1
23,B-,4,47,19,94.6,14.7,1,0,0,0
44,AB-,31,400,28,64.5,14.6,0,0,0,1
40,A-,8,87,110,73.0,13.3,0,0,0,1
44,AB+,50,93,66,61.4,12.9,0,0,0,1
51,A-,29,80,70,63.8,12.9,0,0,0,1
55,O+,28,125,56,64.2,15.9,1,0,0,1
31,O-,38,116,32,81.6,13.6,0,0,0,1
53,B+,43,400,101,70.3,13.5,0,0,0,1
25,O+,13,89,115,42.0,14.1,0,0,0,0
52,AB+,12,124,5,69.0,12.1,0,0,0,1
36,B+,16,124,66,57.3,13.4,0,0,0,1
47,AB-,23,400,21,63.2,12.9,0,0,0,1
31,AB-,18,179,81,80.7,12.6,1,0,0,1
37,B+,33,119,68,53.2,13.5,1,1,0,0
42,O+,9,95,79,54.5,13.9,0,0,0,1
57,AB+,15,16,80,49.7,12.4,1,0,0,0
41,O+,25,90,71,63.7,13.4,0,0,0,1
31,AB-,31,77,38,49.4,13.9,0,0,1,0
43,B-,46,122,84,50.3,14.3,0,0,0,1
55,B-,38,177,78,65.5,13.5,0,0,0,1
40,B+,35,41,100,71.5,14.2,0,0,0,1
39,O-,26,121,19,58.0,13.4,0,0,0,1
36,A+,11,41,82,72.0,15.2,0,0,0,1
20,B+,17,40,70,69.2,14.4,0,0,0,1
59,AB-,12,86,12,73.9,13.1,0,0,1,0
36,AB-,29,76,25,56.6,13.3,0,0,0,1
26,A+,39,177,105,89.8,14.2,0,0,0,1
45,B-,41,78,27,55.5,13.2,0,0,0,1
37,A-,10,92,104,61.1,11.7,0,0,1,1
24,A-,28,86,115,73.7,14.1,0,0,0,1
31,A+,36,400,9,69.3,13.4,0,0,0,1
26,B+,12,15,38,77.3,14.5,0,0,0,0
36,B-,10,44,15,64.6,13.8,0,0,1,0
31,AB+,9,23,3,54.5,14.5,0,0,0,0
55,AB-,42,400,88,51.2,16.6,0,0,0,1
53,AB+,13,177,1,87.6,15.2,0,0,0,1
57,O-,11,79,33,64.7,13.4,0,0,0,1
34,A-,42,400,27,66.2,14.3,0,0,1,1
47,B+,14,87,62,87.8,13.9,0,0,0,1
26,AB-,23,184,100,62.6,14.1,0,0,0,1
50,B-,8,47,67,68.3,12.1,0,0,1,0
42,B+,44,185,36,56.6,15.0,0,0,0,1
31,AB-,17,89,5,53.6,11.3,0,0,0,0
28,O+,26,22,39,88.8,13.8,1,0,0,0
52,B-,39,116,65,88.9,11.9,0,0,0,1
58,O+,22,183,17,79.2,13.0,0,1,0,0
31,A+,42,93,49,78.9,14.0,0,0,0,1
47,O+,47,400,48,76.3,14.8,0,0,0,1
58,B+,40,177,60,59.9,14.9,0,1,0,1
21,A+,46,86,64,71.2,13.6,0,0,0,1
21,AB-,33,78,38,62.5,14.9,0,0,0,1
45,A+,32,178,56,42.0,13.7,0,0,0,1
25,A+,40,175,63,80.3,13.0,0,0,0,1
19,O-,6,121,64,74.1,14.2,0,1,0,0
58,A-,4,123,46,53.5,12.8,0,0,0,1
39,O+,16,91,58,64.0,13.7,0,0,0,1
58,A-,39,122,42,79.6,13.3,0,0,0,1
33,AB-,10,70,117,69.5,12.1,0,0,1,0
46,AB-,11,178,79,49.3,14.2,0,0,0,1
47,O-,19,365,73,54.7,14.0,0,0,0,1
29,O-,0,999,118,88.4,15.1,0,0,0,0
52,AB+,2,125,98,68.7,11.7,0,0,0,0
28,B+,15,49,54,79.6,13.0,0,0,0,1
38,B-,11,181,64,88.2,15.0,0,0,0,1
38,AB-,39,93,19,63.0,14.4,0,0,0,1
22,AB+,8,41,83,71.9,14.6,0,0,0,1
37,A-,24,115,14,46.4,15.4,0,0,0,1
54,B+,27,115,64,61.3,13.0,0,0,0,1
20,O+,41,87,97,74.3,12.8,0,0,0,1
50,B-,17,365,22,65.9,14.7,0,0,0,1
26,AB-,18,17,88,73.0,14.5,0,0,1,0
26,B-,13,117,15,78.2,13.7,0,0,0,1
21,AB+,40,400,60,74.2,13.6,0,0,0,1
52,O+,26,400,113,71.6,12.7,0,0,0,1
34,B+,48,118,100,70.1,15.5,0,0,1,1
51,AB-,37,87,47,61.7,16.0,0,0,0,1
41,O-,7,50,118,57.8,15.0,0,0,0,1
49,B-,34,400,77,82.9,14.5,0,0,0,1
18,B+,9,116,70,76.7,14.4,0,0,0,1
25,A+,15,94,29,59.3,14.2,1,0,0,1
40,AB-,8,119,80,68.7,11.9,0,0,0,1
57,A+,21,80,120,52.7,13.3,1,0,0,0
29,O+,47,124,104,62.7,14.7,0,0,0,1
29,B+,9,86,106,73.9,12.9,0,0,0,1
32,O-,17,96,62,70.9,14.0,0,0,0,1
58,B+,34,121,120,69.3,15.1,0,1,1,1
36,AB-,0,999,44,58.3,15.1,0,0,0,0
43,AB+,42,400,66,56.0,14.8,0,0,0,1
46,AB+,12,118,39,78.4,14.1,0,0,0,1
39,A-,39,400,113,86.6,14.7,0,0,0,1
57,A-,48,122,35,74.0,13.5,0,1,0,1
38,B+,25,400,108,66.1,15.7,0,0,0,1
55,O+,32,90,65,81.5,12.1,0,0,0,1
37,AB+,43,184,66,58.7,13.9,0,0,0,1
46,O-,46,115,104,79.6,13.3,0,0,0,1
21,O-,22,123,68,61.4,14.6,0,0,0,1
24,A-,46,15,16,62.0,13.4,1,0,0,0
45,AB-,44,179,88,64.3,16.5,0,0,0,1
45,O-,24,176,15,66.9,14.8,0,0,0,1
21,A-,47,118,13,78.1,12.7,0,0,0,1
39,B+,6,180,63,53.7,10.9,0,0,0,1
29,O+,33,116,74,61.4,12.5,0,0,0,1
20,B-,45,89,33,70.3,14.4,0,0,0,1
39,B-,34,86,118,74.1,13.5,0,0,1,1
19,AB-,24,116,66,49.2,13.2,0,0,0,1
41,B-,24,400,92,59.3,13.0,0,0,0,1
51,B-,29,400,3,48.8,14.7,0,1,0,0
44,A-,17,365,11,60.3,13.4,0,0,0,1
58,A-,36,180,6,63.2,13.3,0,0,1,1
18,O+,49,181,17,73.5,14.9,0,0,0,1
25,AB+,44,91,49,42.8,15.5,0,0,0,1
40,B-,30,92,60,75.2,12.6,0,0,0,1
55,O-,39,118,76,62.4,15.1,0,0,0,1
23,O-,10,96,54,64.3,13.7,0,0,0,1
39,A-,19,71,18,78.7,14.8,0,0,0,1
42,O-,6,120,42,82.8,14.5,0,0,0,1
35,B+,21,94,109,60.8,13.8,0,0,0,1
34,A+,34,91,31,60.7,13.9,0,0,0,1
29,O-,30,87,4,64.1,14.5,0,0,0,1
23,O+,23,87,120,60.7,12.6,0,1,0,0
43,A-,19,73,116,52.2,12.5,0,0,0,1
44,AB+,18,88,47,67.7,16.1,0,0,0,1
25,O-,38,76,38,60.7,15.1,0,0,0,1
36,B+,30,124,113,69.1,14.9,0,0,0,1
59,O+,23,74,23,86.8,13.6,0,0,0,1
18,AB+,1,62,7,66.8,12.0,1,1,0,0
46,B+,20,71,45,59.7,13.2,0,0,0,1
52,AB-,39,47,76,65.0,14.3,0,0,0,1
57,B-,8,16,38,69.4,15.1,0,0,0,0
31,A+,41,94,20,66.2,14.3,0,0,0,1
52,O+,49,125,30,61.8,14.3,0,0,0,1
37,A+,6,181,2,49.8,13.6,0,0,0,0
30,O-,43,90,5,75.0,14.5,0,0,0,1
55,O+,45,120,67,58.2,12.8,0,0,0,1
25,AB+,36,400,32,84.1,13.9,0,0,0,1
60,AB+,13,80,16,63.9,13.5,0,0,0,1
37,O+,32,400,65,62.3,15.4,0,0,0,1
50,AB-,50,72,3,62.8,10.7,0,0,0,0
43,A+,16,88,38,69.7,13.6,0,0,0,1
56,A+,16,365,48,58.5,14.1,0,0,0,1
38,B+,35,74,65,60.6,11.8,0,0,0,0
59,B+,14,96,103,74.8,14.6,0,0,0,1
60,A+,43,90,14,56.8,13.7,0,0,0,1
58,O+,14,19,43,74.0,12.8,0,0,0,0
26,B+,31,89,115,77.1,14.9,0,0,0,1
41,B-,13,177,96,75.3,13.0,0,0,0,1
54,B-,44,400,98,70.6,14.7,1,0,0,0
58,O-,47,87,44,48.2,14.0,1,0,0,0
34,O+,24,181,27,54.7,13.3,0,0,0,1
41,O+,39,21,97,53.1,12.7,0,0,0,0
38,B-,45,90,42,63.8,13.0,0,0,1,1
56,B+,1,124,13,68.3,14.8,0,0,0,1
58,O+,39,118,80,54.9,15.1,0,0,0,1
56,O+,44,119,115,66.1,14.6,0,0,0,1
30,A-,41,118,87,75.5,13.8,1,0,0,1
28,A+,24,46,69,57.0,14.6,1,0,0,0
36,O-,7,120,4,59.0,14.1,0,0,0,1
28,AB-,29,400,18,81.0,13.1,0,0,0,1
30,A-,20,79,34,57.8,12.8,0,0,0,1
18,O-,24,44,19,71.8,13.5,0,0,0,1
57,B-,23,122,24,81.6,13.1,0,0,0,1
36,AB+,49,21,54,55.0,13.9,0,0,1,0
29,A-,43,123,86,55.8,15.6,0,0,0,1
25,O+,10,89,86,65.5,14.1,0,0,0,1
25,A-,37,120,112,68.7,15.4,0,0,0,1
29,O-,13,119,96,60.9,13.8,0,0,0,1
50,B-,47,125,108,89.7,13.6,0,1,0,1
43,B+,29,88,37,73.9,12.1,0,0,0,0
56,O-,40,181,13,59.2,14.5,0,0,0,1
45,A+,43,117,10,53.0,13.1,1,0,0,0
22,B+,49,178,116,67.3,12.9,0,0,0,1
25,A-,45,400,51,72.8,12.7,0,0,0,1
42,B-,10,70,58,88.2,14.2,0,0,1,1
44,A-,0,730,70,68.8,13.2,0,0,1,0
40,O+,49,48,94,65.3,15.6,0,0,0,1
47,AB-,35,122,3,57.3,15.0,0,0,0,1
40,AB+,18,42,100,72.1,13.2,0,0,0,1
37,O-,0,999,76,79.2,11.2,0,0,0,0
35,A-,45,80,42,48.3,13.9,0,0,0,0
35,A+,47,25,39,68.8,13.5,0,0,1,0
19,B+,33,124,84,56.8,14.8,0,0,0,1
21,B+,5,19,61,53.1,13.8,1,0,0,0
47,B+,33,43,0,86.6,15.1,0,0,0,1
50,O-,43,400,116,77.8,14.3,0,0,0,1
53,B-,42,44,118,61.3,12.4,0,0,0,0
35,B+,47,77,51,66.2,13.0,0,0,1,1
54,B-,28,125,39,64.5,13.3,0,0,0,1
36,B-,48,72,97,55.6,13.6,0,0,0,1
45,B+,1,124,106,62.1,13.5,0,0,0,1
57,O-,44,116,50,76.6,14.6,0,0,1,1
37,O-,27,20,106,61.8,14.4,0,0,1,0
50,AB-,9,92,102,73.1,13.3,0,1,0,0
29,AB-,37,175,4,61.9,14.5,0,0,0,1
32,O-,30,88,88,55.0,12.5,0,0,1,1
58,A-,10,89,82,81.1,14.6,0,0,0,1
56,O+,29,48,104,44.6,14.8,0,0,0,0
19,AB-,10,86,76,87.6,14.1,0,0,0,1
46,AB-,4,118,18,79.0,14.4,0,0,0,1
58,AB+,28,400,117,70.0,14.5,0,0,0,1
27,AB+,48,400,83,63.1,15.0,0,0,0,1
19,O-,38,93,88,64.0,14.6,0,1,1,1
28,B+,45,45,29,70.2,15.1,0,0,0,1
30,A+,12,79,74,70.0,12.1,1,0,0,0
27,A+,4,302,4,57.4,13.9,0,0,0,1
31,B+,3,18,56,68.7,13.7,0,0,0,0
35,B+,11,122,31,70.8,14.0,0,0,0,1
26,AB-,41,120,110,64.7,14.8,0,0,0,1
56,O+,8,178,83,92.6,13.9,0,0,0,1
45,A-,16,118,46,66.5,13.9,0,0,0,1
20,B+,29,91,114,48.6,14.3,1,0,0,0
37,B-,7,20,100,56.9,12.1,1,0,0,0
23,O+,19,183,31,75.7,15.5,0,0,0,1
44,AB-,8,17,100,60.1,13.7,0,0,0,0
19,AB+,41,125,54,57.1,15.4,0,0,0,1
46,A+,46,118,7,83.3,12.9,0,1,0,1
55,A-,30,119,25,69.9,12.8,0,0,0,1
20,A+,39,78,64,61.4,13.5,0,0,0,1
33,AB+,32,181,24,42.0,13.8,0,1,0,0
47,AB+,33,183,67,74.8,13.2,1,0,0,0
57,A-,27,87,117,68.2,12.9,0,0,0,1
19,O-,1,55,40,82.3,14.2,0,1,0,0
34,AB-,21,90,106,56.0,15.4,0,0,0,1
58,AB-,47,71,46,63.9,15.6,0,0,0,1
29,A-,16,77,82,71.3,13.5,0,0,0,1
52,A-,49,123,107,81.8,12.6,0,0,0,1
60,O-,18,19,7,70.8,13.5,0,0,0,0
18,O+,19,87,28,60.2,15.7,0,0,0,1
32,A+,29,72,69,82.3,14.9,0,1,0,0
43,AB+,7,304,79,64.6,14.2,0,0,0,1
54,A-,35,87,111,70.0,13.3,0,0,1,1
38,AB+,10,76,113,76.3,14.8,0,0,0,1
48,B-,44,125,78,85.2,16.3,0,0,0,1
42,A-,5,89,115,72.1,13.6,0,0,0,1
40,O+,36,50,51,96.5,11.6,1,0,0,0
41,B-,49,184,96,67.0,12.7,0,0,1,1
55,B-,3,90,55,71.2,13.9,0,0,0,1
45,B-,19,120,12,61.2,13.6,1,0,0,0
38,A+,47,89,53,71.5,15.3,0,1,0,0
60,O+,36,88,111,71.3,13.1,0,0,0,1
35,AB+,31,93,59,79.5,13.6,0,0,0,1
53,AB+,50,184,86,72.9,13.1,0,1,0,1
52,AB+,30,72,100,62.2,14.7,0,0,1,1
26,A+,50,181,97,70.8,12.9,0,0,0,1
55,O-,50,400,116,60.6,13.5,0,0,1,1
47,B+,10,70,1,74.0,12.1,0,1,0,0
51,O-,24,400,43,61.8,13.2,0,0,0,1
49,O+,50,120,32,52.6,15.6,0,0,0,1
20,A+,20,177,120,55.6,15.8,0,0,0,1
20,B-,16,79,58,55.1,14.5,0,0,0,1
45,AB-,29,123,7,62.2,14.3,1,0,0,0
32,B+,35,178,87,58.7,13.1,0,0,0,1
58,A-,25,118,66,67.8,14.0,0,0,0,1
40,A+,36,88,46,63.7,14.0,1,1,0,0
57,A+,20,185,43,73.7,13.8,0,0,0,1
28,O-,33,175,91,72.2,14.7,0,0,0,1
49,O-,38,176,108,64.4,12.8,0,0,0,1
53,O-,35,185,64,81.7,16.6,0,0,0,1
50,A-,24,77,32,57.8,15.6,0,0,0,1
41,B-,11,20,67,79.1,12.9,0,0,0,0
56,AB+,18,92,64,69.7,13.9,0,0,0,1
51,A-,2,124,96,63.7,13.1,0,0,0,1
45,B+,37,400,42,80.4,14.5,0,1,0,0
54,B+,15,115,76,74.1,13.7,0,0,0,1
24,O+,25,124,98,56.2,11.7,1,0,0,0
21,O+,46,183,79,72.0,12.8,1,0,1,0
54,AB-,47,78,95,72.0,15.3,1,0,0,0
18,A-,47,177,120,79.1,13.6,0,0,0,1
18,AB-,36,184,33,74.4,13.5,0,0,0,1
37,O+,37,184,56,75.2,14.5,0,0,0,1
36,A+,49,96,92,63.1,14.8,0,0,0,1
46,AB-,3,76,8,65.7,13.7,0,0,0,0
27,AB-,45,116,21,65.2,11.4,0,0,0,1
35,AB-,49,400,113,50.4,12.9,0,0,0,1
45,B+,49,400,111,82.2,11.4,0,0,0,0
52,O+,31,122,102,55.7,12.3,1,0,0,0
60,AB-,25,400,60,71.0,13.9,0,0,0,1
48,B-,8,25,37,64.4,13.9,0,0,0,0
44,O-,46,120,31,65.4,15.2,1,0,0,1
28,AB+,40,115,88,75.5,13.8,1,0,0,1
55,A+,34,70,27,59.4,12.8,0,0,0,1
22,A+,34,122,13,73.0,15.1,0,0,0,1
25,AB+,47,46,85,73.1,15.7,0,0,0,1
51,A-,35,70,100,59.5,14.8,0,0,0,1
29,B+,43,48,9,78.0,13.7,0,1,0,0
55,O+,32,43,28,83.0,13.5,1,0,0,0
18,O-,19,179,85,90.3,12.5,0,0,1,1
48,AB+,3,115,74,65.1,12.9,0,0,0,1
21,A-,30,124,64,70.1,13.3,0,0,0,1
22,O+,0,730,116,70.8,12.3,0,0,0,0
47,A-,10,86,111,75.3,13.4,0,0,0,1
41,A+,1,27,66,87.2,13.5,0,0,0,0
20,A+,26,90,110,73.4,15.2,0,0,0,1
28,A+,5,118,64,73.7,12.0,0,0,0,1
21,AB+,5,89,13,56.0,14.0,0,0,1,0
43,B+,49,400,110,90.5,12.3,0,0,0,0
44,AB-,28,87,50,62.8,11.6,0,0,0,0
60,O-,12,175,88,42.0,13.3,0,0,0,1
44,AB-,32,120,71,43.0,13.8,0,0,1,1
59,B-,18,96,40,71.6,15.2,1,0,0,1
23,AB+,30,71,58,54.0,13.5,0,0,0,1
32,B+,37,74,96,68.6,13.2,0,0,0,1
47,B-,28,121,54,51.6,13.0,0,1,1,1
59,AB-,20,124,110,71.4,13.2,0,0,0,1
54,B-,28,44,34,74.2,9.9,0,0,0,0
54,AB-,3,43,115,69.9,12.9,0,0,0,0
59,O+,2,25,31,60.3,14.7,0,0,0,0
54,AB+,26,177,35,77.7,11.1,1,1,0,0
52,B+,33,185,82,63.6,13.3,0,0,0,1
40,AB+,40,87,110,65.9,13.5,0,0,0,1
23,O-,2,55,16,62.4,14.6,0,0,0,0
21,B-,12,45,72,65.1,13.9,0,0,0,1
35,A-,38,400,46,88.6,14.3,0,0,0,1
26,A+,10,88,66,67.9,13.0,0,0,0,1
46,A+,46,185,33,54.0,11.9,0,0,0,1
30,O+,13,89,73,57.4,13.2,0,0,0,1
34,O-,17,94,90,65.0,13.6,1,0,1,0
49,O-,24,86,112,59.3,15.1,1,0,0,0
39,A+,48,179,12,78.4,12.2,0,0,1,1
21,A+,40,180,105,52.4,16.1,0,0,0,1
22,B+,40,182,77,66.7,14.0,0,0,0,1
54,AB-,31,400,43,79.1,13.0,0,0,0,1
58,O+,36,50,49,61.1,12.9,1,0,0,0
30,O+,35,122,112,72.8,13.6,0,0,0,1
51,B-,42,121,67,67.6,13.7,0,0,1,1
39,AB+,41,86,43,67.7,13.8,0,0,0,1
40,A+,31,117,33,73.6,14.5,0,0,0,1
20,A+,8,19,100,47.6,13.1,1,0,0,0
59,O+,40,400,93,81.2,13.9,1,0,0,0
51,AB+,44,91,33,47.1,13.4,1,0,0,0
49,AB-,6,91,75,80.5,15.6,0,0,0,1
38,AB+,5,115,33,72.8,11.8,0,0,0,1
38,O-,15,78,14,73.2,16.2,0,0,0,1
28,AB+,1,365,82,85.8,12.8,0,0,0,1
56,B+,28,91,6,81.0,12.6,0,0,0,1
21,AB-,22,20,2,77.0,13.5,0,0,0,0
18,O+,6,124,16,64.8,14.0,0,0,1,1
45,A+,0,999,33,64.0,13.4,0,0,0,0
41,B+,37,75,16,77.3,14.5,0,0,0,1
52,O-,2,118,33,73.0,13.3,1,0,0,0
30,AB+,6,117,54,71.3,13.1,0,0,0,1
51,AB-,46,185,36,67.4,12.8,0,0,0,1
28,AB+,40,79,102,63.5,15.2,0,0,1,1
53,A-,30,72,72,52.7,14.2,0,0,0,1
34,AB-,45,88,41,75.1,12.5,0,0,1,1
52,AB+,48,86,95,66.0,13.3,0,0,0,1
35,A+,32,400,82,65.3,12.3,0,0,1,0
57,AB+,18,41,63,48.1,16.8,0,0,0,0
39,A+,29,115,12,69.0,14.0,0,0,1,1
41,AB-,31,181,74,53.0,11.6,0,0,0,1
36,B+,48,400,44,63.2,12.3,1,0,1,0
54,B+,15,91,114,76.7,12.4,1,0,0,0
56,AB+,31,76,39,68.7,14.1,0,0,1,1
38,O+,43,125,101,66.8,11.9,0,0,0,1
25,A-,3,116,53,60.0,12.3,0,0,0,0
45,A-,0,999,118,62.0,13.5,0,0,0,0
22,AB+,33,400,109,85.4,13.7,0,0,0,1
34,O+,13,88,68,76.6,13.2,0,0,0,1
54,AB-,19,47,90,62.9,13.3,0,0,0,1
53,A+,47,179,65,66.8,12.2,0,0,0,1
36,A+,22,179,6,70.7,14.3,0,0,0,1
44,A+,46,121,14,72.8,11.6,0,0,0,1
51,O+,31,96,69,67.7,13.6,0,0,0,1
28,O-,41,400,99,48.5,15.8,0,0,0,0
29,B+,6,79,48,67.7,13.4,0,0,0,1
38,A+,20,400,63,67.0,12.3,0,0,0,0
28,B+,40,119,62,90.6,13.7,0,0,0,1
56,O+,19,115,111,97.6,13.5,0,0,0,1
45,AB+,10,116,2,75.1,14.0,1,0,0,0
22,AB+,41,93,25,60.6,14.0,1,0,0,1
34,A+,15,183,99,75.5,14.9,0,0,0,1
37,B+,43,183,44,49.3,13.2,0,0,1,0
58,O+,20,49,49,62.1,12.9,0,0,0,1
29,O+,20,94,83,50.1,12.9,0,0,0,1
23,AB+,16,93,58,74.1,13.1,0,0,0,1
34,O+,21,70,67,54.7,14.1,0,1,0,0
36,B+,27,124,69,64.8,12.3,0,0,0,1
43,O+,20,91,35,67.5,12.8,0,0,1,1
49,A+,4,96,64,67.7,13.9,0,0,0,1
23,B-,16,41,52,62.8,15.1,0,0,0,1
53,AB+,4,177,69,71.7,12.8,0,0,0,1
55,A-,22,400,66,54.2,14.2,0,0,0,1
28,O+,35,19,75,87.1,13.6,0,0,0,0
50,A+,50,79,7,56.6,14.4,0,0,1,0
41,A-,2,181,46,68.4,13.9,1,0,0,0
40,B-,16,122,116,74.9,13.8,0,0,0,1
32,A-,25,184,16,75.5,16.6,0,0,0,1
44,O-,42,180,118,76.5,17.0,0,1,0,1
28,B-,4,78,77,50.5,13.5,0,0,0,0
34,A+,9,304,83,57.9,12.8,0,0,0,1
31,B-,46,184,10,69.5,14.1,0,1,0,0
44,B+,44,117,68,73.3,14.5,0,0,0,1
35,AB+,32,120,40,81.8,15.3,0,0,0,1
45,O+,49,120,97,62.3,11.3,0,0,0,1
21,AB-,11,119,20,58.0,13.3,0,0,0,1
24,B-,34,400,23,62.0,13.2,0,0,1,1
52,AB+,2,93,43,92.9,12.9,0,0,1,0
26,A+,37,93,32,84.5,12.2,0,0,0,1
25,A+,41,125,73,66.1,13.6,0,0,0,1
34,A+,23,86,26,82.1,14.6,0,0,0,1
34,A+,32,92,19,61.7,12.4,0,0,0,1
50,AB+,50,116,73,78.5,13.9,0,0,0,1
49,AB-,39,45,40,52.8,14.3,0,0,0,1
25,AB-,2,59,118,71.9,15.6,0,1,0,0
36,A-,15,24,23,79.2,14.5,0,0,0,0
55,O+,12,91,77,64.4,13.7,0,0,0,1
20,AB-,48,94,41,74.7,14.1,1,0,0,1
22,AB+,4,123,109,61.8,14.6,0,0,0,1
30,B-,5,176,76,71.3,13.9,0,1,0,0
48,AB-,43,77,35,62.7,14.7,0,0,0,1
33,O+,7,18,22,77.0,13.4,0,0,0,0
49,A-,13,19,56,54.1,15.1,0,0,0,0
39,O-,12,86,119,56.8,13.2,1,0,0,0
46,O-,31,95,51,82.4,13.0,0,0,0,1
39,B+,50,40,50,42.0,13.3,0,0,0,0
60,B+,40,400,119,60.9,12.7,0,0,0,1
20,B+,39,94,114,66.4,14.6,0,1,0,1
27,A+,9,90,111,71.9,12.1,1,0,0,0
59,A+,35,19,109,62.7,13.3,0,0,0,0
38,AB+,2,26,83,55.6,14.2,0,0,0,0
33,AB+,49,72,6,81.5,13.8,0,0,0,1
29,A+,12,365,90,79.6,13.8,0,0,0,1
19,O-,10,175,93,63.8,13.6,0,0,0,1
58,AB-,21,120,57,48.3,14.0,0,0,0,1
41,B-,47,400,25,71.4,12.7,0,0,0,1
52,B-,28,44,63,70.0,13.3,0,0,0,1
47,B+,38,400,96,60.7,13.5,1,0,1,0
47,A+,34,175,117,46.5,14.3,0,0,0,1
52,B+,3,118,75,65.0,14.8,0,0,0,1
36,O+,42,71,119,76.4,13.7,0,0,0,1
25,O-,9,46,39,78.1,14.6,0,0,0,1
43,B+,42,47,116,67.5,13.9,0,0,0,1
57,A-,28,400,48,61.1,13.7,0,0,0,1
24,A-,10,21,60,76.1,14.7,0,0,0,0
47,B+,16,365,0,55.5,12.2,0,0,0,0
24,B+,41,18,78,53.1,14.3,0,0,0,0
20,A-,50,24,99,67.0,13.0,0,0,0,0
18,B+,45,120,92,85.0,14.9,0,0,0,1
53,O+,18,17,118,85.4,13.1,0,0,1,0
42,A+,47,400,109,53.5,13.5,0,0,0,1
54,A+,5,297,15,63.2,12.1,0,0,0,0
18,O+,38,178,116,94.8,14.2,1,0,0,1
32,O+,37,400,9,60.4,13.3,0,0,0,1
54,AB-,19,94,54,85.8,13.2,0,0,0,1
30,AB-,50,400,76,78.7,13.8,0,0,1,1
57,AB-,5,18,19,81.1,12.0,0,0,0,0
25,O-,14,182,61,63.1,13.0,0,0,0,1
22,O-,25,24,7,63.4,13.6,0,0,0,0
26,A-,32,400,22,58.0,15.4,0,0,0,1
18,B+,42,183,113,76.8,14.0,0,0,0,1
53,O-,23,77,86,50.0,14.2,0,0,0,1
52,B+,50,179,120,66.2,13.9,0,1,0,1
19,A+,8,179,23,86.0,17.5,0,0,0,1
57,O+,22,88,13,74.5,14.8,0,0,0,1
40,O-,48,400,112,79.0,11.6,0,0,0,0
26,O+,26,89,62,49.9,14.0,0,0,0,0
51,B+,24,400,107,57.1,15.0,1,0,0,0
31,AB-,33,124,97,81.0,12.2,0,0,0,1
21,AB-,9,121,42,69.4,13.9,0,0,1,1
47,AB+,36,116,87,56.6,13.2,0,0,0,1
48,O+,41,96,110,74.9,12.9,0,0,0,1
55,AB-,17,24,27,62.1,15.3,0,0,0,0
28,B-,0,999,87,95.9,13.1,0,0,0,0
52,AB+,36,95,33,74.6,13.1,1,0,0,1
25,B-,24,91,102,57.9,12.8,0,1,1,1
20,O+,15,78,50,77.7,12.6,0,0,0,1
31,B-,16,15,28,85.8,13.2,1,0,1,0
30,AB-,2,119,119,67.9,13.1,1,0,0,0
49,A-,35,86,37,59.6,12.5,0,0,0,1
51,AB-,50,125,117,68.5,13.8,1,1,0,0
36,A+,45,122,34,61.3,11.0,0,0,0,1
55,O-,15,70,118,65.2,13.9,0,0,1,1
33,O-,13,41,104,52.7,14.9,1,0,0,0
19,AB+,25,74,37,77.6,13.2,0,0,0,1
57,O+,21,400,67,55.4,14.2,0,1,0,0
34,B-,39,96,96,74.7,13.5,0,0,0,1
51,O+,4,75,38,64.7,16.4,0,0,0,0
59,AB+,3,21,70,70.5,14.9,1,0,0,0
33,AB-,30,90,24,62.8,12.8,0,0,0,1
55,A-,10,79,15,70.2,15.2,0,0,0,1
19,O-,0,999,46,72.8,16.5,0,0,1,0
19,B-,28,78,35,64.1,13.6,0,0,0,1
43,A+,9,71,77,49.0,14.3,0,0,0,0
30,AB+,1,120,7,71.7,14.9,0,0,0,1
48,O-,44,122,4,72.3,12.6,0,0,1,1
51,AB-,21,115,80,52.2,11.8,0,0,0,1
56,AB+,50,115,120,57.2,14.0,0,0,0,1
20,AB-,5,41,36,64.2,12.9,0,0,0,1
25,A+,28,400,52,42.8,13.6,0,0,0,0
40,B-,33,116,94,75.8,14.9,0,0,0,1
31,B+,42,88,81,62.6,14.4,0,0,0,1
44,O+,12,178,12,71.2,14.4,0,0,0,1
46,B+,15,95,80,56.3,13.7,1,0,0,1
56,O-,1,35,76,90.2,13.1,0,0,1,0
56,B+,19,87,104,52.4,13.0,0,0,0,1
18,O-,42,400,36,62.5,15.7,0,0,0,1
34,B+,25,175,8,81.2,16.3,0,0,0,1
58,O+,36,89,22,55.4,15.0,0,1,0,0
47,A+,41,72,33,69.0,13.5,0,0,1,1
30,A+,14,182,26,74.9,12.6,0,0,0,1
38,A+,1,122,32,51.4,16.8,0,0,1,0
36,B+,37,400,18,60.6,14.3,0,0,0,1
36,B+,20,18,18,70.1,14.3,0,0,0,0
42,B-,32,89,108,73.0,13.1,0,0,0,1
39,O+,10,70,24,59.0,14.6,0,0,0,1
48,B-,20,184,78,88.2,13.6,0,0,0,1
34,AB+,31,180,13,73.3,12.6,0,1,0,1
40,B-,13,181,112,76.5,13.4,0,0,0,1
49,B-,44,400,90,75.9,14.2,0,0,0,1
27,B-,37,24,33,50.8,15.5,0,1,0,0
27,A-,37,47,58,66.7,12.1,1,0,0,0
53,AB-,28,124,71,67.8,12.4,0,1,0,0
25,B+,21,123,59,65.2,13.3,1,0,0,1
37,O+,14,79,15,70.3,12.8,0,0,0,1
49,O+,31,400,61,44.8,13.8,0,0,0,0
31,A-,11,76,102,69.4,13.3,0,0,0,1
45,O-,33,16,83,64.7,13.9,0,1,0,0
41,B-,16,175,33,44.7,14.0,1,0,0,0
32,A+,3,73,29,72.6,12.3,0,0,0,0
39,A-,0,999,77,55.0,13.6,0,0,1,0
47,A+,27,121,81,63.8,12.9,0,0,1,1
21,A-,21,400,17,65.2,15.1,0,0,0,1
30,B+,8,184,99,47.7,13.1,0,0,0,0
40,A-,12,116,26,48.9,13.3,0,0,0,1
25,O+,14,86,50,74.0,12.8,0,0,0,1
35,AB-,43,400,114,61.4,13.8,0,0,0,1
29,AB+,21,400,118,63.7,13.6,0,0,0,1
48,AB-,41,25,106,68.8,15.4,0,0,1,0
31,O-,6,21,113,48.7,13.8,0,0,0,0
51,O-,41,120,3,63.5,15.3,0,0,0,1
35,O+,13,96,79,66.8,15.5,0,0,0,1
51,AB+,15,41,46,87.4,13.4,0,1,0,0
28,AB-,3,303,9,57.9,13.6,0,0,0,1
58,O+,45,86,111,76.7,13.2,0,0,0,1
29,O-,8,297,19,68.0,12.4,0,0,0,0
32,B+,32,19,64,55.5,16.4,0,0,0,0
48,O+,9,91,68,61.0,13.2,0,0,0,1
46,AB+,48,87,92,77.5,12.8,0,0,0,1
43,O-,6,91,69,76.5,12.6,0,0,0,1
35,O+,47,43,15,62.3,13.1,0,0,0,1
49,O-,25,123,4,71.8,13.5,0,0,0,1
39,O+,9,93,109,56.6,15.2,0,0,1,1
55,AB-,28,177,40,66.1,15.8,0,0,0,1
34,AB-,17,44,59,63.3,11.5,1,0,0,0
40,AB-,26,184,94,78.2,15.5,0,0,0,1
41,B-,49,400,90,73.1,15.6,0,0,0,1
25,O-,7,24,105,60.6,13.1,0,0,0,0
58,B+,22,181,7,61.7,12.8,0,0,0,1
23,A-,12,88,58,67.7,14.4,0,0,1,1
22,O-,10,123,97,66.2,13.1,0,0,0,1
46,O-,41,77,47,64.9,15.4,0,0,0,1
45,O+,38,88,2,64.1,14.3,0,0,0,1
28,B-,43,90,16,83.2,13.0,0,0,0,1
18,O-,34,120,29,63.0,14.1,0,0,1,1
60,B-,42,94,73,71.3,13.9,0,0,0,1
36,O-,30,49,91,94.6,11.7,0,0,0,0
26,O+,0,365,40,58.7,12.7,0,0,0,0
44,B+,11,91,73,70.1,13.1,0,0,0,1
51,AB-,10,72,32,70.7,14.2,1,0,0,0
21,B-,21,96,13,67.9,14.4,1,0,0,1
53,O+,13,91,79,68.5,15.1,0,0,0,1
35,AB-,7,20,11,58.3,13.0,0,1,0,0
32,O-,14,43,110,71.9,12.2,0,0,0,0
30,O+,12,365,85,47.8,12.9,1,0,0,0
36,O+,29,72,13,87.8,13.0,0,0,0,1
23,O+,23,76,87,86.8,12.9,0,0,0,1
29,O-,17,118,108,64.4,13.8,0,0,0,1
54,AB-,37,115,120,79.6,14.6,0,1,0,1
34,O-,19,92,22,64.8,13.3,0,0,1,1
40,O-,15,120,98,68.1,14.4,0,0,0,1
43,B+,34,181,117,60.5,14.9,0,0,0,1
46,AB+,32,400,35,77.0,13.8,0,0,0,1
50,O+,38,50,21,61.6,12.5,0,0,0,1
44,A+,31,78,55,76.6,13.5,0,0,0,1
42,O+,36,124,53,67.5,14.9,0,0,0,1
27,A+,11,16,117,67.8,14.5,0,0,0,0
40,AB-,0,999,94,51.6,12.6,0,0,0,0
38,B-,8,45,18,68.7,15.1,0,0,0,0
38,AB-,2,175,48,55.4,13.4,0,0,0,1
60,O-,2,119,95,68.7,12.6,1,0,0,0
30,A+,33,400,118,89.3,13.8,0,0,0,1
54,B+,47,184,72,52.7,12.1,0,0,0,1
50,O+,39,22,76,66.4,14.5,0,0,1,0
41,A-,1,58,79,61.0,15.1,0,0,0,0
28,AB-,35,124,49,56.6,12.7,0,0,0,1
34,A-,6,21,66,59.3,13.6,0,0,0,0
21,B+,30,400,67,84.2,14.8,0,0,0,1
42,O+,34,124,27,87.1,12.3,0,0,0,1
47,O-,32,183,30,56.5,12.5,0,0,1,1
26,B-,19,71,35,72.4,13.5,0,0,0,1
38,A+,19,365,120,57.9,13.5,1,0,0,0
37,B+,29,73,90,60.5,13.9,0,0,0,1
36,AB-,15,365,49,45.5,13.7,0,0,0,1
36,O+,39,400,70,91.5,12.3,0,0,0,0
29,O+,44,72,103,80.1,12.0,0,0,0,0
54,B-,17,15,12,60.8,12.4,0,0,0,0
59,A-,28,90,36,71.1,14.4,0,0,0,1
34,AB-,11,120,49,63.6,14.8,0,0,1,1
54,AB+,47,115,47,78.4,13.7,0,1,0,1
56,O-,22,92,120,64.2,14.6,0,0,0,1
45,O+,30,182,93,65.9,13.1,0,0,0,1
58,AB-,0,365,30,60.7,13.4,1,0,0,0
52,O-,36,87,73,74.6,14.8,0,0,0,1
35,AB+,6,46,104,92.3,14.3,0,0,0,1
31,B+,41,93,84,64.9,14.0,0,0,0,1
52,B+,7,48,112,64.7,13.6,0,0,0,1
58,AB-,13,117,41,67.7,12.5,0,0,0,1
24,O+,16,71,99,70.9,13.9,1,0,0,0
58,A-,8,120,26,64.7,14.1,0,0,0,1
30,A+,41,400,54,63.7,16.2,0,1,0,0
35,B+,45,24,106,68.9,13.7,0,0,0,0
54,O+,1,365,19,48.7,13.4,0,0,0,0
30,AB+,35,400,13,62.0,14.1,0,0,1,1
53,B+,5,47,76,46.0,15.4,0,0,0,0
48,AB-,1,365,101,62.6,14.2,0,0,0,1
19,A-,48,49,23,57.6,13.6,0,0,0,1
33,B+,11,185,69,74.9,12.9,0,0,0,1
26,B-,11,89,9,59.9,12.9,0,0,0,1
26,B-,27,75,107,64.0,14.7,0,1,1,0
55,AB+,9,123,104,44.4,13.5,0,0,0,1
28,AB+,46,119,24,79.2,16.0,0,0,0,1
39,O+,6,182,39,56.0,13.9,0,0,0,1
50,A+,21,400,102,62.7,14.3,0,0,0,1
53,A-,7,88,20,76.6,13.2,0,0,0,0
40,B-,28,176,1,76.6,12.9,0,0,0,1
51,B-,49,122,65,55.8,14.6,0,0,0,1
26,B+,40,181,119,73.8,15.1,0,0,0,1
41,B+,21,24,86,55.4,12.7,0,0,0,0
25,O+,15,122,84,70.6,13.0,0,1,0,1
24,B+,5,301,97,59.4,13.1,0,0,0,1
53,B+,8,184,105,56.8,14.5,0,0,0,1
35,AB-,26,48,6,68.4,14.2,0,0,0,1
20,B-,43,120,51,60.0,13.7,0,0,0,1
45,O+,21,120,120,90.2,12.9,0,0,0,1
23,B+,35,118,98,61.2,15.6,0,0,1,1
38,B-,46,80,62,54.9,14.9,0,0,0,1
45,AB+,30,19,78,58.1,11.6,0,0,0,0
57,A+,41,90,71,67.8,14.7,0,0,0,1
18,B-,12,73,91,69.2,13.5,1,0,0,0
53,A+,7,49,80,71.4,13.1,0,0,0,1
38,A+,2,26,116,78.0,14.6,0,0,0,0
60,AB-,8,48,18,49.6,14.2,0,1,0,0
52,B-,36,400,71,78.5,13.9,0,0,0,1
30,O+,45,123,44,57.9,12.8,0,0,0,1
27,AB+,12,80,67,72.4,14.9,0,0,0,1
27,A+,7,95,98,86.9,12.4,0,1,0,0
30,A+,5,117,83,59.2,14.7,0,0,0,1
54,O+,18,125,88,58.8,13.9,0,0,1,1
55,B-,31,87,34,56.7,13.8,0,0,0,1
41,A-,3,182,116,64.3,13.2,0,0,0,1
19,A-,0,999,90,81.9,14.0,0,0,0,0
39,B+,40,93,101,55.7,12.3,1,0,0,0
34,B-,18,15,112,62.6,15.2,0,0,0,0
53,A-,23,95,45,78.7,13.4,0,0,0,1
31,B-,13,365,101,74.9,13.0,0,0,1,1
27,O+,6,183,56,62.5,13.6,0,0,0,1
52,AB-,18,90,88,65.7,13.4,0,0,0,1
42,O-,37,94,102,78.1,15.2,0,0,1,1
20,AB+,24,23,2,85.4,11.9,0,0,0,0
55,O-,25,184,49,86.7,13.7,0,0,0,1
34,AB-,21,177,38,83.2,15.5,0,0,0,1
29,B+,27,86,64,60.6,13.9,0,1,0,0
41,B+,28,87,43,88.0,14.0,0,0,0,1
46,B+,7,116,75,59.9,13.8,0,0,0,1
60,O-,13,80,25,49.8,13.1,0,0,0,0
42,O+,35,400,33,69.2,14.4,0,1,1,0
53,B-,3,23,82,84.2,13.6,0,0,0,0
43,O-,21,119,43,75.3,14.0,0,0,0,1
55,B+,6,302,74,67.2,14.4,0,0,0,1
18,A+,44,116,21,71.2,14.3,0,0,0,1
37,A-,10,74,82,73.9,13.9,0,0,0,1
45,AB+,47,87,15,69.6,14.8,0,0,1,1
33,A-,8,73,22,64.8,14.9,0,0,0,0
34,AB-,4,182,91,59.9,14.7,1,0,0,0
57,AB+,22,75,106,69.2,15.0,0,0,1,1
45,B-,7,21,39,66.7,15.3,0,0,0,0
29,O+,12,178,68,68.0,12.5,0,0,1,1
44,AB-,43,183,72,79.5,16.8,0,0,0,1
59,O+,11,122,24,65.3,14.0,0,0,0,1
47,AB-,9,48,13,65.7,13.5,0,0,0,0
58,B-,10,176,45,70.1,14.0,1,1,1,0
51,A+,40,185,30,96.9,12.2,0,0,0,1
54,A-,39,176,113,56.0,14.1,0,0,0,1
23,O-,0,999,86,80.0,12.9,0,0,0,0
24,O-,20,180,50,64.7,13.9,0,1,0,1
49,A+,8,86,56,67.3,14.0,0,0,0,1
49,O-,9,73,92,53.6,13.1,0,0,0,1
42,O-,13,184,95,88.7,11.8,0,0,0,1
50,O-,6,119,13,70.4,14.1,0,0,0,1
24,B-,17,121,103,75.2,13.8,0,0,0,1
29,O-,4,86,59,51.5,14.0,0,0,0,0
33,B-,10,365,87,60.9,13.3,0,0,1,1
33,O+,49,183,22,72.5,13.1,0,0,0,1
60,B-,20,116,113,66.2,13.6,1,0,0,1
53,B-,48,94,53,72.9,14.0,1,0,0,1
30,B-,39,18,14,91.1,14.5,0,0,0,0
24,AB-,4,115,57,73.6,12.9,0,0,0,1
53,A-,40,94,69,63.1,14.7,0,0,1,1
26,AB-,5,115,78,60.8,14.5,0,0,0,1
49,AB+,50,400,76,59.6,14.4,0,0,0,1
28,A+,43,70,14,63.3,15.8,0,0,0,1
25,A+,3,304,61,63.8,11.9,1,0,0,0
50,AB-,8,44,21,69.3,15.9,0,0,0,0
40,B+,19,119,95,73.8,13.1,0,0,0,1
42,O+,43,400,43,72.8,14.1,0,0,0,1
25,A+,1,94,17,69.5,13.8,1,0,0,0
39,A-,35,119,105,70.2,12.3,0,0,0,1
21,A-,46,400,120,95.9,14.4,0,0,1,1
57,O+,38,179,76,60.1,14.8,0,0,0,1
20,A-,24,178,90,67.6,14.3,0,0,0,1
46,A+,30,176,100,48.4,12.2,0,0,0,0
58,AB+,17,176,78,63.8,12.4,0,0,0,1
46,O+,6,48,101,58.1,13.0,0,1,0,0
51,O+,7,93,21,60.0,15.2,0,0,1,1
51,A-,19,365,81,55.0,13.9,0,0,0,1
45,AB-,45,90,107,53.1,11.6,1,0,0,0
30,B-,44,86,18,69.3,16.1,0,0,0,1
32,B+,29,93,89,75.8,15.5,0,0,0,1
40,AB+,49,183,103,59.5,12.6,0,0,0,1
43,B+,5,71,50,45.7,13.3,0,1,0,0
21,A+,39,185,75,69.2,13.5,0,0,1,1
43,O-,39,93,83,73.2,14.4,0,0,0,1
57,AB-,20,400,113,75.4,14.0,0,0,0,1
26,B+,2,64,89,56.8,13.1,0,0,1,0
22,B-,41,181,69,61.3,15.2,0,0,0,1
49,A+,13,121,6,55.8,15.7,0,0,0,1
37,B+,2,91,9,59.9,13.7,1,0,0,0
28,B-,46,181,61,59.3,13.2,0,0,0,1
32,AB+,39,122,98,62.4,15.6,0,0,0,1
49,B-,27,400,47,65.2,11.4,1,0,0,0
45,B+,36,88,25,69.3,12.8,0,0,0,1
39,A+,18,17,58,58.7,14.9,0,0,0,0
58,A-,3,119,25,66.5,15.3,0,0,0,1
34,A+,37,115,79,58.0,13.4,0,0,0,1
43,B-,0,999,12,48.7,16.3,0,0,1,0
24,A-,12,89,61,73.9,11.1,0,0,0,0
59,AB-,9,50,110,60.7,15.0,0,0,0,1
43,B-,30,123,93,48.9,13.9,0,0,0,1
42,AB-,9,77,40,74.2,13.3,0,1,1,0
27,A-,22,119,115,65.2,14.8,0,0,0,1
36,A+,7,18,22,73.0,13.4,0,0,0,0
28,A-,35,116,11,72.6,12.6,0,0,0,1
30,AB+,19,182,50,56.0,13.9,0,1,0,0
25,AB-,7,17,107,78.2,13.7,0,0,0,0
57,O-,31,117,34,47.8,12.9,0,0,0,1
21,B+,22,177,116,63.6,13.2,0,1,1,1
48,AB-,21,72,112,62.9,13.3,0,0,0,1
45,O-,47,400,40,59.5,12.0,0,0,1,0
28,O-,17,87,11,81.5,11.9,0,0,0,0
60,O-,22,90,115,71.3,14.8,0,0,0,1
18,O-,50,400,30,52.5,12.2,0,0,1,0
55,B+,49,15,16,54.1,13.8,0,0,0,0
41,B-,28,400,76,91.7,11.7,0,0,0,0
48,A-,43,44,44,62.8,15.5,0,0,0,1
58,O+,5,297,81,59.2,13.5,0,0,0,1
43,O+,2,61,19,80.7,15.0,0,0,0,0
22,A-,13,96,74,48.5,16.1,0,0,0,1
37,A-,33,16,104,83.3,12.4,0,0,0,0
58,B-,40,116,66,59.2,13.1,0,0,0,1
28,A-,11,125,65,73.7,14.8,0,0,0,1
50,B-,17,121,110,62.7,13.1,0,0,1,1
55,B+,50,116,90,50.7,14.1,0,0,0,1
44,O+,17,185,38,70.0,13.9,0,0,0,1
51,B-,10,119,13,78.4,11.2,0,0,0,1
32,AB+,19,78,71,42.2,14.8,0,0,0,0
49,O-,14,116,33,55.3,13.6,0,0,0,1
38,B-,28,400,10,81.6,12.5,0,0,0,1
22,B+,47,400,6,72.4,15.5,0,0,0,1
23,O+,41,400,113,73.1,13.0,0,0,0,1
55,A-,34,17,35,78.2,13.0,0,0,0,0
39,A+,50,400,37,73.1,11.8,0,0,0,0
35,AB-,40,400,27,69.6,14.5,0,0,0,1
31,AB+,22,121,29,80.3,13.8,1,0,0,1
27,B-,28,400,89,63.7,11.9,1,0,1,0
30,AB-,12,177,4,67.8,14.1,0,0,0,1
48,O+,31,17,66,77.1,14.7,1,0,1,0
47,B+,46,48,69,59.6,14.3,0,0,1,1
20,B-,24,95,24,83.7,15.3,0,0,0,1
47,A+,29,400,82,71.2,13.1,0,0,1,1
23,A+,31,70,11,55.4,15.7,1,0,0,0
46,AB-,35,90,23,65.9,13.8,0,0,0,1
25,O+,29,176,115,52.8,14.7,0,0,0,1
60,B-,10,20,29,68.9,15.2,0,1,0,0
50,O+,33,400,99,63.8,16.7,0,0,0,1
34,A-,26,15,22,58.5,12.6,0,0,0,0
28,O-,3,124,70,48.4,13.0,0,0,0,0
30,B-,20,119,63,59.3,14.0,0,0,0,1
28,O-,12,40,14,66.0,13.4,0,0,0,1
48,AB-,49,400,39,63.9,12.9,0,0,1,1
45,A+,36,47,86,52.4,12.1,0,0,1,0
23,AB+,2,26,41,68.2,13.9,0,0,0,0
58,A-,2,120,107,57.2,14.7,0,0,0,1
33,B+,3,181,22,78.1,14.2,0,0,1,0
21,B-,37,72,51,79.8,12.0,1,0,0,0
52,B+,27,47,117,65.2,12.0,0,0,0,0
43,A+,38,94,2,85.3,13.9,0,0,0,1
29,O-,46,91,108,66.4,13.5,0,0,0,1
28,AB+,30,96,93,53.7,13.5,0,0,0,1
54,AB-,24,175,51,81.0,13.5,0,0,0,1
42,A-,7,47,73,85.8,13.3,0,0,0,1
35,B+,33,91,78,78.9,14.0,0,0,1,1
36,AB+,3,184,53,59.6,15.0,1,0,0,0
40,AB-,43,181,43,54.4,12.8,0,0,0,1
55,O+,40,400,66,64.1,14.3,0,0,1,1
35,O-,29,121,6,95.2,13.9,0,1,0,1
43,O+,20,125,100,55.1,11.8,0,0,0,1
23,AB-,7,16,60,77.0,13.1,0,0,1,0
21,A-,13,365,75,67.0,13.8,0,0,0,1
46,O+,35,122,44,78.4,16.2,0,0,0,1
51,A+,38,400,83,54.1,13.0,0,0,0,1
34,O+,30,89,20,65.3,13.1,0,0,0,1
60,B+,21,176,47,58.1,14.3,0,0,0,1
60,A-,34,89,104,58.7,13.7,0,0,0,1
33,A+,48,400,89,76.1,12.4,0,0,0,0
19,A+,14,50,104,55.7,11.9,0,0,1,0
51,B-,28,20,66,71.2,11.8,0,0,1,0
25,B+,24,76,120,68.6,14.7,0,0,0,1
30,O-,23,73,13,57.5,12.7,0,1,0,0
59,AB-,10,96,17,59.9,16.4,1,0,1,0
25,AB-,13,125,97,71.7,13.2,0,0,0,1
47,B+,28,20,8,67.7,14.6,0,0,0,0
49,O+,48,122,65,68.4,12.5,0,0,0,1
53,A+,22,115,66,65.4,14.0,0,0,0,1
47,A+,2,25,33,64.7,15.4,0,1,0,0
18,B-,41,74,73,67.8,13.4,0,0,0,1
60,AB-,50,176,34,83.8,12.6,0,0,1,1
56,O-,1,65,60,73.8,13.4,0,0,0,0
34,AB-,41,117,26,66.6,13.6,0,0,0,1
37,O-,38,90,90,56.1,12.7,0,0,0,1
41,A-,25,400,54,63.4,15.6,0,0,0,1
39,AB-,46,115,57,57.9,13.8,0,0,0,1
46,B-,1,25,77,59.2,15.2,0,0,1,0
39,B-,23,89,53,47.4,15.0,0,1,0,0
26,A+,40,23,47,67.9,15.7,0,0,1,0
54,A-,35,79,97,90.7,12.4,0,0,0,0
27,A-,4,180,87,70.2,14.5,1,0,0,0
53,AB-,8,181,108,76.0,13.2,0,1,0,0
54,AB-,18,95,52,78.6,13.6,0,0,0,1
45,AB-,9,122,61,64.8,12.6,0,0,0,1
45,B-,10,182,82,65.6,16.4,0,0,0,1
59,B-,49,72,59,52.6,13.0,0,0,0,1
60,A-,32,22,57,70.2,14.5,0,1,1,0
38,B-,43,124,68,68.6,12.4,0,0,0,1
41,AB+,10,74,4,58.6,13.5,0,0,0,1
59,O+,4,120,29,80.6,15.0,0,0,0,1
57,B+,18,125,22,59.5,14.2,0,0,0,1
19,AB-,27,87,38,99.3,12.8,0,0,0,1
25,AB-,18,88,60,72.4,13.0,0,0,0,1
44,B-,6,93,8,67.8,14.0,0,0,0,1
39,A+,15,90,70,89.3,13.8,0,0,0,1
54,O+,9,23,95,42.9,12.4,0,0,0,0
44,AB+,39,122,38,64.9,13.4,0,0,0,1
46,B+,42,95,9,63.2,13.6,0,0,0,1
20,B+,38,80,26,66.0,14.4,0,1,0,0
30,O-,27,400,65,70.5,14.9,0,0,0,1
27,O+,1,60,45,65.7,14.5,0,1,1,0
53,AB-,34,124,5,83.4,14.2,0,0,0,1
26,B+,32,125,93,72.8,14.2,0,0,0,1
44,B-,32,124,5,73.3,14.3,0,0,0,1
51,A+,15,74,26,73.1,14.9,0,0,0,1
18,AB-,20,400,82,53.8,15.7,0,1,0,0
49,O+,29,76,111,70.2,12.7,0,0,1,1
42,A+,9,175,102,70.6,13.3,0,1,0,0
46,B-,49,180,2,55.6,14.9,0,1,1,0
24,AB-,36,124,16,77.7,12.7,0,0,0,1
20,AB+,50,123,19,45.6,12.4,0,0,0,0
37,AB+,13,176,43,95.7,13.1,0,0,0,1
37,AB+,10,365,20,67.6,13.9,0,0,0,1
47,AB+,10,177,48,58.6,13.3,0,0,1,1
52,O-,38,119,90,74.8,14.2,0,0,0,1
52,AB+,29,95,44,74.9,13.5,0,0,0,1
56,O+,1,97,97,90.5,13.4,0,0,0,1
44,AB-,8,183,38,87.6,12.0,0,0,0,0
43,O+,8,86,46,53.4,14.5,0,0,0,1
31,A+,28,184,9,65.0,14.5,1,0,0,0
34,AB+,43,120,39,58.0,13.6,0,0,0,1
35,B+,6,179,45,76.2,14.0,0,0,0,1
46,A+,27,73,0,83.6,14.0,0,0,0,1
37,A+,49,40,115,53.5,15.0,0,0,0,1
44,AB-,10,91,49,67.3,14.0,1,0,0,1
35,O-,10,87,79,61.0,12.3,0,0,0,0
21,B-,28,121,73,77.3,15.9,0,0,0,1
18,O+,5,302,32,72.5,15.2,0,0,0,1
18,O+,16,365,50,80.9,13.9,1,0,0,0
43,O+,37,18,120,63.4,14.0,0,0,0,0
37,O+,35,94,30,66.7,14.1,0,0,0,1
40,B+,10,75,39,72.3,13.0,0,1,0,0
27,B+,3,80,30,65.0,15.0,0,0,0,0
28,A-,8,176,23,71.3,14.9,0,0,0,1
58,O-,6,184,105,82.0,13.7,1,0,0,0
58,O-,40,74,50,91.5,14.5,0,0,0,1
22,A+,45,75,14,62.6,14.9,0,0,0,1
18,A+,14,44,77,91.6,14.0,0,0,1,1
34,A+,6,299,31,62.5,12.7,0,0,0,1
39,B+,10,183,61,77.6,14.6,0,0,0,1
51,B+,45,88,34,62.6,13.9,0,0,0,1
58,O-,32,86,77,56.7,12.6,0,0,0,1
46,AB-,2,120,17,81.4,14.9,0,0,0,1
21,AB+,10,182,30,67.5,14.1,0,1,0,0
22,B-,33,400,15,82.1,13.5,1,0,0,0
28,AB-,14,74,10,76.3,16.1,0,0,0,1
38,AB-,15,121,52,72.5,13.2,0,0,0,1
52,A+,39,49,92,74.1,12.8,1,0,0,0
29,O+,10,93,45,80.0,14.0,0,1,0,1
43,O+,18,50,38,78.2,13.6,0,0,0,1
36,A+,40,41,119,63.6,13.2,0,0,1,1
24,AB-,23,86,116,72.7,15.3,0,0,1,1
24,AB-,22,95,14,84.5,12.6,0,0,0,1
43,B-,20,115,31,68.5,14.1,0,0,0,1
57,B+,20,49,36,62.6,13.9,0,0,1,1
22,B+,24,115,59,61.2,13.8,0,0,0,1
38,O-,29,123,12,77.3,15.1,0,0,1,1
31,B-,25,78,31,65.4,16.1,0,0,0,1
21,A+,23,180,111,72.0,13.8,0,0,1,1
40,B+,3,182,117,64.8,14.8,0,0,0,1
59,B-,10,119,19,80.9,13.8,1,0,1,0
37,AB+,23,175,66,69.7,13.9,0,0,0,1
32,AB+,9,184,28,83.7,14.3,0,0,0,1
46,A+,0,999,35,83.3,14.0,1,0,0,0
25,O+,41,96,57,67.0,12.8,0,0,0,1
58,B-,32,400,52,82.7,15.3,1,0,0,0
36,AB-,23,89,70,64.3,14.3,0,0,1,1
56,AB-,16,176,117,70.9,13.7,1,0,0,1
45,O-,25,400,68,59.4,13.1,0,0,0,1
44,O+,2,62,92,74.5,14.1,0,0,0,0
21,AB-,43,87,94,71.3,13.5,0,0,1,1
32,AB-,41,181,85,73.7,14.0,0,0,0,1
52,AB-,28,76,96,53.0,13.6,0,0,0,1
54,AB+,5,185,73,46.1,12.9,0,0,0,0
18,B+,10,125,55,55.5,15.6,0,0,0,1
20,AB-,43,23,19,73.5,12.8,0,0,0,0
41,AB+,45,116,106,75.4,12.9,0,0,0,1
44,AB+,12,41,2,80.4,14.5,0,0,0,1
57,AB+,36,91,111,63.6,14.1,0,0,0,1
53,A-,25,400,110,70.3,14.5,0,0,0,1
51,AB-,45,177,81,60.3,14.4,0,0,0,1
46,AB-,37,400,54,83.0,13.0,0,0,0,1
41,AB-,23,23,66,60.2,14.5,0,0,0,0
41,O-,38,44,113,81.0,13.1,0,0,0,1
59,AB-,26,91,8,65.2,15.0,1,0,0,0
21,AB+,12,47,49,85.3,12.7,1,1,1,0
20,O-,14,176,102,70.0,12.9,0,0,0,1
51,B+,2,63,68,69.8,13.0,0,0,0,0
40,O-,48,120,42,59.7,14.1,0,0,0,1
40,AB-,20,178,117,91.8,13.7,0,0,1,1
22,O+,38,116,33,78.9,13.9,0,0,0,1
48,B+,4,43,54,73.6,13.7,0,0,0,0
58,O+,40,90,113,70.6,13.7,0,0,0,1
23,O+,45,122,108,60.7,13.3,0,0,0,1
54,AB-,32,125,52,75.4,12.1,0,0,1,1
27,O+,7,20,112,67.3,12.3,0,0,0,0
57,B+,40,400,12,68.6,12.9,0,0,0,1
24,AB+,8,15,56,77.8,13.4,0,1,0,0
56,B+,3,94,60,71.1,15.4,0,0,0,1
55,AB+,19,365,102,68.2,12.7,0,0,0,1
38,O-,8,79,18,83.8,12.6,0,0,0,0
37,A-,1,35,77,59.0,11.8,0,0,0,0
20,A+,8,177,83,49.8,14.4,0,0,0,1
39,A+,31,72,63,59.2,13.6,1,0,1,0
21,B+,13,42,63,69.7,12.4,0,1,1,0
45,B-,4,296,73,75.6,13.8,0,0,0,1
29,O-,20,72,44,59.8,13.2,0,0,0,1
55,B+,6,119,113,105.0,15.2,0,0,0,1
53,AB+,28,179,94,70.0,13.1,0,0,0,1
58,AB+,48,42,102,69.7,15.7,0,0,0,1
22,A+,12,46,55,53.8,14.0,1,0,0,0
30,AB-,29,185,48,52.1,13.4,0,0,0,1
40,B+,11,365,27,48.4,13.5,1,0,0,0
47,O+,44,50,56,83.1,14.1,0,0,0,1
54,O+,41,73,93,81.3,13.5,0,0,0,1
42,A-,49,42,14,68.0,12.8,0,0,0,1
44,B+,1,93,85,54.6,14.5,0,0,0,1
31,B-,13,96,54,64.9,14.9,0,0,0,1
53,A-,41,182,102,83.6,14.9,0,0,0,1
56,A+,26,185,84,62.5,13.6,0,0,0,1
33,O-,20,179,49,58.1,15.0,0,0,1,1
39,O-,15,25,71,63.8,14.1,1,0,0,0
38,AB+,47,125,35,64.8,13.5,0,0,0,1
38,B+,17,93,106,76.1,13.2,0,1,0,1
25,A+,21,86,93,43.7,14.8,0,0,0,0
33,A-,15,125,99,69.9,11.9,0,0,0,1
48,AB+,23,73,43,60.3,15.3,0,1,1,0
59,AB-,0,999,42,62.1,13.9,0,1,0,0
27,B-,43,93,119,76.3,13.1,1,0,0,1
49,A-,2,365,59,53.7,13.0,0,0,1,0
51,A+,22,120,45,70.0,13.3,0,0,0,1
26,B+,9,121,77,73.3,14.6,0,0,0,1
34,AB-,48,184,51,74.4,14.1,0,0,0,1
28,A-,21,400,40,75.8,13.3,0,0,1,1
49,A+,43,120,106,74.3,13.2,0,0,0,1
27,B+,3,18,31,75.9,14.1,0,0,0,0
39,A+,45,184,34,58.3,16.8,0,0,0,1
34,AB-,50,96,85,83.0,16.8,0,0,0,1
21,A+,46,178,48,55.0,15.0,0,0,0,1
42,O-,45,115,27,72.1,12.9,0,0,0,1
38,B-,20,25,115,60.5,14.6,0,0,1,0
54,AB+,26,41,18,49.1,13.0,1,0,1,0
55,AB-,39,50,66,61.7,13.5,0,0,0,1
18,B-,33,122,51,66.7,15.3,0,0,0,1
42,A-,26,184,21,83.3,13.5,0,0,1,1
53,O+,13,87,108,88.0,13.5,0,0,0,1
34,O+,46,117,54,66.6,13.2,1,0,0,1
58,B+,4,177,68,52.7,12.9,1,0,0,0
41,AB+,43,185,80,53.6,13.5,0,0,0,1
19,A+,1,31,118,76.5,14.6,0,0,0,0
57,B+,30,15,35,75.8,14.5,1,0,0,0
32,B+,47,119,15,61.3,14.1,0,0,1,1
49,AB-,34,175,73,55.1,15.1,0,0,0,1
56,AB-,26,179,111,78.9,11.9,0,0,0,1
23,AB-,28,400,46,54.5,13.9,1,0,0,0
18,AB+,27,75,103,63.1,13.0,0,0,1,1
40,B-,29,15,103,73.2,16.0,1,0,1,0
56,AB-,28,184,89,46.0,13.5,0,0,1,0
34,AB+,40,90,44,78.5,14.6,0,0,1,1
51,O-,36,19,98,94.2,14.9,0,0,1,0
58,A-,34,45,44,69.3,13.4,0,0,1,1
46,A+,47,21,23,67.6,14.8,0,0,0,0
26,AB+,28,400,74,68.5,14.9,0,0,0,1
30,A-,24,45,36,70.5,14.7,0,0,1,1
23,O+,19,87,21,60.0,13.2,1,1,0,0
23,O+,20,80,6,55.6,12.2,0,0,1,0
37,A+,34,118,42,64.1,16.2,0,0,0,1
20,B+,17,87,50,69.7,13.5,0,0,0,1
34,O+,13,179,30,57.0,14.9,1,0,1,0
29,A+,39,96,1,53.2,13.3,0,0,0,1
18,A-,42,90,81,63.2,16.1,0,0,0,1
34,AB+,25,181,30,53.3,13.3,0,0,0,1
20,O-,38,92,80,75.4,13.9,0,0,0,1
43,AB+,1,35,38,42.0,16.4,0,0,0,0
32,AB+,24,185,44,55.2,12.0,0,0,0,1
53,B-,20,400,82,83.5,15.1,0,0,1,1
49,O-,29,182,41,65.6,13.8,0,0,0,1
49,O+,36,183,41,70.0,14.6,0,0,0,1
21,A-,20,183,63,66.6,13.4,0,0,0,1
35,O-,40,124,90,61.1,15.6,0,0,0,1
36,O-,8,96,90,80.0,12.9,1,0,1,0
60,A-,33,123,3,61.7,13.8,0,0,0,1
52,A+,7,298,92,58.9,14.8,0,1,0,0
57,AB+,10,115,60,75.2,12.9,0,0,0,1
31,B-,5,42,54,46.8,13.9,0,0,0,0
50,A-,11,119,32,64.9,12.7,0,0,0,1
31,A-,2,92,53,62.3,13.4,1,0,0,0
51,B-,30,116,45,64.7,16.7,0,0,1,1
21,AB+,13,116,37,62.6,15.3,0,0,0,1
41,AB-,16,184,10,72.1,14.5,0,0,0,1
46,O-,5,70,119,80.1,14.2,0,0,1,0
36,O+,32,24,104,73.1,12.1,0,0,0,0
23,A+,37,90,86,64.3,13.6,0,0,0,1
50,O-,29,87,51,74.9,14.8,0,0,0,1
57,AB-,22,181,110,76.2,13.3,0,0,0,1
36,O-,19,22,78,72.0,14.2,0,0,0,0
18,B+,16,42,99,79.5,12.7,0,0,0,1
22,AB-,40,20,60,42.2,12.6,0,0,0,0
44,A-,13,73,72,68.3,16.3,0,0,0,1
33,AB+,12,17,8,71.4,16.1,0,0,0,0
23,O+,6,90,27,51.7,13.7,0,0,1,1
57,A-,19,123,86,70.4,12.9,0,1,0,1
30,AB-,28,91,1,78.1,12.8,0,0,0,1
52,B+,9,88,4,65.5,14.2,0,0,1,0
36,A-,29,121,30,75.2,15.9,0,0,0,1
29,AB+,23,70,45,79.3,13.0,0,0,0,1
33,AB-,1,365,70,82.8,14.0,0,0,0,1
60,AB+,39,94,93,80.8,14.0,0,0,0,1
27,A+,9,176,79,83.0,15.6,1,0,0,0
42,O-,16,184,108,62.5,14.1,0,1,0,0
37,B-,42,91,95,63.7,12.3,0,0,1,1
48,O-,37,94,68,42.0,14.6,0,0,0,1
21,B-,36,125,109,56.3,14.0,0,0,0,1
40,AB-,35,22,11,81.4,12.8,0,0,0,0
19,O-,24,87,77,61.3,15.0,0,0,1,1
39,O+,31,179,5,72.4,13.5,1,0,0,0
54,O-,46,72,4,70.6,14.2,0,0,0,1
25,AB-,16,79,41,81.6,14.0,0,0,1,1
24,O+,33,92,90,45.8,13.5,0,0,0,1
31,AB-,26,72,25,71.9,12.9,0,0,0,1
20,O-,33,124,86,71.7,14.4,0,0,0,1
33,O+,41,94,1,58.6,12.5,0,1,0,1
36,O+,38,49,43,78.6,14.8,0,0,1,1
35,B+,35,86,48,52.6,12.9,0,0,1,1
33,AB+,36,179,12,79.7,12.5,0,0,0,1
25,O+,39,95,15,44.3,15.3,0,0,1,1
50,A-,47,15,56,58.0,13.9,0,0,1,0
29,B+,43,24,18,66.5,11.7,0,0,0,0
28,AB+,25,125,92,70.4,13.8,0,0,1,1
22,B+,14,177,48,47.5,14.5,1,0,0,0
44,AB+,7,75,25,79.5,14.5,0,0,1,0
29,A+,6,46,5,76.3,12.9,0,0,0,0
34,B-,42,122,29,88.9,13.1,0,0,0,1
23,B-,42,93,34,75.7,14.0,0,0,0,1
50,A-,2,115,52,59.9,14.9,0,0,1,0
22,AB-,25,75,81,56.2,12.4,1,0,0,0
45,A+,23,179,118,63.4,12.4,0,0,0,1
31,A-,0,365,39,92.0,15.3,0,0,0,0
22,O+,23,87,56,68.5,15.1,0,0,0,1
50,AB+,19,184,44,69.0,12.8,0,0,0,1
58,A+,28,400,5,83.2,13.4,1,0,0,0
36,B-,27,118,89,55.2,16.1,0,0,0,1
39,A+,10,125,63,73.9,14.8,0,0,0,1
22,A-,19,80,24,73.7,13.7,0,0,0,1
19,AB-,43,86,83,78.5,15.1,0,1,0,0
47,B+,38,77,120,77.4,13.3,0,0,0,1
56,O-,17,71,19,67.4,14.0,0,0,1,0
21,O+,22,122,25,52.8,13.5,0,0,0,1
50,O-,31,73,73,61.8,14.6,0,0,0,1
30,B+,37,117,17,77.3,14.6,0,0,0,1
37,A+,27,87,109,88.4,14.0,0,0,0,1
24,A+,10,122,83,54.5,14.4,1,0,0,1
32,O-,3,122,47,53.8,15.1,0,1,0,0
40,A+,4,304,76,50.7,14.3,0,0,0,1
31,O+,50,75,30,59.6,14.0,0,0,0,1
40,B-,48,178,44,78.4,14.3,0,0,0,1
36,O-,9,15,61,82.5,15.1,0,0,0,0
46,O-,44,22,120,45.1,12.8,1,1,1,0
37,A+,27,121,119,54.7,14.3,0,0,0,1
46,B-,0,365,56,52.7,11.7,0,0,0,0
41,AB-,30,177,120,58.5,13.5,0,0,0,1
35,A+,39,122,70,65.6,15.9,0,0,0,1
27,A-,45,176,83,63.6,12.9,0,0,0,1
58,A-,22,176,86,73.7,12.0,0,0,1,1
25,AB-,37,95,10,46.8,12.8,0,1,0,0
43,B+,18,180,101,62.3,14.6,0,0,1,1
46,B-,36,16,0,83.0,13.7,1,0,0,0
27,B-,1,65,66,83.4,12.7,0,0,0,0
34,B-,43,74,16,86.3,15.1,0,0,0,1
19,O-,9,179,8,72.3,14.3,0,0,1,1
23,AB-,17,75,113,60.8,12.5,0,0,0,1
22,A+,49,400,68,69.9,13.6,0,1,0,0
45,O+,47,20,17,95.8,16.1,0,0,0,0
58,A+,7,25,72,62.2,13.5,0,0,0,0
22,A-,13,365,83,88.2,11.9,1,0,0,0
35,AB+,47,25,22,42.0,14.3,0,0,0,0
43,O+,6,42,25,74.3,14.2,0,0,0,1
37,A-,44,118,81,75.1,15.3,1,1,0,0
58,AB+,10,122,106,72.1,13.4,1,0,0,1
44,B-,38,94,11,72.8,14.3,0,0,0,1
29,AB+,29,44,11,73.8,14.1,0,0,0,1
24,B+,5,91,41,74.3,13.8,0,0,0,1
20,B-,3,15,29,64.4,14.2,0,0,1,0
27,A-,10,70,29,65.0,14.5,0,0,0,1
51,B+,3,95,107,53.0,14.4,1,0,0,0
42,O+,13,45,71,76.1,14.8,0,0,0,1
52,B-,27,91,32,82.3,11.3,0,0,1,1
33,O-,49,178,113,87.2,12.2,0,0,1,1
19,O+,35,400,1,59.0,14.0,0,0,0,1
41,A-,16,120,98,49.0,13.9,0,0,0,1
27,AB-,31,125,42,72.1,12.7,1,0,0,1
55,O-,29,120,60,55.3,13.4,0,0,0,1
39,AB-,48,117,85,74.3,12.9,1,0,0,1
43,AB-,23,49,5,43.7,14.4,0,0,0,0
60,B-,48,122,43,80.0,12.8,0,0,0,1
56,A+,44,123,65,69.7,14.0,1,0,0,1
44,O+,8,49,49,46.9,14.9,0,0,0,0
46,B+,7,43,17,71.3,12.8,0,0,0,0
55,A+,30,94,3,69.0,12.3,0,0,0,1
37,B+,23,400,57,73.8,13.0,0,0,0,1
44,B+,35,124,112,76.8,12.8,0,1,0,1
58,AB-,26,115,12,42.0,13.8,0,0,0,1
37,AB-,34,47,40,62.8,11.9,1,0,0,0
36,AB+,39,88,101,67.0,15.6,0,0,1,1
37,B+,11,15,2,64.8,12.4,0,0,0,0
52,O+,28,86,6,64.1,12.3,0,0,0,0
19,B+,15,95,92,79.6,13.9,0,0,0,1
47,O+,31,93,59,49.0,13.7,0,0,0,1
51,A-,11,92,50,64.8,15.3,0,0,0,1
39,AB-,41,181,53,65.7,13.5,0,0,0,1
20,O+,8,123,17,66.8,13.5,0,0,1,1
23,A-,14,365,83,57.2,14.5,0,0,1,1
32,A-,41,400,71,91.6,14.8,0,0,0,1
44,AB-,7,74,90,78.8,11.7,0,0,0,0
27,AB+,39,48,4,92.3,13.9,0,0,0,1
26,A+,25,400,54,75.0,16.2,0,0,0,1
50,A+,8,122,61,76.4,13.1,0,0,0,1
49,A+,26,400,69,68.0,14.0,0,0,0,1
23,O+,28,92,44,85.2,14.9,1,0,0,1
58,A-,6,88,66,74.2,14.3,0,0,0,1
53,B-,39,73,51,65.9,12.6,0,0,0,1
19,B+,44,86,5,88.3,13.7,0,0,0,1
46,AB+,28,21,0,53.7,12.4,0,0,0,0
21,B-,26,49,94,59.9,12.6,0,0,0,1
18,A+,28,117,81,98.9,15.0,0,0,1,1
36,A+,20,40,46,75.4,14.7,0,0,0,1
43,AB-,50,115,88,42.0,15.8,0,0,0,1
42,A+,40,182,11,79.2,14.8,0,0,1,1
27,A-,21,115,55,56.7,13.6,0,0,1,1
32,B-,43,120,55,61.7,12.7,0,0,0,1
39,A+,45,184,38,96.1,15.3,0,0,0,1
38,AB+,37,87,79,86.2,14.5,0,0,1,1
39,AB-,36,88,115,90.0,14.7,0,0,0,1
53,A-,16,365,47,61.3,14.4,0,1,0,0
51,A+,23,21,53,64.8,15.1,0,0,1,0
47,A+,20,400,11,70.4,12.1,0,0,0,0
42,A+,37,23,35,77.6,12.5,0,0,0,0
45,O+,31,400,29,64.2,12.8,1,1,0,0
18,B-,27,96,30,88.7,14.2,1,0,0,1
21,AB+,21,42,110,73.4,13.3,0,0,0,1
24,AB+,29,78,17,84.4,15.0,0,0,0,1
26,B+,33,400,16,59.4,13.8,0,0,0,1
53,AB+,24,125,46,63.4,16.4,0,0,0,1
36,B+,31,88,109,70.7,15.7,1,0,0,0
18,O-,27,121,82,62.9,14.0,0,0,0,1
27,O+,14,88,28,79.5,12.3,0,0,0,0
53,O-,50,175,85,79.7,14.6,0,0,0,1
26,O+,38,20,112,65.4,12.6,0,0,0,0
59,B-,49,90,44,75.2,12.7,0,0,0,1
49,B+,47,185,109,90.5,13.4,0,0,0,1
49,AB+,35,91,3,79.5,13.3,0,0,0,1
23,O+,7,297,61,75.2,14.4,0,0,0,1
55,B-,19,118,15,82.2,14.2,0,1,0,1
34,B-,6,77,80,86.5,12.7,1,0,0,0
27,B+,16,181,71,84.7,13.5,0,0,0,1
44,O-,37,180,43,67.2,12.3,0,0,0,1
52,O-,16,88,97,77.9,14.2,0,0,0,1
38,O+,12,43,108,64.7,11.8,1,0,0,0
42,B-,44,17,77,67.4,13.5,0,0,0,0
45,A-,39,79,104,73.3,13.1,0,0,1,1
32,A-,23,400,86,52.1,14.4,0,0,0,1
21,O-,48,49,68,72.1,12.9,1,0,0,0
46,AB+,0,999,50,60.4,12.9,0,0,0,0
26,O+,49,177,39,55.0,14.2,0,0,0,1
44,AB+,29,89,64,76.7,14.3,0,0,0,1
43,B+,43,184,79,65.1,12.6,0,0,0,1
36,B-,48,78,87,70.4,14.4,0,0,0,1
45,AB-,43,92,43,65.4,16.5,0,0,0,1
34,O+,5,184,113,61.2,13.3,0,0,0,1
60,B+,13,177,19,69.3,12.4,0,0,0,1
58,AB+,30,80,44,53.0,13.9,0,0,0,1
59,AB-,4,177,118,66.9,12.3,1,0,0,0
37,B+,42,95,43,89.8,13.5,0,0,1,1
57,A-,37,120,3,54.8,13.2,0,0,0,1
56,A-,48,181,93,83.7,14.6,1,0,0,0
40,A-,12,118,0,91.0,11.9,0,0,0,1
49,AB-,44,80,94,59.4,12.1,0,0,1,0
50,O-,43,125,40,71.6,14.2,0,0,0,1
22,B+,48,183,77,53.7,14.4,0,0,0,1
60,A-,23,73,101,52.1,11.4,0,0,0,0
51,B+,24,115,58,69.8,15.5,0,0,1,1
57,AB+,8,47,31,72.5,14.8,0,0,0,1
28,B-,8,93,0,61.8,13.1,0,0,0,1
20,AB+,14,86,119,55.6,13.9,0,0,0,1
50,O+,21,400,7,59.4,11.6,0,0,0,0
28,A+,36,177,58,77.8,14.6,0,0,0,1
33,AB+,16,21,39,77.9,12.9,0,0,0,0
35,A-,15,86,16,75.1,13.4,0,0,0,1
47,AB+,17,177,25,63.8,13.7,1,0,1,0
27,A-,5,40,59,56.2,15.1,0,0,0,1
35,B-,28,15,116,82.4,14.3,0,0,0,0
55,B-,31,179,97,86.1,13.4,0,0,0,1
36,AB+,29,75,115,62.2,13.2,0,0,0,1
53,A+,18,41,41,66.3,14.0,0,0,1,1
30,A-,22,77,40,51.9,13.7,1,0,0,0
20,O-,1,180,105,73.9,13.5,0,0,1,0
27,AB+,43,70,114,90.8,13.8,0,0,1,1
55,AB+,15,123,95,78.4,13.5,0,1,0,1
18,AB-,22,87,0,92.3,12.1,0,0,1,0
44,AB+,19,93,73,63.7,13.7,0,0,0,1
25,AB+,45,18,54,53.6,13.8,0,1,0,0
59,A-,4,298,64,84.5,13.9,0,0,0,1
34,B+,13,182,89,69.9,12.7,0,0,0,1
26,B-,7,73,99,58.2,12.9,0,0,0,1
23,AB+,20,16,59,88.6,15.6,0,0,0,0
60,AB-,26,92,47,61.3,13.0,0,0,0,1
42,AB-,26,400,113,55.7,14.4,0,0,0,1
56,B+,41,400,106,74.6,12.9,0,0,0,1
45,A+,50,93,112,53.7,11.7,0,0,1,1
50,A+,1,61,20,79.2,13.7,0,0,0,0
54,O-,43,80,94,55.3,14.5,1,0,1,0
26,A+,40,121,32,70.8,13.4,0,0,0,1
35,AB-,7,86,17,71.5,11.6,0,0,1,0
38,O-,34,91,73,70.9,11.3,0,0,0,1
19,AB-,37,180,85,53.8,15.1,0,0,0,1
60,O-,24,400,96,65.9,13.8,0,0,0,1
55,B+,48,95,96,83.1,14.5,0,0,0,1
57,B-,17,178,80,65.8,14.1,0,0,0,1
53,A+,19,365,27,55.3,12.5,0,0,0,1
60,O+,12,182,54,63.1,13.5,0,0,0,1
54,B+,32,400,108,54.2,11.9,0,0,1,0
32,O-,29,18,118,44.0,14.8,0,0,0,0
45,AB-,28,178,51,66.1,14.2,0,0,0,1
35,A-,44,73,95,69.1,14.6,1,0,0,0
51,B+,48,176,75,75.7,15.2,1,0,1,0
39,A-,35,91,116,73.1,13.4,0,0,0,1
28,B+,2,27,70,74.8,13.0,0,0,0,0
30,O-,11,40,101,67.5,13.7,0,0,0,1
21,O-,40,87,24,91.4,15.2,0,0,1,1
39,A-,47,90,39,58.7,12.1,0,0,0,1
24,AB-,29,17,20,64.5,13.8,0,0,0,0
60,A-,43,400,16,86.2,14.7,0,0,0,1
41,O+,13,178,39,63.7,14.1,0,0,0,1
21,A-,11,365,71,66.8,15.0,1,0,0,0
45,B-,22,72,53,72.4,12.1,0,0,0,0
32,AB-,47,400,29,80.8,15.0,0,0,0,1
18,B+,39,179,99,69.6,13.1,0,0,0,1
20,A-,29,179,49,58.3,11.5,0,0,0,1
31,O+,12,122,19,63.5,13.4,0,0,0,1
55,AB-,4,45,106,73.9,12.9,1,0,0,0
18,A+,27,400,41,64.8,13.6,0,0,0,1
55,A+,6,176,7,62.9,12.1,0,0,0,0
55,A+,34,185,9,57.7,13.7,0,0,1,1
38,O+,12,94,58,81.1,13.2,0,1,0,1
46,O+,0,999,19,66.7,16.0,0,0,0,0
22,O-,0,730,4,66.7,14.0,0,0,0,0
27,AB+,16,119,36,75.5,14.1,0,0,0,1
45,AB+,18,47,81,53.0,13.5,0,0,0,1
38,O+,12,121,46,68.5,15.2,1,0,0,1
24,B+,25,175,22,84.6,14.3,0,0,0,1
20,O-,46,88,67,67.3,15.5,0,0,0,1
37,O+,2,57,113,70.4,15.0,0,1,0,0
36,B+,7,181,17,70.2,13.4,0,0,0,1
52,AB-,37,18,21,79.7,14.6,0,0,0,0
21,B+,5,88,58,70.2,14.7,0,0,1,0
22,B-,22,47,74,95.2,14.8,0,0,0,1
18,A+,28,21,112,70.5,14.2,1,0,0,0
21,O-,24,15,89,63.2,12.3,0,0,0,0
29,O+,22,86,51,84.6,13.8,0,0,0,1
44,O-,33,124,100,65.7,13.9,0,0,0,1
59,AB-,7,80,111,61.4,13.9,0,0,0,1
40,B+,19,23,58,54.9,15.1,0,0,0,0
42,AB-,14,23,25,73.3,13.1,0,0,0,0
38,AB-,13,121,73,63.0,13.9,1,0,0,1
41,B+,32,90,59,59.4,13.7,1,0,0,1
42,O-,34,123,73,61.8,14.6,0,0,0,1
49,A+,38,44,35,64.0,15.8,0,0,0,1
49,A-,12,365,44,77.2,14.5,0,0,1,1
22,AB+,18,78,101,73.3,14.4,0,0,0,1
53,B-,48,49,45,66.4,12.7,0,0,0,1
59,A-,32,44,115,74.2,12.1,0,0,0,0
59,B+,41,72,11,66.8,14.1,0,0,0,1
56,O-,0,999,99,70.3,13.6,0,0,0,0
33,AB-,31,77,44,60.7,14.3,0,0,0,1
50,A+,16,365,6,60.8,13.1,1,0,0,0
38,A+,33,400,28,69.7,15.3,0,0,0,1
26,AB-,41,17,65,69.7,12.5,0,0,0,0
23,B-,3,123,66,79.1,13.6,1,0,0,0
52,B-,14,88,17,73.5,13.4,0,0,0,1
56,B-,25,87,55,62.6,15.0,0,0,0,1
39,B+,6,73,80,53.9,13.5,0,0,0,1
58,AB+,32,89,22,77.7,13.2,0,0,0,1
22,A-,6,49,22,71.6,13.9,0,0,0,0
59,AB+,4,74,32,78.7,12.9,0,0,0,0
40,B+,19,365,43,73.0,13.8,1,0,0,0
34,A+,39,182,107,87.9,13.7,0,1,0,1
29,O-,11,115,77,65.6,17.0,0,1,0,1
40,O-,48,75,115,68.5,13.3,0,0,0,1
33,O-,8,44,95,76.7,13.7,0,0,0,1
20,AB+,41,90,7,77.5,14.0,1,0,0,0
47,AB+,17,41,112,71.6,14.1,0,0,0,1
39,O+,49,180,22,50.5,14.9,0,0,1,1
26,AB-,22,94,62,48.6,15.9,0,0,1,1
46,AB-,34,87,99,63.8,12.9,0,0,0,1
54,AB+,12,365,3,68.2,14.3,0,0,0,1
40,AB-,49,92,64,47.5,13.6,0,0,0,1
30,O-,39,119,71,67.7,14.2,0,0,0,1
49,O+,44,120,100,75.2,15.0,0,0,0,1
40,O-,34,177,108,67.3,15.6,0,0,0,1
34,A-,12,365,120,71.2,14.8,1,0,0,0
57,B-,40,45,68,74.5,14.1,1,1,0,0
38,B-,1,92,81,50.4,14.9,0,0,0,1
19,AB+,28,116,82,75.2,12.9,0,0,0,1
54,B+,19,179,89,59.9,13.0,0,0,0,1
23,O-,5,74,58,65.4,14.0,0,0,0,1
35,O-,8,16,8,60.7,15.1,1,0,0,0
47,O-,36,89,79,79.8,13.5,0,0,0,1
39,B-,50,119,20,55.1,13.6,0,0,0,1
50,A-,7,90,23,83.2,11.6,0,0,0,0
47,B-,23,183,62,94.3,16.4,0,0,0,1
34,O-,29,77,113,50.9,13.5,0,0,0,1
60,A-,40,75,111,61.6,10.8,1,0,1,0
49,B-,42,72,1,74.7,14.0,0,0,0,1
59,B-,9,119,57,57.1,14.3,1,0,0,0
31,A-,41,95,37,65.0,13.5,1,0,0,1
27,A+,1,365,39,69.9,12.8,0,0,0,1
53,O-,46,121,78,60.2,14.8,0,0,0,1
51,O+,11,90,1,68.9,14.7,0,0,0,1
26,B-,41,17,73,78.4,14.4,1,0,0,0
59,AB-,17,74,69,67.1,13.0,0,0,0,1
45,O-,47,121,69,56.6,13.1,0,0,1,1
28,O-,24,88,63,80.8,13.4,0,0,0,1
31,AB+,27,400,99,83.3,13.3,0,0,0,1
56,AB+,38,86,51,72.1,14.5,0,0,0,1
36,B+,20,183,90,57.2,13.4,0,0,0,1
32,B+,43,43,20,58.3,12.8,0,0,1,1
45,AB-,3,71,67,42.0,14.3,0,0,0,0
41,AB-,33,80,97,61.5,16.4,0,0,1,1
25,AB+,31,119,104,79.7,12.9,1,0,0,1
60,B-,0,365,15,60.5,13.0,0,0,1,0
26,A-,16,20,18,57.5,13.7,0,0,0,0
50,AB+,34,400,65,79.3,14.6,1,0,0,0
50,AB-,48,400,52,80.7,14.4,0,0,0,1
36,A+,35,74,67,62.1,13.7,0,0,0,1
20,B+,34,89,61,73.6,13.3,0,0,0,1
27,AB+,20,91,56,58.5,16.1,0,0,0,1
57,A-,28,179,32,64.2,15.1,0,0,0,1
59,B-,2,96,102,48.0,15.7,0,0,1,0
18,O+,9,40,66,72.0,14.6,0,0,0,1
46,O-,48,115,70,66.9,13.7,1,0,0,1
51,A+,9,119,69,60.6,14.2,0,0,0,1
30,A-,5,74,106,67.0,15.8,0,0,0,1
18,O+,11,121,61,65.6,14.4,1,0,0,1
51,AB+,42,75,80,58.9,11.9,0,0,0,0
46,O-,4,72,86,72.4,15.3,0,0,0,0
30,B+,7,96,106,64.7,15.4,1,0,0,0
46,B-,28,122,117,66.5,15.2,0,0,1,1
56,A+,8,86,57,51.9,12.3,0,0,0,0
41,A-,33,400,13,66.6,14.2,0,1,0,0
43,AB-,33,124,117,66.0,14.9,0,0,0,1
34,B-,4,91,33,58.9,13.8,0,0,0,1
24,B-,34,121,22,73.8,14.2,0,0,0,1
30,A+,3,123,112,44.8,14.4,0,0,0,0
22,AB+,15,93,39,62.7,12.9,0,0,0,1
43,AB-,17,24,116,71.4,14.3,0,1,0,0
20,AB-,20,182,55,91.1,12.7,0,1,0,1
24,O+,19,42,61,53.0,13.7,0,0,0,1
56,AB-,20,400,19,69.0,13.2,0,0,0,1
18,A+,35,180,40,74.0,14.8,1,1,0,0
34,B+,6,73,19,68.7,14.5,0,0,0,0
60,AB+,43,180,78,54.4,14.4,0,0,0,1
42,B+,47,70,53,62.7,14.1,0,0,0,1
20,A-,46,71,66,42.0,14.3,0,0,0,0
32,A-,30,75,83,68.0,16.0,0,1,0,0
46,B+,36,25,85,52.4,15.3,0,0,1,0
60,B-,0,730,22,73.0,12.7,0,0,0,0
49,AB-,3,298,48,60.8,13.2,0,0,0,1
43,O-,34,95,26,59.8,13.6,0,1,0,1
33,B+,30,400,49,69.8,13.5,0,0,0,1
42,B+,37,48,58,70.9,12.9,0,0,0,1
45,AB-,8,122,64,77.6,14.4,0,0,0,1
26,O+,14,185,71,65.1,13.7,0,0,0,1
18,O-,11,93,113,66.8,14.0,0,0,1,1
46,O-,9,50,92,52.8,11.9,0,0,0,0
39,A+,37,400,81,83.9,12.1,0,0,0,0
33,A+,42,93,115,57.7,13.2,0,0,0,1
58,A+,3,43,47,76.0,14.5,0,0,0,0
58,AB-,13,183,21,76.1,14.3,1,0,0,0
24,O+,38,96,46,72.4,14.9,0,0,0,1
31,O+,25,92,107,65.4,13.0,0,1,0,1
46,AB-,9,121,86,64.0,14.6,0,0,0,1
36,AB-,18,122,31,67.3,15.5,0,0,1,1
36,A+,29,25,69,47.1,14.8,0,0,0,0
19,AB+,10,118,118,67.7,12.4,0,1,0,0
58,AB+,11,96,68,84.3,15.0,0,1,0,1
32,AB-,13,365,102,65.5,14.2,0,0,0,1
20,B-,18,17,53,67.6,14.3,0,0,1,0
28,B-,27,88,36,56.7,16.5,1,0,0,0
47,AB-,29,115,112,70.0,14.1,0,0,0,1
57,B+,5,23,59,59.4,14.5,0,1,0,0
35,AB-,41,93,40,77.3,13.9,0,0,0,1
19,B+,32,123,108,80.6,13.5,0,1,0,1
49,B+,19,181,20,83.0,14.2,0,0,0,1
25,A-,41,119,71,52.1,13.3,0,0,0,1
39,AB+,20,121,114,75.9,14.0,0,0,1,1
23,O-,15,185,113,75.1,13.5,0,0,0,1
29,AB+,7,40,12,63.4,11.5,0,0,0,0
57,A-,46,124,87,81.1,13.3,0,0,1,1
53,A+,47,88,87,72.6,14.9,0,0,0,1
32,O-,37,124,44,83.1,14.4,1,0,1,0
45,A+,18,365,30,54.1,13.5,0,1,0,0
35,AB+,36,181,110,60.1,13.9,0,0,0,1
19,A+,9,119,74,69.0,12.9,0,0,1,1
30,A+,19,78,16,80.9,13.0,0,0,0,1
32,A+,19,92,15,73.0,13.8,1,0,0,0
37,A-,42,400,63,57.6,13.6,0,0,0,1
46,A+,45,185,81,87.5,13.0,0,0,0,1
59,AB-,45,182,62,64.8,13.7,0,0,1,1
46,B-,9,94,25,57.9,12.6,0,0,0,1
20,AB-,29,178,3,59.5,15.5,0,1,0,1
36,AB+,43,120,39,53.3,14.8,0,0,0,1
20,AB+,11,96,38,43.3,11.4,0,0,0,0
31,O+,2,58,2,66.7,14.7,0,0,0,0
57,B+,25,116,118,50.9,13.4,0,0,0,1
21,A-,41,118,82,71.5,13.2,0,0,0,1
28,A+,13,124,102,78.8,14.6,0,0,0,1
48,O+,19,184,95,72.1,13.6,0,0,0,1
60,B+,30,118,99,68.5,13.4,0,0,0,1
49,AB-,37,92,49,51.1,12.3,0,0,0,1
44,B-,15,96,36,77.3,14.8,0,0,0,1
47,O+,48,15,66,89.4,14.9,0,0,0,0
60,A-,23,95,113,83.5,14.0,0,0,0,1
19,A-,46,181,115,53.4,12.5,1,0,1,0
26,AB-,49,91,93,67.1,14.1,0,0,1,1
45,O+,2,125,4,64.9,14.5,0,0,0,1
48,B+,33,181,107,63.6,13.8,0,0,0,1
51,AB-,43,177,89,68.3,14.8,0,0,0,1
32,AB+,16,88,61,91.8,14.0,0,0,0,1
42,AB+,39,179,23,69.2,14.1,0,0,0,1
53,O-,38,89,42,63.1,15.4,0,1,0,0
25,A+,15,87,14,71.3,13.3,0,0,0,1
26,AB+,45,400,3,53.6,12.1,0,0,0,0
54,A-,44,79,17,60.1,13.6,0,0,0,1
56,AB-,40,123,38,78.8,13.2,0,0,0,1
49,B+,3,90,105,70.1,12.2,0,0,0,0
34,O-,12,123,95,91.1,14.5,0,0,0,1
52,B+,40,115,49,70.9,13.8,0,0,0,1
54,B-,15,88,2,54.3,11.8,0,0,0,0
36,B+,42,400,10,50.6,15.5,0,0,1,1
46,O+,26,125,79,79.0,13.0,1,0,1,0
24,B-,43,124,0,56.5,13.1,0,0,0,1
45,B+,50,115,104,55.6,14.8,0,0,0,1
26,B+,25,400,97,62.3,14.3,0,0,1,1
45,AB-,8,46,38,79.0,15.0,0,0,0,1
23,A+,33,95,73,64.0,11.4,0,0,0,1
46,A-,37,94,66,58.7,13.5,0,0,0,1
34,B-,29,400,51,81.3,13.9,0,0,0,1
33,AB+,17,183,78,79.5,15.2,0,0,0,1
40,B+,45,116,67,86.3,12.9,0,0,1,1
48,B+,9,87,79,82.9,13.4,0,0,0,1
20,B+,48,400,116,79.6,14.0,1,0,0,0
38,B-,22,48,95,59.7,14.6,0,0,0,1
43,A+,35,121,61,75.2,12.6,0,0,0,1
53,B+,10,90,75,81.4,14.7,1,1,0,0
59,AB+,43,46,118,88.4,13.2,0,0,0,1
54,B+,17,75,19,69.9,14.2,0,0,0,1
39,O-,2,55,91,62.6,13.6,0,0,0,0
59,B-,24,90,103,58.3,14.1,0,0,0,1
29,B-,32,400,28,78.8,14.0,0,0,0,1
59,A+,47,96,45,60.7,15.2,1,0,0,1
30,B+,21,90,96,69.2,13.5,0,0,0,1
28,A+,31,400,35,58.3,13.5,0,0,0,1
33,A-,30,400,68,66.3,15.0,0,0,0,1
25,AB+,2,182,85,72.8,15.3,0,0,0,1
57,AB-,38,93,58,71.0,13.4,0,0,0,1
57,A-,5,96,46,76.1,14.6,0,0,1,1
19,B-,44,91,67,52.9,12.9,0,0,0,1
47,O-,49,79,17,66.7,14.6,0,0,0,1
47,B-,34,181,93,62.8,14.8,0,0,1,1
29,AB-,36,86,73,57.2,13.5,0,0,0,1
27,A-,7,180,13,59.8,15.0,0,0,0,1
28,O-,28,120,76,58.2,13.5,0,0,0,1
32,O+,14,365,120,71.8,13.8,0,0,0,1
33,O-,14,87,79,72.4,14.2,0,0,0,1
34,A-,32,46,11,77.6,12.7,0,0,0,1
43,A-,26,123,8,71.6,12.3,0,0,0,1
19,O-,43,121,115,69.7,14.1,0,0,1,1
29,AB-,49,123,60,68.9,13.0,0,0,0,1
43,B+,14,116,99,75.4,12.5,0,0,0,1
40,B+,4,25,103,44.8,14.6,0,0,0,0
35,O-,2,365,92,67.3,15.5,0,0,0,1
49,AB-,35,400,101,71.5,14.7,0,0,0,1
55,O+,1,365,0,87.7,12.5,1,0,1,0
20,AB-,33,123,14,55.8,14.0,0,0,0,1
55,A-,1,92,108,55.4,13.5,0,0,0,1
20,AB+,23,91,32,43.0,12.9,0,0,0,1
47,O-,16,175,28,52.7,13.9,0,0,0,1
18,O-,7,19,117,66.3,13.7,0,0,0,0
47,O-,13,94,118,60.0,13.5,0,0,0,1
49,O-,46,89,18,59.8,14.9,0,0,0,1
45,A-,0,730,76,68.3,15.2,0,0,1,0
38,B+,12,73,98,74.4,13.4,0,0,0,1
30,A-,27,78,43,68.1,13.6,0,0,0,1
44,B-,42,76,76,68.3,13.5,0,0,0,1
53,O+,38,400,27,72.4,14.4,0,0,0,1
24,B-,22,74,16,47.8,14.2,0,1,0,0
39,B-,26,175,4,69.4,13.0,0,0,0,1
27,B-,12,116,85,67.2,13.7,0,0,0,1
56,B-,13,70,32,67.9,12.2,0,0,0,0
32,O+,37,90,18,61.6,12.1,0,0,0,1
32,A+,8,45,111,65.7,12.5,0,0,0,1
21,B+,46,400,29,72.4,13.5,0,1,0,0
49,AB-,49,96,100,85.7,14.5,0,0,0,1
40,B-,23,116,1,49.4,12.9,0,0,0,1
23,A-,42,400,98,74.3,13.7,1,0,0,0
41,B+,11,93,56,81.4,14.0,0,0,0,1
37,O+,39,88,43,54.0,15.5,0,0,0,1
54,A+,6,43,107,66.0,13.9,0,0,0,1
37,O-,30,90,87,71.0,13.9,1,0,0,1
29,O+,17,73,52,90.1,13.1,0,0,0,1
50,O-,11,79,14,91.9,15.8,0,0,0,1
45,A+,27,124,33,54.0,14.6,0,0,0,1
25,A-,5,183,46,64.7,12.6,0,0,0,1
18,B-,12,175,29,70.2,15.4,0,0,0,1
54,A+,24,90,2,74.1,14.6,0,0,0,1
39,O+,5,178,14,70.2,14.1,1,0,0,0
23,AB-,21,185,116,57.6,14.5,0,0,0,1
38,O+,35,400,83,57.1,15.0,0,0,0,1
49,O-,30,176,31,51.0,13.0,0,0,1,1
52,AB-,8,77,38,45.8,13.4,0,0,0,0
32,B+,9,118,35,50.8,13.8,0,0,0,1
22,B-,9,44,45,80.8,12.4,0,0,0,0
23,B+,13,180,29,75.8,14.6,0,0,0,1
42,B+,42,400,92,74.1,13.5,0,0,0,1
57,AB+,37,88,68,65.6,13.4,0,0,0,1
46,B+,42,125,85,67.5,13.1,0,1,0,1
24,B+,2,116,29,65.0,13.8,0,0,0,1
57,B+,47,93,53,50.5,14.0,1,0,0,1
30,A-,49,120,38,75.1,14.9,0,0,0,1
55,B+,32,119,90,77.4,14.9,0,0,0,1
35,B-,19,123,49,55.3,12.6,1,0,0,1
19,O+,36,400,3,55.3,14.3,0,0,1,1
25,AB+,17,77,12,71.9,15.2,0,1,0,0
28,O+,26,119,15,71.8,13.6,0,0,0,1
50,B+,0,730,72,76.1,13.6,0,0,0,0
55,A-,15,116,106,83.5,13.4,0,0,0,1
44,B-,43,177,47,56.4,14.4,0,0,0,1
37,B-,28,181,38,67.1,14.1,1,0,0,0
29,O+,45,74,29,57.0,14.9,0,0,0,1
60,B+,42,96,28,57.8,13.7,1,0,0,1
48,A-,15,182,39,63.3,15.2,0,0,0,1
44,A-,44,118,7,83.8,14.5,0,0,0,1
49,AB+,3,95,93,80.2,15.1,0,0,1,1
27,A-,36,182,82,67.2,13.1,0,0,0,1
20,A+,39,123,104,44.3,15.5,0,0,0,1
44,B+,8,43,69,72.3,13.2,0,0,1,0
52,A+,19,22,120,72.1,13.2,0,0,0,0
48,AB-,46,124,9,57.7,13.4,0,0,0,1
32,O-,29,88,112,77.1,13.2,0,0,0,1
33,A-,44,78,59,57.5,15.9,0,0,0,1
30,AB+,9,93,70,77.1,14.4,0,0,0,1
52,AB+,39,40,6,70.7,14.3,0,0,0,1
28,AB+,11,184,107,51.9,11.7,0,0,0,1
38,A-,37,93,109,64.0,15.2,0,0,0,1
28,AB-,9,91,63,69.6,12.7,0,0,0,1
47,AB+,3,25,99,71.3,13.8,0,1,0,0
52,AB-,44,116,26,79.4,13.0,0,0,0,1
39,AB-,29,86,67,80.7,14.1,0,0,0,1
55,O+,47,119,89,65.4,15.5,0,1,0,1
48,AB-,31,43,33,74.2,12.7,0,0,1,1
31,B-,20,400,108,85.7,13.0,0,0,0,1
41,A-,20,87,7,56.8,14.0,0,0,0,1
49,O+,34,116,41,61.3,15.5,1,0,0,1
53,B+,42,175,104,49.8,13.3,0,0,0,1
49,O-,33,178,1,61.1,13.0,1,0,0,0
32,B+,28,182,55,70.3,14.0,0,0,0,1
60,A+,43,122,110,44.7,13.8,0,1,0,0
52,O-,8,302,69,72.8,12.7,0,0,0,1
20,O-,31,89,85,62.8,13.4,0,0,0,1
33,O+,27,95,48,67.3,11.6,0,0,0,1
22,A+,40,96,77,55.1,13.8,0,0,0,1
38,O-,42,48,96,66.9,12.4,0,0,0,0
27,A-,32,400,26,86.5,16.5,0,0,0,1
36,A+,48,91,61,63.6,14.4,0,0,0,1
42,AB+,41,41,57,43.7,14.1,0,0,0,0
21,AB-,7,119,5,81.4,14.4,0,0,0,1
46,AB-,31,178,108,74.0,13.3,0,0,0,1
36,O+,49,115,106,69.0,13.6,0,0,0,1
60,O+,31,400,30,74.2,14.4,1,0,0,0
19,B+,19,118,3,68.9,12.7,0,0,0,1
27,B-,1,365,96,86.1,14.6,0,0,0,1
60,O+,13,19,70,76.3,16.1,0,0,0,0
42,AB+,24,89,12,63.0,12.2,0,0,0,0
37,AB+,33,18,117,84.4,14.4,0,0,0,0
36,O+,3,179,102,88.0,12.9,1,0,0,0
40,A+,50,400,33,78.0,14.6,0,1,0,0
41,A+,49,88,78,72.5,14.2,1,0,0,0
28,O-,22,176,42,58.6,15.9,1,0,0,1
51,A-,14,93,49,75.5,15.7,0,0,0,1
45,AB-,45,88,111,72.3,12.2,0,0,0,0
22,O-,49,48,6,67.7,14.6,0,0,0,1
22,A+,18,45,16,75.7,14.6,0,0,1,0
38,AB-,34,90,63,69.0,15.1,0,0,0,1
29,B-,24,124,48,74.0,14.3,0,0,0,1
21,A+,25,115,8,79.4,14.5,0,0,0,1
59,AB-,13,175,80,53.4,12.7,0,0,0,1
37,AB-,19,79,30,56.7,14.3,0,0,1,1
55,B-,27,400,98,58.0,13.6,0,0,0,1
42,B+,16,119,113,89.3,14.6,0,0,0,1
31,B+,46,94,105,75.0,13.7,0,0,0,1
28,AB+,16,121,116,76.0,14.3,0,0,0,1
49,B+,33,91,41,80.4,14.5,0,0,0,1
28,O+,35,400,20,56.5,14.5,0,0,0,1
35,AB+,43,86,7,45.6,13.0,0,0,0,0
44,AB-,43,183,50,67.3,16.5,0,0,0,1
35,B-,22,179,76,77.9,14.1,1,0,0,1
40,B-,7,182,7,65.8,14.5,1,0,0,0
28,A-,23,400,60,52.9,13.9,0,0,0,1
38,AB+,30,400,97,58.0,12.6,1,0,0,0
22,O+,4,96,117,55.0,14.7,0,0,0,1
40,O+,30,70,22,61.3,14.1,0,0,0,1
58,O-,38,185,54,55.2,14.8,0,0,0,1
42,O-,3,95,40,69.6,13.1,0,0,1,1
58,A+,16,20,109,62.0,13.4,0,0,0,0
27,B+,12,91,18,75.0,14.1,0,0,0,1
39,O-,36,178,62,57.3,13.9,0,0,0,1
36,AB+,4,25,19,70.8,13.5,0,0,0,0
18,B+,37,177,118,67.6,14.1,0,0,0,1
24,AB+,12,75,75,72.4,15.4,0,0,0,1
21,AB-,12,90,22,73.9,14.3,0,0,1,1
18,AB+,17,117,8,75.1,15.1,0,1,0,0
32,A-,3,42,34,77.1,13.6,0,0,0,0
57,AB-,18,73,67,74.0,13.9,0,0,1,1
29,B-,19,22,38,71.3,14.1,1,0,1,0
39,O+,19,96,118,60.7,13.3,0,0,1,1
39,B+,25,115,92,77.4,14.1,0,0,0,1
34,B-,12,122,83,60.3,15.5,0,0,0,1
46,B+,4,175,59,64.8,15.7,0,0,0,1
31,B-,6,296,23,58.5,15.3,0,0,0,1
37,AB-,7,22,29,58.3,14.1,0,0,0,0
50,O+,13,95,98,64.5,13.0,0,0,1,1
60,AB+,30,124,11,65.4,16.5,0,0,0,1
32,A-,45,94,8,59.1,13.2,0,0,0,1
29,A-,40,96,17,68.2,15.5,1,0,0,1
57,B-,47,18,51,69.7,14.2,0,0,0,0
37,A-,8,115,118,62.0,12.7,1,0,0,0
47,O-,36,182,22,93.2,12.2,0,0,0,1
55,B+,49,46,112,71.7,15.3,0,0,0,1
20,O+,43,400,17,69.3,13.2,1,1,0,0
45,B-,9,87,31,60.6,12.4,0,1,0,0
43,AB-,35,88,111,69.5,13.5,0,0,0,1
47,O-,34,72,115,70.6,13.8,0,0,0,1
30,B-,27,179,20,68.0,14.2,0,0,0,1
30,B+,16,16,72,83.6,14.2,0,0,1,0
19,AB+,47,89,58,49.3,13.0,0,0,0,0
54,B+,29,180,5,63.8,13.8,0,0,0,1
55,AB-,48,400,28,75.9,15.7,0,0,1,1
19,B-,25,179,61,58.1,12.6,0,1,0,1
53,AB+,0,999,45,51.0,14.3,0,0,0,0
43,A-,19,122,30,62.3,12.6,0,0,0,1
28,O+,22,185,25,79.5,13.3,0,0,0,1
25,AB-,27,92,116,58.4,15.0,0,0,0,1
57,O+,14,70,78,64.1,11.6,0,0,0,0
60,B+,22,20,115,72.6,16.1,0,0,0,0
39,O-,38,77,25,61.6,12.4,0,0,1,0
37,O+,43,116,47,63.2,11.6,0,0,0,1
25,A+,35,175,118,60.8,13.8,0,0,0,1
46,AB+,7,115,55,61.8,13.3,0,0,1,1
57,O-,45,92,14,55.2,13.1,0,0,0,1
43,A+,6,301,37,65.2,14.5,0,0,0,1
47,B-,48,46,18,79.7,12.8,1,0,0,0
34,O-,27,76,13,85.4,14.4,0,0,0,1
37,B+,39,22,50,81.7,14.7,0,0,0,0
33,O-,38,400,76,69.5,12.3,0,0,0,0
60,A+,49,78,14,86.2,14.9,0,0,0,1
24,AB-,31,122,76,93.3,14.7,0,0,0,1
33,B+,8,73,93,70.0,15.5,0,0,0,1
44,O-,17,73,17,57.1,13.8,0,0,0,1
40,B-,13,180,73,82.4,12.9,1,1,0,0
41,O-,5,93,5,54.8,15.2,0,0,0,1
26,O+,33,121,81,58.2,13.9,0,0,0,1
52,B-,50,120,79,45.1,15.8,0,0,0,1
37,A+,23,119,110,76.0,14.6,0,0,0,1
54,A-,4,125,70,42.5,13.8,0,0,0,0
59,AB+,36,90,1,78.9,12.8,0,0,0,1
34,AB+,1,120,85,87.9,13.7,0,0,1,0
48,B+,48,121,61,87.0,14.8,0,0,0,1
25,AB+,21,88,98,54.1,12.1,0,0,0,0
32,B+,12,124,63,47.5,13.4,0,0,0,1
48,B+,33,400,87,60.9,12.0,0,0,0,0
47,O+,3,21,80,77.7,12.7,1,0,0,0
37,O-,3,120,116,81.2,13.1,0,0,0,1
56,B-,2,95,0,75.3,13.5,1,0,0,0
29,AB-,24,177,39,73.8,14.2,0,0,0,1
34,B+,44,116,24,94.0,14.6,0,0,0,1
59,AB-,29,75,102,62.7,15.3,0,0,0,1
47,AB-,11,124,87,59.4,15.6,1,1,0,0
46,B-,41,48,72,54.9,15.1,0,1,0,0
36,O-,35,124,22,72.8,13.4,0,0,0,1
28,B+,23,18,68,66.0,14.1,0,0,0,0
51,O+,29,86,7,77.1,13.2,0,0,0,1
24,B+,34,124,91,63.0,14.1,1,0,0,1
51,O+,37,121,1,74.9,13.6,0,0,0,1
37,A+,24,181,110,63.8,12.5,0,0,1,1
55,B+,21,116,70,66.2,15.4,0,0,0,1
41,A-,22,24,7,67.3,15.7,0,0,1,0
27,AB-,16,120,62,49.3,13.0,1,1,0,0
49,B-,37,25,76,66.5,14.4,0,0,0,0
32,A-,38,96,58,74.2,13.0,0,0,0,1
54,B+,20,175,57,57.1,13.7,0,0,0,1
37,A+,37,400,39,89.0,13.2,0,0,0,1
20,A+,23,47,75,68.1,13.1,0,0,1,1
54,AB-,37,400,97,61.1,14.0,0,0,1,1
57,A+,29,180,57,60.8,11.8,0,0,0,1
25,A+,25,24,4,83.1,13.2,0,0,0,0
57,AB+,49,45,14,58.9,17.5,0,0,0,1
40,B+,47,124,51,71.3,12.1,0,0,0,1
57,O-,13,365,117,77.7,13.4,0,0,0,1
28,AB+,33,78,15,74.1,14.1,0,0,0,1
25,B-,9,115,73,61.8,13.6,0,0,0,1
46,AB-,29,92,42,77.2,13.0,0,0,0,1
47,O+,50,91,107,69.7,14.9,0,0,0,1
27,B-,2,122,112,49.1,14.0,0,0,0,0
56,A+,16,116,54,81.5,13.1,0,0,0,1
45,A-,29,42,36,61.3,14.7,0,0,0,1
53,O-,38,72,81,66.1,13.2,1,0,0,0
30,B-,14,71,75,71.4,12.8,0,0,0,1
49,B+,3,72,13,62.1,14.4,0,0,0,0
53,AB-,9,43,103,76.3,12.4,0,0,0,0
54,B-,35,121,15,55.9,15.7,0,0,0,1
43,A-,43,92,61,61.7,15.5,0,0,0,1
39,A-,39,400,63,81.5,14.4,0,0,0,1
21,A+,10,50,87,68.3,13.2,0,0,0,1
48,AB+,41,92,119,56.4,12.6,0,0,1,1
35,B+,2,32,78,68.9,11.0,0,0,0,0
55,A+,0,999,109,72.4,15.6,0,0,0,0
41,AB+,13,76,100,50.6,12.7,0,0,0,1
40,A+,34,123,70,86.2,14.2,0,0,0,1
39,O+,17,76,73,87.7,14.0,0,0,0,1
19,O-,33,71,80,69.3,12.0,1,0,0,0
48,A-,38,72,7,65.8,13.1,0,0,0,1
28,O-,42,400,99,68.3,12.6,0,0,0,1
45,A+,12,25,109,77.8,14.7,0,0,0,0
49,O+,41,94,39,73.0,14.7,0,0,0,1
22,AB-,44,93,75,70.6,13.5,0,1,0,1
55,O-,45,400,119,83.2,12.9,1,0,0,0
27,A-,9,45,31,80.4,14.0,0,0,1,0
57,A-,39,45,15,57.4,15.0,0,1,0,0
41,A+,1,96,90,77.8,12.2,0,0,0,0
52,B-,49,96,49,80.7,16.1,0,0,0,1
40,AB+,21,78,28,71.1,13.5,0,0,1,1
34,A-,36,179,13,74.6,13.7,0,0,1,1
18,B-,28,78,63,64.6,15.6,0,0,0,1
48,B+,49,50,16,54.8,13.7,1,0,0,0
48,O+,13,96,113,88.8,13.7,0,1,1,0
59,AB-,9,184,56,53.3,12.8,0,0,0,1
59,B-,9,93,118,86.5,13.2,1,0,0,0
51,O+,46,89,60,67.3,13.0,0,0,0,1
26,O+,9,73,94,81.7,11.9,0,0,0,0
39,A-,47,400,40,68.3,11.5,0,0,1,0
30,O+,20,400,20,78.3,13.5,0,0,0,1
42,A-,35,400,71,72.9,12.3,0,0,0,0
35,O+,9,302,7,60.6,14.5,0,0,0,1
29,A+,45,400,120,69.5,13.6,0,0,0,1
57,O-,19,75,36,66.4,12.0,0,0,0,0
34,O-,29,17,64,75.1,15.5,0,0,1,0
32,B+,35,96,24,69.6,13.3,0,0,0,1
59,B+,44,119,71,71.1,14.4,0,0,0,1
32,AB-,20,93,90,56.7,15.6,0,0,0,1
32,A+,22,49,25,53.9,13.8,0,0,0,1
56,A-,17,365,18,68.8,13.8,0,0,0,1
30,A+,3,300,62,70.0,15.4,0,0,0,1
34,AB+,30,90,70,56.4,13.5,1,0,0,1
49,AB-,31,400,60,74.3,15.0,0,0,0,1
26,AB-,13,91,6,74.8,13.7,0,0,0,1
57,A-,9,92,89,69.7,14.0,0,0,1,1
37,A+,41,73,93,68.2,14.0,0,0,0,1
43,B+,0,365,13,54.1,13.4,0,0,0,0
44,O-,18,365,40,53.9,13.2,1,0,0,0
38,AB-,37,89,32,72.3,13.1,0,1,0,0
35,AB+,34,20,79,58.9,12.4,0,1,0,0
30,A-,17,115,106,59.7,13.3,0,0,0,1
33,AB-,31,116,73,71.1,13.5,0,0,1,1
26,O+,15,125,12,90.4,14.2,0,0,0,1
29,O-,50,400,107,63.6,13.7,0,0,1,1
55,B+,30,118,4,90.6,15.0,0,0,0,1
36,O-,41,118,79,67.2,14.9,0,0,0,1
24,AB-,42,124,118,74.2,15.3,0,0,0,1
52,AB+,25,400,17,78.6,13.6,0,0,0,1
35,O+,36,94,88,79.4,13.2,0,0,0,1
33,A-,10,75,94,71.7,12.3,0,0,0,0
56,A+,33,177,25,65.5,15.2,0,0,0,1
21,B-,37,89,64,77.1,12.5,0,0,0,1
42,AB-,18,125,73,72.7,12.8,0,1,0,1
49,O-,48,183,63,63.2,14.0,0,0,0,1
57,A+,11,175,57,83.5,13.5,0,0,0,1
30,B+,10,89,84,73.0,15.4,0,0,0,1
34,B-,20,95,29,59.8,13.0,0,0,0,1
54,O-,35,87,101,58.5,13.8,0,0,0,1
23,B+,38,185,23,89.5,11.8,0,0,0,1
36,A-,42,86,70,62.6,15.2,0,1,0,0
30,O+,31,115,67,76.3,12.0,0,0,0,1
43,B-,49,92,14,72.1,16.5,1,0,0,1
31,AB-,30,400,52,75.9,13.7,0,0,1,1
48,B-,6,74,60,89.0,13.5,0,0,0,1
21,AB+,31,178,45,79.0,13.8,1,0,0,1
56,O+,48,400,32,77.2,12.6,0,0,0,1
25,O+,29,178,46,65.8,14.5,0,0,0,1
42,AB-,22,178,42,60.7,13.4,1,0,0,1
30,B+,5,50,47,94.6,13.5,0,0,1,0
49,A+,35,400,53,67.5,15.2,0,0,0,1
55,O+,7,94,75,66.8,11.9,0,0,0,1
55,B-,25,400,64,71.2,13.6,1,0,1,0
45,O-,28,400,97,70.1,13.7,0,0,0,1
47,AB+,11,43,36,85.5,14.0,1,0,0,0
20,O+,16,116,40,73.9,13.2,0,0,0,1
45,A+,22,87,56,53.6,13.4,0,0,0,1
20,AB-,15,15,12,60.7,15.8,1,0,0,0
51,AB-,29,185,46,68.1,14.3,0,0,0,1
33,AB-,30,89,19,79.3,12.9,1,0,0,0
39,O-,45,177,57,51.3,14.5,0,0,0,1
49,AB+,19,22,86,73.4,13.9,1,0,0,0
55,AB+,28,92,98,76.0,14.6,1,0,0,1
25,AB-,31,124,91,77.7,13.6,0,0,0,1
25,O+,17,17,2,67.1,12.9,0,0,0,0
23,O+,24,75,71,79.5,12.0,0,1,0,0
31,O+,34,20,3,59.0,15.1,0,0,0,0
49,AB-,16,48,70,78.4,14.6,0,1,0,0
52,O-,37,87,13,67.3,14.2,0,0,0,1
27,B+,23,119,65,68.5,14.5,0,0,0,1
20,AB+,9,123,43,68.3,15.2,0,0,0,1
29,B-,11,87,77,75.2,11.9,1,0,0,0
48,A+,7,177,112,55.8,13.9,0,0,1,1
46,A-,4,22,0,77.7,11.8,0,0,0,0
22,A-,9,92,92,77.6,13.4,0,0,0,1
42,A+,29,180,97,64.7,14.2,0,0,0,1
58,O-,14,18,66,68.0,13.4,1,0,0,0
48,A-,46,19,52,58.5,15.7,0,0,0,0
38,AB-,1,181,120,55.2,13.5,0,0,1,0
37,B+,16,49,71,70.2,13.0,0,0,0,1
56,A+,25,71,36,70.2,13.8,0,0,0,1
39,AB-,48,95,107,64.3,12.7,0,0,0,1
21,AB+,11,95,80,54.3,12.8,0,1,0,1
30,A+,30,400,74,73.0,14.8,0,0,0,1
59,A-,12,91,34,64.0,14.9,0,0,0,1
37,O+,12,92,55,59.8,14.0,1,0,0,1
30,B-,6,123,62,82.0,14.5,0,0,0,1
34,O+,1,61,19,57.3,16.1,0,0,1,0
53,O+,10,23,29,74.2,13.7,0,1,0,0
50,O+,45,115,27,51.5,12.8,1,0,0,1
18,B-,44,175,42,52.2,14.4,1,0,0,1
32,O-,4,180,81,73.3,14.7,0,0,0,1
30,AB+,44,72,57,64.3,14.8,1,0,0,0
34,AB-,2,92,76,55.1,15.1,1,0,0,0
41,A-,50,119,81,78.4,14.9,0,0,0,1
25,A+,41,23,115,72.1,14.4,0,0,0,0
44,AB-,48,88,101,44.6,14.5,0,0,0,0
40,B+,40,177,92,78.6,14.3,0,0,1,1
25,O+,9,50,44,56.3,12.1,0,0,0,0
25,AB-,18,183,61,49.2,11.9,0,0,1,0
43,A-,42,183,50,59.0,12.6,1,0,0,0
30,A+,3,305,10,67.5,14.7,0,0,0,1
56,A-,11,180,91,68.9,13.3,0,0,1,1
54,A+,26,119,24,50.0,13.9,0,0,0,1
45,B-,35,115,35,52.5,15.5,0,0,0,1
42,B-,3,179,36,59.6,15.0,0,0,0,1
33,AB+,47,71,71,60.3,11.4,0,0,0,0
19,O+,35,400,63,76.4,14.6,0,0,1,1
35,A+,30,95,40,63.5,13.9,0,0,0,1
34,O+,10,177,5,76.2,13.1,0,0,0,1
47,O+,14,121,64,80.1,13.4,0,1,0,1
56,AB+,22,41,46,74.1,13.5,0,0,0,1
30,A-,29,184,14,42.0,12.4,0,0,0,0
49,A+,10,115,42,64.7,14.1,0,0,0,1
46,A+,5,95,29,66.2,16.2,0,0,1,1
47,AB+,15,45,28,67.4,14.9,0,0,0,1
35,B-,27,92,5,45.1,11.6,1,0,0,0
30,B+,27,49,50,59.6,14.1,0,0,0,1
60,B-,11,182,95,53.0,14.1,1,0,0,0
38,AB-,42,42,103,57.8,12.7,0,0,0,1
47,O-,0,999,49,65.2,12.5,0,0,0,0
38,B-,21,94,42,59.8,14.8,0,0,0,1
34,B-,24,41,63,58.6,13.9,0,0,0,1
57,O+,21,175,5,65.8,13.3,1,0,1,0
36,B-,4,46,78,62.6,14.5,0,0,0,0
32,A-,13,365,10,70.2,16.1,0,0,0,1
26,B-,9,93,44,63.4,14.1,0,0,0,1
27,O-,30,116,97,50.8,14.1,0,0,0,1
48,AB+,13,70,118,56.7,13.8,1,0,0,0
40,AB+,5,20,92,64.4,13.4,0,0,1,0
47,B-,27,123,83,63.1,14.7,1,0,0,1
50,A+,31,400,46,52.5,13.6,0,0,0,1
26,B-,12,96,86,75.4,14.3,0,0,0,1
18,O-,45,22,23,71.4,15.5,0,0,0,0
52,B-,30,400,46,61.4,14.6,0,0,0,1
28,O+,25,120,100,66.2,12.4,0,0,0,1
51,AB+,4,123,114,56.2,12.3,0,0,0,0
33,B+,16,96,15,77.4,15.2,0,0,0,1
26,B-,5,79,99,90.8,13.7,0,0,0,1
49,B-,21,25,30,60.9,14.1,0,0,0,0
32,A+,7,95,85,81.5,12.9,1,0,0,0
29,AB-,18,95,52,58.5,14.5,0,1,0,1
50,B-,34,120,2,62.1,15.9,0,0,0,1
31,O-,24,400,37,83.8,14.0,0,0,0,1
25,AB-,8,47,48,66.7,14.5,0,0,0,1
25,B+,36,24,24,75.6,15.2,0,0,0,0
44,O-,48,400,40,65.0,15.6,0,0,0,1
29,B-,44,182,30,48.2,13.1,1,0,0,0
18,AB+,35,181,23,93.7,14.3,0,0,1,1
60,O-,19,183,26,65.6,15.2,0,0,0,1
57,B-,23,184,55,69.7,15.5,0,0,0,1
59,B+,22,400,111,59.9,13.3,0,0,0,1
28,A-,4,115,24,76.6,13.1,1,0,0,0
56,O+,19,179,12,75.8,13.6,0,0,0,1
60,AB+,42,24,100,50.9,13.4,0,0,0,0
48,AB+,23,49,33,69.9,13.5,1,0,1,0
34,A+,48,116,56,77.6,14.3,0,0,0,1
50,AB-,11,180,50,81.2,13.2,0,0,0,1
49,A+,1,100,86,75.1,15.5,0,0,0,1
46,A+,10,116,71,76.1,13.4,1,1,0,0
38,AB-,25,41,97,62.1,13.1,0,0,0,1
38,A+,34,123,91,54.5,12.5,0,0,0,1
57,B+,38,77,118,64.6,15.2,0,0,0,1
40,AB-,14,183,84,54.2,12.4,1,0,1,0
23,O+,40,87,72,59.9,14.3,0,0,0,1
39,B+,25,88,11,59.7,14.6,0,0,0,1
55,AB-,9,94,25,57.7,10.6,0,0,0,1
54,B+,48,89,110,73.9,12.4,1,0,0,0
25,A-,50,92,87,56.9,13.4,1,0,0,1
58,A-,18,90,4,88.2,15.9,0,0,0,1
52,A+,24,86,7,78.9,13.4,0,0,0,1
28,B-,12,75,85,81.1,13.2,0,0,0,1
41,AB-,42,95,109,60.4,13.0,0,0,0,1
38,B-,47,93,120,70.2,13.0,0,0,0,1
19,B-,28,175,23,56.5,13.1,0,0,0,1
57,O-,13,125,50,70.4,13.1,1,0,0,1
36,AB+,32,77,9,48.6,13.0,0,0,0,0
56,AB+,44,46,56,79.7,13.0,0,0,1,1
45,A+,38,400,44,60.9,13.4,0,0,1,1
34,B-,6,125,64,71.3,14.8,0,0,0,1
23,B+,39,182,54,73.4,12.6,0,0,0,1
36,A-,33,89,12,61.9,13.1,0,0,0,1
55,B+,22,96,101,59.2,13.2,0,0,0,1
45,O+,27,22,3,66.7,13.8,0,0,0,0
19,O+,44,87,20,76.8,13.0,0,0,0,1
55,AB-,28,400,114,66.4,16.1,0,0,0,1
54,B-,3,179,34,74.6,14.4,0,0,0,1
21,AB-,48,177,9,76.7,14.9,1,0,0,0
39,O+,0,365,34,65.9,14.1,0,0,0,0
43,B-,38,400,77,66.8,15.3,0,1,0,0
60,A+,41,400,77,69.5,12.5,0,0,0,1
53,AB-,8,178,27,80.6,13.2,0,0,0,1
30,A+,43,41,113,64.2,12.9,0,0,1,1
49,A+,47,73,109,80.5,13.6,0,0,0,1
34,B+,14,121,53,70.8,15.5,0,0,0,1
58,O+,33,120,50,59.9,16.2,0,0,0,1
53,O-,25,93,90,67.5,14.9,0,0,0,1
36,B-,12,73,107,55.7,13.7,1,0,0,0
52,A-,47,177,100,53.2,15.0,0,0,0,1
57,AB+,18,94,99,74.7,15.4,0,0,0,1
45,O-,34,116,80,76.8,15.1,0,0,1,1
18,A+,27,95,36,67.6,13.7,1,0,0,1
59,A-,30,115,19,68.5,13.7,0,0,0,1
35,A+,49,40,117,61.7,13.1,0,0,0,1
57,A-,13,96,87,69.9,13.5,0,0,0,1
50,O+,27,400,53,89.8,12.9,0,1,1,0
29,B-,8,181,54,79.1,13.7,0,0,0,1
25,AB+,10,179,25,67.2,13.8,0,0,0,1
41,A+,4,71,33,66.2,12.9,0,0,1,0
33,B-,22,183,92,63.9,16.8,0,0,0,1
21,A-,9,79,90,52.5,14.1,0,0,1,0
55,O-,14,94,110,62.7,15.2,0,0,1,1
44,B+,10,365,117,75.4,15.1,0,0,0,1
26,A+,7,120,7,57.7,15.9,0,0,0,1
33,B-,3,182,27,64.9,12.8,0,0,0,1
29,B+,35,400,69,55.7,13.2,0,0,1,1
48,AB+,5,41,107,76.6,11.8,0,0,0,0
41,O+,11,365,7,54.0,12.0,1,0,0,0
31,AB-,42,42,92,74.5,12.7,0,0,0,1
42,A-,6,125,17,79.3,13.6,0,0,1,1
51,A-,43,94,109,64.4,13.7,0,0,0,1
20,AB-,9,74,32,60.4,17.3,0,0,0,1
41,B+,28,120,34,73.2,14.4,0,0,0,1
59,B+,36,400,97,85.6,14.9,1,0,0,0
26,A-,32,116,56,82.8,14.0,0,1,0,1
43,O-,5,70,7,67.2,12.4,0,0,1,0
37,A-,8,25,53,58.3,14.1,1,0,1,0
57,O-,8,23,59,65.4,12.0,0,0,0,0
27,O-,29,23,55,49.4,13.6,0,0,0,0
36,A-,1,35,95,61.9,14.5,0,0,0,0
20,AB-,28,40,53,73.0,13.2,0,0,0,1
41,AB-,48,125,93,64.0,14.0,0,0,0,1
22,AB+,26,72,21,61.4,13.1,0,0,0,1
20,A+,31,400,86,67.4,12.6,0,0,0,1
44,O+,35,116,78,65.0,14.3,0,0,0,1
33,AB-,31,77,34,76.3,14.9,0,0,0,1
32,O-,18,48,75,53.4,14.9,0,0,1,1
52,A-,44,119,84,73.8,13.5,0,0,0,1
29,A-,1,123,38,67.5,11.4,0,0,0,0
58,O+,6,78,110,72.8,13.9,0,0,0,1
43,B+,25,400,79,52.7,15.2,0,0,0,1
51,A+,50,400,91,77.7,12.4,0,0,0,0
40,O-,5,96,15,74.0,15.8,0,0,0,1
48,B+,39,184,27,86.4,11.5,0,0,0,1
37,O+,36,94,73,58.8,14.2,0,1,0,1
29,A+,17,89,120,61.6,14.7,0,0,1,1
40,B+,28,400,16,48.4,15.4,0,0,0,0
21,AB+,22,117,96,58.9,14.3,0,0,1,1
40,AB-,1,93,75,83.8,13.4,0,1,1,0
18,B+,49,184,118,71.2,14.0,0,0,0,1
42,O-,25,400,15,60.0,13.0,0,0,0,1
19,AB-,47,400,2,69.5,11.6,0,1,0,0
47,B-,39,43,77,67.3,13.5,0,0,0,1
20,AB+,30,119,93,47.0,14.3,0,0,0,1
38,A-,4,90,84,49.0,14.9,0,0,0,0
42,AB-,4,89,74,80.2,13.3,0,0,0,0
37,B+,50,117,103,76.1,15.4,0,1,0,1
39,A+,39,181,111,51.7,13.6,0,0,0,1
38,B-,27,400,116,66.6,14.3,0,0,0,1
50,AB+,38,73,31,60.1,14.6,0,0,0,1
55,A-,5,176,107,80.0,13.9,0,0,0,1
32,B+,32,86,51,72.9,13.7,0,1,1,0
32,AB-,47,400,61,55.8,15.5,0,0,1,1
42,A+,30,176,26,69.3,11.9,0,0,0,1
38,B-,13,119,87,67.5,13.8,0,1,0,1
41,AB-,41,72,41,67.6,11.8,0,0,0,0
22,A-,23,15,11,62.4,11.8,0,0,1,0
23,B+,2,125,103,68.3,13.7,0,0,1,0
60,A+,31,185,107,58.6,13.2,0,1,0,1
40,AB+,16,21,84,54.9,16.1,0,0,0,0
21,O+,20,400,101,54.3,13.5,0,1,0,0
44,O+,50,93,56,56.5,15.0,0,0,0,1
35,AB-,36,88,80,72.6,13.9,1,0,0,0
38,O+,44,122,86,72.9,12.5,0,0,0,1
45,O+,38,89,111,84.1,11.9,0,0,0,0
52,A-,35,176,82,65.5,12.3,0,0,0,1
39,B+,39,121,30,75.7,14.2,0,1,0,1
57,AB+,8,17,46,68.5,15.6,0,0,0,0
40,AB+,9,78,40,71.3,12.8,0,0,1,0
20,AB+,15,70,64,76.9,14.7,0,0,0,1
57,B+,45,119,27,74.4,13.6,0,0,1,1
27,B+,20,185,46,69.2,12.6,0,0,0,1
42,A-,48,87,50,61.3,14.2,1,0,0,0
25,AB+,0,365,1,71.0,15.6,0,0,0,0
28,AB+,41,17,74,83.0,13.7,1,0,0,0
22,O+,37,125,63,69.9,14.7,0,0,0,1
54,A+,22,181,108,63.7,14.1,0,0,0,1
55,AB+,48,185,64,77.0,14.1,0,0,0,1
46,AB+,49,77,92,52.8,12.9,0,0,0,1
22,O+,37,72,47,64.0,14.3,0,0,0,1
26,O+,32,115,36,57.2,12.2,0,0,0,1
19,O-,46,182,54,66.7,14.2,0,0,0,1
18,O+,28,50,40,81.7,15.3,0,0,1,1
57,A+,43,122,91,75.0,15.8,0,0,0,1
47,AB+,21,45,7,47.5,12.7,0,1,0,0
28,B+,31,123,35,61.2,14.3,1,0,0,1
45,A-,39,117,62,51.5,13.0,1,1,0,0
29,B-,2,25,31,79.6,14.0,0,0,0,0
56,B-,47,400,97,61.6,15.9,0,0,0,1
43,O-,35,87,64,68.8,14.8,0,0,0,1
30,AB-,15,86,14,69.4,13.1,0,0,0,1
25,AB+,16,365,71,70.3,13.0,0,0,0,1
45,AB+,17,50,88,42.0,13.8,0,0,0,0
47,A+,23,119,58,72.0,13.9,0,0,0,1
26,B-,10,74,22,62.0,13.9,0,0,1,0
56,O+,23,178,22,77.3,12.2,0,0,0,1
48,O+,30,22,90,70.2,16.0,1,0,0,0
38,O+,48,15,24,74.9,16.1,0,1,0,0
51,B+,22,184,50,60.0,14.3,0,0,0,1
48,AB-,26,184,63,55.6,12.8,0,0,1,1
42,B-,14,117,107,77.8,13.1,1,0,0,1
29,B-,37,183,74,74.2,12.8,0,0,0,1
18,AB+,47,125,101,70.4,12.7,0,0,0,1
39,B+,27,18,120,70.4,13.1,0,0,0,0
57,A+,5,122,111,72.6,14.3,0,0,0,1
54,O-,11,95,51,53.8,13.9,0,0,0,1
18,O+,13,182,108,79.8,15.5,0,0,0,1
18,A+,36,95,78,66.3,12.1,0,0,0,1
59,O+,40,119,65,66.6,12.8,0,0,0,1
59,AB+,1,56,87,63.4,11.6,0,0,1,0
38,B+,39,176,2,42.0,14.0,0,0,0,1
32,O-,46,95,32,74.3,15.6,0,0,1,1
34,O-,13,122,64,57.0,13.3,1,0,1,0
39,O-,32,125,81,69.2,15.3,0,0,0,1
55,AB+,1,118,64,59.0,14.6,1,0,0,0
52,B+,44,93,97,64.2,14.8,0,0,0,1
33,B+,6,18,4,63.6,14.4,0,0,0,0
25,B+,5,122,58,58.7,15.8,0,0,0,1
34,B+,43,94,104,65.5,13.6,0,0,0,1
34,A+,25,183,83,62.7,14.6,0,0,0,1
43,B-,29,125,73,56.6,15.8,0,0,0,1
30,AB+,44,46,99,80.9,12.7,0,0,0,1
34,O+,38,49,67,59.2,13.6,0,0,0,1
55,AB-,8,89,114,74.2,14.4,0,0,0,1
34,O+,44,46,54,75.4,12.9,0,0,0,1
31,A-,39,90,83,78.2,12.8,0,0,1,1
23,O+,46,118,64,62.0,16.0,0,0,1,1
52,A-,46,49,75,65.8,12.9,0,0,0,1
31,AB-,30,40,88,66.2,13.4,0,0,0,1
25,A-,2,122,108,73.8,14.0,0,1,0,0
32,A-,32,88,66,65.3,14.3,0,0,0,1
44,AB-,20,400,28,73.0,13.2,0,0,0,1
30,A+,40,120,106,65.2,13.6,0,0,0,1
48,A+,23,400,80,80.3,12.7,0,0,0,1
52,AB+,8,87,8,67.9,13.2,0,0,0,0
23,AB-,21,94,2,66.5,14.6,0,0,0,1
22,AB-,39,94,85,71.7,14.8,0,1,1,1
39,B+,19,77,117,86.0,14.9,0,0,0,1
40,A-,1,57,33,61.3,13.8,0,0,0,0
42,B+,1,365,55,79.4,13.6,0,0,0,1
51,O+,36,183,114,59.0,12.4,0,0,1,0
43,B+,29,80,31,68.5,13.4,0,0,0,1
22,B+,50,177,116,59.3,14.0,0,0,0,1
43,AB-,37,116,75,63.9,15.0,0,0,1,1
37,O+,38,400,7,60.5,11.7,0,0,0,0
23,AB-,50,44,109,75.7,13.4,0,0,0,1
23,AB-,39,115,6,62.5,11.3,0,0,0,1
35,A+,49,91,11,73.8,12.0,0,0,0,1
21,O+,0,999,92,62.2,15.2,0,0,0,0
34,AB-,20,181,57,67.9,12.4,0,0,0,1
31,AB+,14,48,44,84.0,13.9,0,0,0,1
31,B-,14,93,47,59.8,14.9,0,0,0,1
30,B+,13,41,35,60.0,13.3,0,0,0,1
24,A-,25,89,101,65.3,12.5,0,1,0,0
32,AB-,16,175,110,67.8,13.9,0,0,0,1
36,A-,2,116,3,74.8,15.5,0,1,1,0
60,O+,21,86,88,68.5,14.9,0,0,0,1
52,B-,43,42,35,70.7,13.5,0,0,1,1
34,B-,43,78,93,55.3,13.2,0,0,1,1
52,AB+,34,400,99,71.3,15.1,1,0,0,0
36,A+,41,180,66,71.6,12.2,0,0,0,1
37,O+,27,50,16,75.4,14.8,0,0,0,1
53,AB+,8,182,4,64.4,13.2,0,0,0,1
52,AB+,45,121,12,67.9,12.2,0,0,0,1
49,AB+,39,73,89,75.8,11.9,0,0,0,0
57,A-,38,184,118,56.4,15.6,0,0,0,1
41,O+,19,90,73,48.3,13.6,0,0,0,1
34,O+,42,44,15,55.8,12.8,0,0,0,1
24,O+,39,400,47,61.0,13.8,0,0,0,1
60,A+,17,115,56,79.8,13.2,0,1,0,1
18,AB-,42,125,87,90.3,13.2,0,0,0,1
52,B+,21,44,51,58.0,13.3,0,0,0,1
49,AB-,42,122,94,67.1,13.8,1,1,0,0
53,A-,38,94,0,62.2,14.6,0,0,0,1
30,AB+,43,125,79,73.3,12.1,0,1,0,0
23,AB-,26,175,64,71.1,15.3,0,0,0,1
31,B+,44,115,103,58.4,12.8,0,0,0,1
54,A-,30,121,112,61.2,14.1,0,0,1,1
32,A-,15,73,14,66.4,13.7,0,0,0,1
21,O+,28,49,89,81.5,12.9,0,0,0,1
57,A-,27,400,63,60.8,15.0,0,0,0,1
33,AB+,8,88,62,50.9,12.9,0,0,1,0
45,B-,25,400,20,82.3,15.4,0,0,0,1
33,O+,28,93,72,73.5,14.5,0,0,0,1
21,O-,13,73,89,55.2,13.0,0,1,0,0
43,A-,3,41,103,71.4,12.5,0,0,0,0
45,AB+,1,365,76,76.9,15.0,0,0,0,1
49,O+,24,400,83,69.0,12.5,0,0,0,1
19,B-,35,91,71,83.0,13.7,0,0,1,1
48,AB-,19,25,13,74.1,14.6,0,0,0,0
20,A-,36,182,117,71.4,14.3,0,1,0,1
25,AB-,9,89,114,70.2,13.6,0,1,0,0
41,AB+,42,23,0,69.5,13.0,0,0,0,0
32,O+,41,118,89,77.7,14.6,0,0,1,1
60,O-,32,15,82,66.4,11.7,0,0,0,0
48,AB+,20,86,103,78.4,14.1,0,0,0,1
26,B-,20,70,41,71.4,12.4,0,0,0,0
56,O-,35,116,82,69.2,12.8,1,0,0,1
19,AB+,5,70,93,64.6,14.2,0,0,0,1
25,O-,11,365,118,64.7,13.0,0,0,0,1
24,O+,8,22,11,71.5,15.1,0,1,0,0
56,O-,39,400,60,79.1,14.6,1,0,1,0
59,B-,10,119,72,73.5,13.0,0,0,0,1
33,A+,14,87,70,60.1,13.6,0,0,0,1
52,B-,42,47,9,50.4,12.6,0,0,0,1
47,O-,47,96,106,76.1,14.3,1,0,1,0
27,AB-,13,95,70,97.5,15.5,0,0,0,1
55,B-,24,93,13,65.0,12.5,0,0,0,1
35,AB+,6,49,112,62.9,14.0,0,0,0,1
22,O-,18,40,68,77.0,14.2,0,0,0,1
46,O-,47,121,35,58.5,12.4,0,0,0,1
56,A+,43,70,109,84.5,12.7,0,0,0,1
51,B+,45,400,11,72.5,11.8,0,0,0,0
60,AB-,37,119,119,67.7,14.4,0,0,0,1
40,O-,7,183,120,59.5,13.4,0,0,0,1
22,AB+,12,117,20,77.7,13.0,0,0,0,1
47,O-,33,21,25,63.1,16.1,0,0,0,0
23,A+,37,118,105,75.8,11.8,0,0,0,1
21,AB-,14,122,63,72.4,15.2,0,0,0,1
46,AB+,20,17,33,82.2,11.4,0,0,0,0
40,B+,10,75,84,69.7,13.2,0,0,0,1
23,B-,21,119,1,102.3,11.9,0,1,0,0
49,AB+,15,78,29,74.1,12.9,0,0,0,1
59,O-,29,400,56,69.6,13.2,0,0,1,1
35,O-,15,96,10,63.7,13.0,0,0,0,1
32,A+,5,25,53,77.6,14.1,0,0,0,0
57,A-,9,79,46,64.0,14.8,0,0,0,1
49,AB+,49,70,61,59.5,13.7,0,0,0,1
26,B-,39,86,51,62.8,14.2,0,0,0,1
54,A-,8,299,50,65.9,15.5,0,0,0,1
27,O+,21,78,51,92.7,13.0,1,0,0,0
37,AB+,15,117,53,71.2,14.8,1,0,0,1
23,AB-,8,72,15,60.7,16.6,0,0,0,0
20,A-,32,71,64,80.0,15.8,0,0,0,1
59,O-,50,116,65,70.1,15.6,0,0,0,1
28,A-,30,20,45,82.2,14.6,0,0,0,0
60,AB+,26,119,115,89.0,15.1,0,0,0,1
34,AB-,37,400,21,51.6,13.3,0,0,0,1
49,B+,48,44,6,42.0,13.7,0,0,0,0
21,A-,33,94,26,89.9,13.6,0,1,0,1
21,AB-,17,365,80,60.4,13.1,0,0,0,1
34,AB-,45,47,108,49.3,14.0,0,0,1,0
58,B+,16,87,26,62.2,13.2,0,0,0,1
36,AB-,38,400,3,57.4,13.9,0,0,1,1
22,O+,45,400,67,59.5,12.3,0,0,0,0
49,B-,4,116,7,77.4,13.2,0,0,0,1
39,A-,19,119,51,64.0,15.2,0,0,0,1
23,AB-,11,92,58,50.2,14.0,0,0,1,1
52,A+,5,71,19,68.4,15.3,0,0,0,0
39,O-,31,96,116,58.6,13.1,1,0,0,1
18,AB-,7,43,25,65.3,13.5,1,0,0,0
37,AB-,0,999,112,65.9,14.0,0,0,1,0
39,A+,40,21,39,77.3,13.6,0,0,0,0
28,AB+,45,400,99,62.4,12.3,0,0,1,0
30,AB-,34,90,94,75.7,14.4,0,0,1,1
59,B+,12,180,119,50.5,12.7,0,0,0,1
20,B+,32,115,28,77.9,13.8,0,0,0,1
26,O-,33,119,52,82.3,11.5,0,0,0,1
29,O+,17,70,23,65.5,13.1,0,0,0,1
40,B+,6,120,119,59.0,13.7,0,0,0,1
31,B+,42,400,16,56.1,14.4,0,0,0,1
50,O-,31,91,16,67.7,12.4,0,0,0,1
35,A+,33,117,82,81.4,12.8,1,0,0,1
58,A-,21,44,60,63.3,15.7,0,0,0,1
26,AB-,50,400,106,80.2,16.0,0,0,0,1
40,B+,7,95,42,55.3,14.4,1,0,0,0
27,A-,10,46,28,64.1,15.2,0,0,0,1
36,A-,12,117,57,67.5,13.4,0,0,0,1
22,B+,47,400,23,70.4,14.5,0,0,0,1
40,B+,49,178,45,64.3,14.5,0,0,0,1
47,A+,36,21,107,81.7,12.8,0,0,1,0
42,AB-,11,71,99,81.9,14.0,1,0,0,0
45,B-,10,19,14,66.1,13.5,0,0,0,0
51,B+,25,80,68,62.3,14.2,0,0,0,1
42,O+,27,118,44,61.4,13.2,0,0,1,1
27,O-,13,177,1,79.4,12.2,0,0,0,1
31,O+,2,64,82,60.7,13.8,1,0,0,0
59,A+,23,91,118,51.9,14.7,0,0,0,1
47,AB+,36,78,1,53.6,14.7,0,0,0,1
58,A+,32,400,24,75.3,11.8,0,0,0,0
42,AB-,44,180,54,53.0,14.0,0,0,0,1
31,A-,49,124,105,63.6,14.6,0,1,0,1
52,A-,46,120,81,69.1,14.0,0,1,1,1
51,A+,21,176,81,49.5,14.8,1,0,0,0
27,AB+,34,121,56,70.0,12.2,1,0,0,0
52,O-,50,177,99,64.4,12.5,0,0,0,1
28,AB-,16,77,20,47.0,14.4,0,0,0,0
28,A+,38,92,40,70.1,13.4,0,0,0,1
38,AB-,8,89,6,72.4,15.1,0,0,0,0
38,O+,42,175,25,70.0,14.1,0,0,0,1
39,B+,30,178,2,73.5,12.8,0,0,0,1
24,O-,33,180,44,70.8,12.8,1,0,1,0
34,AB-,22,92,101,76.0,11.7,0,0,0,1
19,A+,46,48,29,57.6,14.6,0,1,0,0
29,AB-,18,118,102,52.6,13.7,0,0,0,1
59,A-,47,400,90,55.2,14.8,0,0,0,1
35,A+,50,93,46,59.1,14.1,0,0,1,1
28,AB+,12,72,82,90.2,13.9,1,0,0,0
33,O-,30,73,103,59.2,14.7,1,0,0,0
35,B-,45,176,108,62.3,13.7,0,0,1,1
52,A+,48,180,4,65.4,13.4,0,0,0,1
43,AB+,23,87,108,64.1,13.8,0,0,0,1
33,AB+,33,175,64,88.0,14.7,0,0,0,1
23,A+,26,179,32,49.0,12.8,0,0,0,1
60,AB-,22,94,9,92.0,14.8,0,0,0,1
59,AB+,35,400,98,69.6,13.9,0,0,0,1
29,A-,4,70,100,78.6,13.4,1,0,1,0
30,AB+,20,93,45,68.2,14.0,0,1,0,1
21,AB+,23,49,44,77.0,15.1,0,0,0,1
56,A+,21,94,88,57.6,15.1,0,0,0,1
19,O-,29,177,66,53.1,14.2,0,0,0,1
43,O-,28,400,74,96.5,14.5,0,0,0,1
44,A-,1,60,101,89.0,13.8,0,0,0,0
44,AB-,23,88,81,56.4,13.2,0,0,1,1
32,B+,28,41,21,75.9,14.3,0,0,0,1
25,AB+,15,179,108,80.7,13.3,1,0,0,1
24,AB-,7,50,77,75.3,12.7,0,0,0,1
57,O+,49,123,104,65.7,13.3,1,0,0,1
29,A-,30,184,49,90.3,12.0,0,0,0,1
30,B+,4,79,15,75.6,12.4,0,0,0,0
60,O-,27,74,24,57.8,16.0,0,0,1,1
34,B-,50,400,71,63.7,15.0,0,0,0,1
34,O+,20,179,74,56.2,13.5,0,0,0,1
53,A-,48,71,11,66.8,14.4,0,0,0,1
38,B+,19,179,69,66.5,12.8,0,0,0,1
25,O-,17,124,13,76.3,14.5,0,0,0,1
22,O-,41,182,24,76.1,14.1,0,0,0,1
43,B-,6,95,44,72.3,13.0,0,0,0,1
33,AB-,45,400,69,72.0,13.4,0,1,0,0
53,B+,33,400,49,79.5,13.4,0,0,0,1
45,AB-,7,96,31,65.5,14.7,0,0,0,1
46,A-,21,72,7,42.0,13.7,0,0,0,0
29,AB-,32,400,62,91.2,12.1,1,0,0,0
54,AB+,16,122,37,58.0,13.3,0,0,0,1
47,AB-,30,115,41,75.7,12.9,0,0,0,1
40,AB+,1,122,85,64.3,12.2,0,0,0,0
33,B+,9,184,29,83.4,13.0,0,0,0,1
31,O-,49,22,22,57.4,11.4,0,0,0,0
27,A+,6,124,5,60.2,12.8,0,0,0,1
24,AB+,31,73,50,62.5,14.0,0,0,0,1
54,B-,42,118,100,74.1,14.3,0,0,0,1
46,O-,9,178,6,70.5,14.4,0,0,0,1
20,O+,25,400,15,74.2,14.9,0,0,0,1
32,B-,50,94,85,69.4,15.1,0,0,0,1
53,O+,41,78,6,78.3,12.7,0,0,0,1
36,B-,47,120,90,78.4,12.3,0,0,0,1
30,A-,12,178,42,84.7,13.8,0,0,0,1
59,B-,5,89,29,71.8,14.4,0,0,1,0
38,O+,44,123,109,71.7,12.9,0,0,0,1
54,AB-,35,95,110,87.4,14.1,0,0,0,1
44,B+,7,95,81,81.2,15.8,0,0,0,1
46,AB+,21,115,17,73.7,12.3,0,0,1,1
37,AB+,48,400,97,52.7,13.8,0,0,0,1
42,AB+,41,25,25,49.5,14.9,0,0,1,0
23,AB+,10,95,95,74.7,13.6,0,0,0,1
53,B-,40,95,42,75.2,14.3,0,0,1,1
19,O+,45,400,68,60.0,14.8,0,0,1,1
39,A-,50,41,75,71.9,13.5,0,0,0,1
49,A+,48,72,69,58.0,12.6,0,0,0,1
33,AB+,46,400,5,74.3,13.7,0,0,0,1
35,B-,37,120,19,74.6,12.6,0,1,0,1
22,O+,17,183,109,74.5,13.2,0,0,0,1
53,O-,36,80,96,71.7,14.3,0,0,0,1
47,A+,34,400,95,64.8,14.0,0,1,1,0
36,B+,36,400,106,65.7,14.9,0,1,1,0
40,AB-,18,116,10,80.8,14.1,1,0,1,0
51,B+,35,400,115,72.6,12.9,0,0,0,1
30,A-,38,185,73,73.4,12.7,0,0,0,1
60,A+,27,90,104,69.0,14.5,0,0,0,1
46,O-,10,21,66,75.2,14.1,0,0,0,0
53,AB-,14,123,68,78.5,13.6,0,0,0,1
39,O-,5,89,58,61.1,14.2,0,0,0,1
53,O-,25,95,90,74.5,13.0,0,0,0,1
26,AB-,41,94,22,65.5,11.1,0,1,0,0
56,AB-,16,125,98,71.5,14.9,0,0,0,1
36,A-,21,95,64,77.2,14.5,0,0,1,1
55,A-,49,119,109,52.0,13.7,0,0,0,1
23,O+,45,115,118,56.1,12.8,0,0,0,1
32,O-,9,48,56,60.7,13.6,0,0,0,1
37,A-,22,121,25,60.0,11.9,0,0,0,1
26,AB+,29,400,105,66.2,13.9,1,0,0,0
49,A+,21,400,113,86.6,11.7,0,0,0,0
21,O-,4,45,66,81.0,13.9,1,0,1,0
35,B-,2,99,97,61.6,13.0,0,0,1,0
22,A-,43,91,1,77.6,13.6,0,0,0,1
37,AB+,10,178,5,67.5,12.5,1,0,0,0
40,B-,0,730,1,71.8,15.5,0,0,0,0
28,O-,33,93,108,57.2,14.2,0,0,0,1
54,O-,28,94,67,53.5,13.0,1,0,0,1
39,B+,1,125,46,76.1,13.6,1,0,0,0
21,A+,14,19,59,68.4,15.6,0,0,0,0
46,AB-,21,400,17,73.7,12.8,0,0,0,1
51,A-,37,116,117,85.5,12.6,0,0,0,1
30,O-,26,119,94,65.4,12.5,0,0,0,1
59,A+,1,100,97,65.5,13.1,0,0,0,1
26,B+,47,125,60,87.5,15.4,0,0,0,1
59,A-,10,121,6,68.2,13.2,0,0,0,1
48,AB-,39,93,9,59.2,13.3,0,0,0,1
24,O-,27,400,114,76.1,14.0,0,0,0,1
21,B-,11,365,0,65.4,13.8,0,0,0,1
36,AB+,43,49,41,59.0,14.9,0,0,0,1
59,AB-,25,89,44,69.0,14.7,0,0,0,1
47,O-,31,94,41,77.1,14.2,0,0,0,1
48,A-,50,400,75,55.2,13.5,0,0,0,1
52,O+,27,47,75,55.0,14.9,0,0,0,1
38,B-,48,400,66,67.1,12.9,1,0,0,0
48,AB+,35,49,120,55.9,12.9,1,0,0,0
36,AB+,37,118,59,54.0,13.4,0,0,0,1
48,A+,47,45,83,68.1,15.1,0,0,0,1
49,AB-,13,365,35,80.2,12.9,0,0,0,1
19,A+,3,179,47,76.7,13.1,0,0,0,1
27,AB-,7,115,65,66.8,14.0,0,0,0,1
19,AB+,18,93,110,82.1,13.7,1,0,0,1
19,AB+,24,15,44,87.1,13.4,0,0,0,0
41,A-,35,400,106,73.4,14.3,0,0,0,1
34,A-,8,49,55,64.0,13.3,0,0,0,1
49,A-,42,41,29,85.2,15.0,0,0,0,1
33,O+,8,180,43,84.7,14.1,0,0,0,1
33,O-,39,15,26,70.8,14.9,0,1,0,0
56,AB-,30,89,14,81.5,12.9,1,0,1,0
48,O+,41,178,117,59.4,13.6,0,0,0,1
60,O-,27,79,31,45.3,11.7,0,0,0,0
41,B+,6,119,15,57.3,15.3,0,0,0,1
18,AB+,7,296,93,70.3,16.3,0,0,0,1
28,AB+,34,115,52,67.2,13.5,0,0,0,1
38,AB-,43,77,42,78.6,14.2,0,0,0,1
21,A-,49,400,117,51.7,13.9,0,1,0,0
24,A+,28,86,30,51.9,12.4,0,0,0,0
43,AB+,32,400,114,76.4,15.2,0,1,0,0
29,B-,47,95,11,52.2,13.5,0,0,0,1
48,A+,22,91,112,65.0,11.5,0,0,0,1
34,B+,37,86,2,68.3,13.0,0,0,0,1
50,B-,6,40,3,60.8,12.3,0,0,0,0
28,O-,14,121,93,74.4,13.9,0,0,0,1
45,A+,28,182,119,45.3,13.9,0,0,1,0
49,O+,24,94,88,88.2,15.1,0,0,0,1
18,O+,11,123,33,64.4,15.8,0,0,0,1
45,A+,35,118,14,66.1,15.9,0,0,0,1
59,A+,43,121,102,97.6,12.7,0,1,0,1
24,A-,34,88,60,53.0,14.5,0,0,0,1
19,B+,4,299,1,56.5,14.7,0,0,0,1
59,AB-,26,44,61,83.4,13.2,0,1,0,0
41,B+,21,91,57,50.9,14.1,0,0,0,1
21,A-,3,78,6,73.4,14.2,0,0,1,0
36,B-,6,300,105,61.3,13.3,0,0,0,1
43,O+,45,184,83,50.2,15.2,0,0,0,1
28,O+,11,80,43,73.8,14.1,0,0,0,1
57,B+,4,182,39,74.1,13.6,0,0,0,1
60,B-,37,400,92,68.0,12.5,0,0,1,1
28,B-,48,181,105,90.8,15.1,0,0,0,1
20,O+,12,87,114,59.5,13.9,0,0,0,1
29,O+,12,120,45,77.5,13.9,0,0,0,1
20,AB+,27,400,104,71.6,12.9,0,0,0,1
59,O-,13,118,16,78.7,14.8,0,1,0,1
44,B+,31,180,89,62.5,12.6,0,0,0,1
19,B-,26,95,1,52.8,11.4,1,0,0,0
33,A+,21,175,66,60.5,13.0,0,0,0,1
19,AB-,49,40,4,67.3,14.2,1,0,0,0
47,B+,45,400,11,75.5,14.2,1,1,0,0
37,A-,49,116,112,68.2,14.0,0,0,0,1
55,A+,14,87,41,70.4,13.6,0,0,0,1
45,A+,5,76,119,87.0,14.0,1,0,1,0
42,B+,27,88,0,67.7,16.9,0,0,0,1
49,O-,29,79,53,62.1,14.1,0,0,0,1
27,AB-,34,76,12,72.8,13.3,0,0,0,1
59,O-,39,94,52,49.1,13.7,0,0,0,1
57,A-,8,117,4,49.1,13.6,0,0,0,0
50,O+,15,74,12,66.5,13.9,1,0,1,0
30,O+,43,95,27,57.7,12.8,0,0,0,1
58,AB+,1,116,93,61.3,14.7,1,0,0,0
59,O+,8,18,5,78.3,14.1,0,0,0,0
54,A-,8,185,27,73.8,12.9,0,0,0,1
33,B+,1,365,73,67.2,14.9,0,0,0,1
39,AB+,34,176,29,68.9,11.7,0,0,0,1
37,AB-,5,75,78,63.3,16.2,1,0,0,0
60,B+,22,73,18,77.3,15.9,0,0,0,1
44,AB-,32,400,104,76.7,15.7,0,0,0,1
58,B+,36,183,25,78.9,13.3,1,0,0,0
33,AB+,27,78,74,78.4,14.1,0,0,0,1
51,B-,19,118,38,68.6,13.1,0,0,0,1
49,O+,47,400,40,60.3,14.3,0,0,0,1
43,A+,14,120,77,66.2,13.8,0,0,1,1
42,AB+,44,87,112,69.3,13.3,0,0,0,1
19,AB-,28,90,30,60.6,13.3,0,1,0,1
29,O-,37,93,68,85.9,13.9,0,0,0,1
57,A+,50,15,67,86.0,17.0,0,1,0,0
26,B+,2,122,13,66.7,15.2,0,0,0,1
29,A-,2,116,110,79.3,13.9,0,0,0,1
43,O+,10,87,89,74.2,13.6,0,0,0,1
26,O-,14,118,115,62.5,14.5,0,0,0,1
27,B-,24,115,68,72.5,13.1,0,0,0,1
49,A+,32,45,7,59.5,13.5,1,0,0,0
51,AB-,13,88,58,58.3,11.7,0,0,0,0
37,AB-,10,365,47,73.2,13.9,0,1,0,0
56,B+,8,89,64,73.4,13.9,0,0,0,1
19,A+,27,95,96,97.6,13.2,0,1,0,1
18,B-,40,91,83,66.3,14.3,0,0,0,1
53,B+,4,175,90,62.2,13.9,0,0,0,1
41,A-,13,15,82,78.2,13.2,0,0,0,0
44,B+,11,96,117,67.7,14.7,0,0,0,1
19,O+,12,86,114,60.9,13.6,0,0,0,1
48,A-,49,400,9,61.6,12.6,0,0,0,1
31,O+,35,88,16,66.0,11.9,0,0,0,0
19,A+,15,19,88,79.6,15.4,0,0,0,0
46,B-,11,88,45,72.7,13.9,0,0,0,1
32,B-,36,95,24,58.8,13.9,0,0,0,1
29,O-,12,86,49,88.2,13.8,0,0,0,1
54,AB-,42,183,82,58.0,15.1,0,0,0,1
45,B-,13,87,36,59.9,14.0,0,0,0,1
37,B-,24,44,19,80.8,15.5,0,1,0,0
56,A-,46,124,17,84.5,14.0,0,0,0,1
41,O+,13,118,97,71.9,10.9,0,0,0,1
38,O-,14,18,22,53.8,15.2,0,0,1,0
27,AB+,46,95,53,69.1,14.1,0,0,0,1
31,O-,46,24,86,53.0,13.2,1,0,0,0
54,O-,21,90,23,95.3,13.5,0,1,0,1
35,A-,24,119,21,71.2,13.5,0,0,0,1
41,AB-,11,47,65,76.8,12.4,1,0,0,0
31,AB-,33,90,85,63.9,14.8,0,0,0,1
51,B-,11,181,58,87.9,13.3,0,1,0,0
29,B+,48,400,18,62.5,12.8,0,0,0,1
39,B+,39,118,33,58.6,17.5,1,0,0,1
23,O-,35,18,32,71.4,12.5,0,0,0,0
53,A-,50,96,57,77.7,13.7,0,0,0,1
53,B+,24,400,40,91.4,11.3,0,0,0,0
39,AB-,34,116,4,85.8,15.2,0,0,1,1
31,A-,28,86,98,81.1,13.5,0,0,0,1
33,AB-,46,400,107,60.5,14.7,0,0,0,1
53,AB-,26,95,80,60.2,12.8,1,0,0,1
42,A-,15,125,33,58.3,12.0,0,0,1,1
49,O+,23,87,57,66.3,13.0,0,0,0,1
50,A-,44,86,88,47.0,15.3,0,0,0,0
53,A+,20,400,106,83.0,14.4,0,0,0,1
37,A-,41,183,107,56.7,12.0,0,1,0,0
35,O-,14,120,11,55.4,11.1,0,0,0,1
55,O-,22,118,13,63.5,13.4,0,0,0,1
20,B-,47,178,107,53.2,15.0,0,0,0,1
40,O-,41,177,111,75.1,13.0,0,0,0,1
49,B+,31,50,47,57.4,15.0,0,0,1,1
33,AB+,47,183,105,73.5,13.9,0,0,1,1
22,A+,28,87,76,78.2,15.7,0,0,0,1
21,B+,28,182,92,62.0,13.1,0,0,0,1
38,A+,3,95,105,60.1,13.7,0,0,0,1
57,A+,13,121,116,59.2,13.1,1,0,0,1
31,O+,8,299,61,56.1,14.9,0,1,0,0
56,O+,38,89,113,63.4,14.4,0,0,0,1
48,A+,14,95,119,68.7,11.9,0,0,1,1
31,AB-,42,182,42,52.8,14.6,1,0,0,0
23,A+,23,45,34,60.9,12.2,0,0,0,0
29,B-,0,999,93,69.7,12.8,0,1,0,0
33,O-,11,96,43,68.4,14.6,0,0,0,1
34,AB-,22,176,36,42.0,12.4,0,0,0,0
40,AB-,23,118,46,75.0,13.4,0,0,0,1
31,A+,35,185,50,81.6,14.6,0,0,0,1
24,O-,38,400,24,61.7,14.3,0,0,0,1
49,O-,38,122,69,48.9,14.2,0,0,0,1
32,A-,1,57,42,59.6,14.7,0,0,0,0
34,AB+,45,74,76,59.3,15.2,0,0,0,1
58,B+,19,179,63,81.2,12.4,0,0,0,1
51,A+,21,92,92,56.0,14.2,0,0,0,1
22,B+,36,44,74,64.1,14.9,0,0,1,1
44,AB-,36,117,109,86.5,14.6,0,0,0,1
40,A+,45,181,117,69.8,13.6,0,0,0,1
57,AB-,13,116,8,70.2,13.6,0,0,0,1
31,O-,9,79,60,66.9,14.7,0,0,0,1
32,B+,28,21,112,78.8,14.0,0,0,0,0
60,O-,41,45,23,72.4,15.0,0,0,0,1
50,A-,35,400,97,88.4,13.9,1,1,0,0
48,A+,25,120,7,89.6,13.4,0,0,0,1
52,AB-,15,88,67,71.5,11.9,0,0,0,0
34,A-,9,118,13,67.6,13.5,0,0,0,1
45,A+,27,95,48,69.8,12.4,0,0,0,1
36,B-,8,80,47,61.8,11.8,1,0,0,0
40,O+,19,365,29,69.5,12.8,0,0,1,1
49,O-,37,118,96,52.1,14.6,0,0,0,1
57,AB-,20,90,10,60.2,13.5,0,0,0,1
30,B-,22,124,42,76.7,14.0,0,0,1,1
37,AB-,16,94,46,73.9,14.5,1,0,0,1
52,O+,37,42,38,66.6,13.8,0,0,0,1
22,O+,27,122,18,72.6,13.0,0,0,0,1
26,AB+,9,76,87,84.6,13.3,0,0,0,1
46,AB-,16,96,71,63.8,14.6,0,0,0,1
23,O-,49,179,54,52.2,13.8,1,0,0,1
42,A-,20,89,36,74.9,11.0,0,0,0,0
48,AB-,27,89,6,73.9,13.4,0,0,0,1
39,O+,14,365,26,76.4,14.4,0,0,0,1
19,B+,29,116,105,54.8,14.0,0,0,0,1
22,AB+,23,40,118,51.5,12.7,0,0,1,1
44,A+,37,118,83,70.9,13.0,0,0,1,1
42,B+,44,117,30,70.1,11.7,0,0,0,1
25,AB+,10,120,50,64.1,14.4,1,0,1,0
18,O+,1,365,41,83.9,14.5,0,0,0,1
37,AB-,43,184,94,67.9,13.7,0,0,0,1
40,A-,46,47,52,81.5,13.4,0,0,0,1
49,A+,42,185,66,77.7,12.6,0,0,0,1
28,B+,1,65,76,56.0,14.2,0,0,0,0
56,B-,46,120,56,58.2,12.0,0,0,0,1
41,A+,26,400,1,53.9,14.7,0,0,0,1
28,B-,10,365,40,72.7,14.4,0,0,0,1
46,AB+,42,400,71,69.1,15.1,0,0,0,1
43,B+,46,48,92,82.9,13.9,0,0,0,1
33,AB-,8,75,74,74.5,13.2,0,0,0,1
52,O+,32,177,72,53.7,14.3,0,0,0,1
37,B+,26,121,109,62.9,14.7,0,0,0,1
20,A-,40,88,42,44.8,12.5,0,0,0,0
18,A-,48,91,71,71.2,13.7,0,0,0,1
18,O-,16,95,108,98.7,14.1,0,0,1,1
34,A-,39,180,51,69.4,14.3,0,0,0,1
19,AB+,4,298,33,70.2,13.4,0,0,0,1
46,AB-,39,124,98,67.8,14.5,0,0,0,1
37,O+,42,19,77,71.9,12.7,0,0,0,0
23,AB-,33,92,48,66.3,16.0,0,0,0,1
25,A+,17,94,36,74.8,13.1,0,0,0,1
46,A-,49,181,9,59.5,14.2,0,0,1,1
50,B+,9,297,53,60.0,13.2,0,0,0,1
20,AB+,41,47,39,53.8,13.9,0,0,0,1
52,A-,7,91,91,67.6,12.6,1,0,1,0
22,AB+,23,80,119,55.8,15.0,0,1,0,0
44,A-,35,49,102,84.0,12.9,0,0,1,1
29,AB-,44,120,29,63.3,13.9,0,0,0,1
37,O+,26,71,11,46.3,13.7,0,0,0,0
37,AB-,4,93,25,55.5,13.0,0,0,1,1
26,AB-,14,16,87,69.5,11.0,0,0,0,0
56,AB-,11,365,82,75.2,15.0,0,0,1,1
21,A+,40,175,61,71.9,14.0,0,0,0,1
36,B-,23,400,48,59.0,11.9,0,0,0,0
55,O-,39,181,37,61.7,11.7,0,0,0,1
44,A+,20,80,112,60.4,13.4,0,0,0,1
60,AB+,31,183,55,74.2,13.7,0,0,0,1
30,AB+,27,80,8,69.3,13.6,0,0,0,1
30,A-,24,92,86,63.1,15.4,0,0,0,1
39,A+,9,120,14,60.7,12.0,0,0,0,0
45,AB+,1,116,16,62.2,14.0,0,0,1,0
39,A+,45,178,28,68.1,14.5,0,0,1,1
60,AB+,15,92,11,82.7,14.5,0,0,0,1
36,O+,32,15,50,70.1,14.8,0,0,0,0
25,A+,15,118,2,64.3,13.9,1,0,0,0
25,O+,7,123,73,63.4,14.1,0,0,0,1
59,B+,50,117,94,86.7,13.4,0,0,0,1
43,A+,10,17,31,77.1,12.1,0,0,0,0
43,O+,2,365,79,78.8,14.2,1,1,0,0
40,AB+,17,119,109,76.2,13.4,0,0,0,1
60,A+,17,121,51,67.5,13.0,0,1,0,1
30,A-,20,20,15,81.2,14.2,0,0,0,0
45,AB-,39,177,1,51.9,14.3,0,0,0,1
26,AB-,40,95,105,85.1,13.0,0,0,0,1
37,A-,23,115,20,76.2,14.1,0,1,1,0
36,B+,4,50,62,73.3,13.7,0,0,0,0
56,AB+,0,999,6,59.7,14.0,0,0,0,0
29,O-,2,182,3,78.2,15.2,0,0,0,0
32,AB+,48,123,112,80.6,14.3,0,0,0,1
48,AB+,3,88,31,60.3,14.2,0,0,0,0
31,B-,0,730,53,60.6,12.8,1,0,0,0
28,B-,36,94,7,56.6,13.0,0,0,0,1
43,O-,42,185,27,74.0,14.3,0,0,0,1
59,B-,40,400,11,66.9,12.1,0,0,0,0
44,A-,43,121,101,91.3,13.4,0,0,0,1
28,AB-,50,88,53,51.1,13.0,1,0,0,0
55,O+,19,91,64,58.4,13.6,0,0,0,1
51,O-,20,77,54,68.1,13.6,1,0,1,0
60,A-,6,118,19,75.3,13.9,0,0,0,1
36,AB+,38,94,66,74.8,14.3,0,0,0,1
23,A+,28,79,7,68.9,14.9,1,0,0,0
55,B+,41,43,75,71.9,14.9,0,0,0,1
59,O+,4,86,41,69.3,13.5,0,1,1,0
45,B-,7,43,10,79.5,13.1,0,0,1,0
18,B-,40,96,10,61.9,12.9,0,0,0,1
52,O+,26,121,63,63.1,13.4,0,1,0,1
57,B-,45,75,71,75.6,12.7,0,0,0,1
25,B+,23,115,85,85.3,14.3,0,0,0,1
24,AB+,50,120,114,61.0,14.9,0,0,0,1
28,AB+,32,400,39,70.7,12.1,0,0,0,0
56,A+,30,90,27,63.8,13.8,0,0,0,1
21,B+,3,40,44,74.1,15.5,0,1,0,0
42,A+,7,22,72,49.9,12.2,0,0,0,0
29,B+,47,400,42,64.2,15.4,0,0,0,1
43,B+,22,400,79,61.7,12.9,0,0,0,1
55,A+,5,95,13,64.2,13.1,0,0,0,1
29,AB+,9,125,0,42.0,14.5,0,0,0,0
60,O-,30,72,97,90.3,14.4,0,1,0,0
54,AB-,28,17,78,42.0,13.7,0,0,0,0
41,A-,5,49,105,73.2,13.0,0,0,1,0
33,A-,17,122,3,53.8,12.4,0,0,0,1
30,O-,40,71,9,54.3,13.7,0,0,0,1
42,A-,33,116,58,69.5,13.6,0,0,0,1
21,O+,19,180,6,75.6,12.9,0,0,0,1
28,O-,8,125,35,56.2,13.5,0,0,0,1
49,AB+,40,86,59,55.8,14.1,0,0,0,1
24,A+,7,125,79,53.8,15.0,0,0,0,1
28,A-,19,181,90,70.4,14.0,0,0,0,1
45,B+,31,116,111,56.5,13.6,0,1,1,1
58,B+,14,122,116,82.2,12.9,0,0,0,1
40,A-,5,70,83,55.3,13.0,1,0,0,0
40,A+,8,89,117,74.0,14.0,1,0,0,0
45,B+,44,178,66,85.0,14.1,0,0,0,1
60,AB-,1,65,38,68.8,13.6,0,0,0,0
43,A+,43,185,109,48.3,14.8,0,0,0,1
42,B-,2,90,84,72.4,13.9,0,0,0,1
46,A-,36,184,71,65.3,13.3,1,0,0,0
36,A-,35,72,31,67.5,13.1,0,0,0,1
50,A-,10,180,5,85.4,13.0,0,0,0,1
53,O+,37,77,71,68.6,14.3,0,0,0,1
31,A-,3,91,49,73.6,13.1,0,0,0,1
31,A+,29,94,95,60.7,13.9,0,0,0,1
52,A-,42,23,66,64.9,12.9,0,0,0,0
47,O-,43,115,48,80.4,13.6,0,0,0,1
45,A-,29,175,28,69.5,13.7,0,0,0,1
34,O+,35,184,45,71.1,16.4,0,0,0,1
20,B+,46,122,64,79.0,12.4,0,0,0,1
33,B-,46,80,1,85.9,14.7,0,0,0,1
47,B-,23,118,96,55.3,13.0,0,0,0,1
46,A+,10,94,78,62.6,15.3,0,0,0,1
32,AB-,33,400,45,84.0,13.0,0,0,1,1
42,AB-,6,75,87,89.9,14.9,1,0,0,0
55,B-,28,96,48,65.1,14.0,0,0,1,1
59,AB-,5,71,72,71.0,12.3,0,1,0,0
55,AB+,25,79,77,71.9,14.0,0,0,0,1
40,B-,4,119,40,70.6,14.4,0,0,0,1
42,O-,10,183,46,70.7,14.4,0,1,0,0
59,B+,34,180,26,83.0,13.5,1,0,0,1
24,B+,16,89,29,48.2,16.7,0,0,0,0
39,A+,35,25,64,60.8,15.9,0,0,0,0
34,O+,18,86,99,75.0,14.2,0,0,0,1
35,O+,39,400,14,62.5,12.4,0,0,1,0
58,B-,0,999,93,71.2,12.7,0,0,0,0
27,O-,13,116,108,80.0,13.5,0,0,1,1
27,O-,30,92,87,85.6,13.7,0,0,0,1
24,A-,15,185,110,71.1,12.9,0,0,0,1
55,B+,14,45,45,84.4,13.2,0,0,0,1
44,B+,5,50,120,69.6,11.6,0,0,0,0
50,O-,24,95,26,64.7,11.4,1,0,1,0
18,O+,32,48,116,51.0,13.8,0,0,0,1
51,A+,46,400,18,57.0,15.6,0,0,0,1
21,B-,36,180,111,68.1,12.1,0,0,1,1
34,A-,48,125,66,68.3,13.6,0,0,0,1
21,B-,46,181,26,70.5,13.8,1,0,0,0
60,A+,18,121,66,88.2,14.2,0,0,0,1
43,B+,10,71,29,76.3,13.2,0,0,0,1
21,B+,31,400,5,76.8,12.6,0,0,0,1
18,B+,26,123,83,88.1,14.5,0,0,1,1
24,B+,41,120,105,64.1,11.7,0,0,1,1
47,AB+,36,400,104,62.4,14.2,0,0,0,1
26,B+,30,70,46,81.4,12.9,1,0,0,0
52,AB+,9,78,77,73.3,14.1,0,0,0,1
25,B-,10,71,27,67.5,15.1,0,0,0,1
41,B-,9,119,17,67.3,13.0,0,0,0,1
36,B-,11,116,75,66.1,13.4,0,0,0,1
53,A+,40,80,53,66.9,13.3,0,0,0,1
60,O+,8,124,104,68.0,16.3,0,0,0,1
44,A+,34,400,29,64.7,13.7,0,0,0,1
49,A+,15,365,29,74.1,13.6,0,0,0,1
31,AB-,24,42,65,76.2,13.7,0,0,0,1
35,O+,12,178,41,61.8,15.3,0,0,0,1
45,AB+,12,365,112,77.9,13.1,0,0,0,1
46,B-,17,88,45,54.0,14.7,0,0,0,1
33,AB+,22,92,117,73.5,13.0,0,0,1,1
52,AB-,7,41,97,74.1,12.9,0,0,0,1
48,A-,44,120,38,67.1,14.2,0,0,0,1
21,O+,42,94,113,68.6,15.1,0,0,0,1
54,B+,30,115,40,65.4,13.4,0,0,0,1
34,AB-,26,400,58,62.4,13.4,0,0,0,1
56,O+,49,118,9,68.0,14.5,0,0,1,1
43,A-,8,22,27,62.0,13.8,0,0,1,0
56,AB+,27,181,100,80.5,14.5,0,0,0,1
58,O-,44,76,12,44.9,12.0,0,0,0,0
21,B-,30,41,50,66.5,12.7,0,0,0,1
47,AB+,20,400,43,47.1,13.7,1,0,0,0
47,B-,13,125,22,56.3,14.3,0,0,0,1
39,O+,46,43,87,61.7,13.7,1,0,0,0
28,A-,46,183,66,82.7,13.9,0,0,0,1
19,AB+,12,365,114,80.7,14.5,0,0,0,1
29,O-,46,86,88,68.8,12.4,0,0,0,0
47,O+,27,77,59,68.7,14.5,0,0,0,1
53,O-,22,50,89,79.4,15.0,0,0,0,1
35,O+,14,95,110,80.4,13.4,0,0,0,1
43,B+,4,179,19,61.7,12.9,0,0,0,1
24,O-,39,123,22,75.4,14.8,1,0,1,0
18,AB+,2,25,101,57.5,15.7,0,0,0,0
43,A-,11,88,19,63.7,14.0,0,0,1,0
40,B+,42,180,24,74.5,12.8,0,0,0,1
43,AB+,31,47,21,60.8,13.8,0,0,0,1
23,B-,20,47,93,64.1,12.9,0,1,0,0
23,O+,43,93,65,49.8,14.6,0,0,0,1
25,A-,26,49,95,73.0,13.7,0,0,0,1
41,AB-,43,43,83,58.3,12.8,0,0,0,1
39,O+,17,178,60,59.0,14.0,0,0,0,1
36,A+,15,185,29,82.9,13.1,0,0,0,1
54,B-,12,178,61,60.4,12.4,0,0,0,1
35,B+,1,57,7,76.3,14.6,0,0,0,0
48,A-,23,119,72,80.1,14.1,0,0,0,1
54,O-,3,48,24,78.1,13.3,0,0,1,0
47,A+,20,400,50,65.3,15.2,0,1,0,0
59,B+,33,400,106,63.3,13.0,0,0,0,1
50,AB-,1,179,82,58.0,13.3,0,1,1,0
27,B+,45,46,75,48.6,14.2,0,0,1,0
54,A-,18,122,59,76.5,14.8,0,0,0,1
29,A+,41,400,48,75.4,14.2,0,0,0,1
47,B+,21,115,67,73.2,13.2,0,1,0,1
44,A-,45,400,48,42.0,13.5,0,0,0,0
56,O-,6,22,45,66.1,13.1,0,0,1,0
26,O+,45,183,76,74.9,13.4,0,0,0,1
38,A+,19,121,17,82.2,13.5,1,0,0,0
29,A-,39,175,107,71.3,14.3,0,0,1,1
46,A-,45,184,42,70.1,13.0,0,0,0,1
50,AB+,47,48,51,60.5,14.9,0,0,0,1
60,O-,44,87,94,72.2,13.8,0,0,0,1
32,B+,3,70,41,65.4,12.9,0,0,0,0
19,B+,21,124,93,60.0,14.2,0,0,0,1
56,AB-,1,61,61,55.3,13.7,0,0,0,0
35,B+,5,92,43,57.6,13.3,0,0,0,1
20,AB+,7,125,40,71.6,15.4,0,0,0,1
24,A-,30,117,46,52.7,13.5,0,1,0,1
60,O-,10,123,118,64.8,13.3,0,0,1,1
35,AB+,23,86,80,82.4,14.9,0,0,0,1
55,AB-,17,76,24,52.2,14.4,1,0,0,0
54,B-,10,178,38,72.9,14.6,1,0,0,1
50,A-,48,115,81,74.0,13.2,0,0,0,1
48,B+,44,119,49,64.8,14.0,1,0,1,0
28,AB-,31,92,61,74.8,12.3,1,0,0,0
21,AB+,25,124,44,65.9,11.7,0,0,0,1
35,A-,35,400,40,76.7,13.1,1,0,0,0
21,AB-,4,79,25,56.3,13.9,1,0,0,0
51,B+,24,115,45,88.8,16.4,0,1,1,1
46,AB-,22,185,119,83.8,15.2,0,0,0,1
41,AB+,14,116,12,43.5,12.6,0,0,0,1
39,AB-,17,91,110,80.9,14.8,0,0,1,1
19,AB+,7,182,28,61.7,12.3,0,0,0,0
23,A+,33,116,40,83.8,15.5,0,0,1,1
59,A+,40,400,1,79.1,13.2,1,0,0,0
42,B-,30,88,32,56.0,13.2,0,0,0,1
38,O+,47,44,63,74.3,14.9,0,1,0,0
33,AB+,49,178,89,60.3,13.2,1,0,0,1
48,A-,8,125,117,73.9,15.7,0,0,0,1
31,O+,32,24,91,68.5,13.2,0,0,0,0
56,A+,9,87,115,60.0,14.8,0,0,1,0
45,B-,19,179,13,53.3,13.9,0,0,0,1
49,AB+,36,400,25,70.5,14.5,0,0,1,1
45,O+,43,185,13,73.1,12.7,0,0,0,1
26,A-,48,76,100,66.3,11.8,0,0,0,0
39,O+,36,115,14,59.5,12.8,0,0,1,1
49,AB-,19,93,55,62.7,13.4,1,0,0,1
22,AB+,50,72,31,55.9,13.6,0,0,0,1
40,B-,13,77,68,76.1,13.3,0,0,0,1
22,A+,48,176,15,44.2,11.4,0,0,0,0
59,O+,0,999,90,78.5,13.1,0,0,0,0
49,A-,24,91,107,67.2,13.8,1,0,0,1
27,B-,42,16,102,73.7,13.5,0,0,0,0
56,AB+,11,94,62,74.8,13.4,0,0,1,1
32,A-,37,96,72,69.3,13.3,0,1,0,1
24,B-,38,87,117,63.7,13.9,0,0,0,1
46,O-,24,121,103,80.2,12.6,0,0,0,1
20,A+,11,365,17,49.1,13.5,0,0,0,0
36,A+,24,92,35,82.3,13.4,0,0,0,1
27,B-,32,123,77,55.6,12.4,0,0,0,1
45,AB-,16,121,82,64.4,13.6,0,0,0,1
46,B-,37,400,72,83.7,11.6,1,1,0,0
32,B-,29,400,6,92.5,13.1,0,0,0,1
52,A+,43,44,120,70.0,14.2,0,0,0,1
23,A+,36,124,7,53.1,14.3,0,1,0,1
29,AB+,1,29,13,77.4,13.8,0,0,0,0
55,AB-,25,175,120,67.6,14.0,0,0,0,1
30,O-,24,400,111,56.3,14.5,0,0,1,1
46,AB-,43,120,97,70.4,13.9,0,0,1,1
36,A-,12,185,4,53.6,15.1,0,0,0,1
20,B-,13,89,80,70.1,11.5,0,0,0,0
25,B+,26,181,30,57.9,14.7,0,0,1,1
25,AB+,38,95,83,46.4,11.4,0,0,0,0
37,A+,4,182,77,49.7,13.1,0,0,0,0
21,AB-,44,72,71,61.3,14.6,0,0,1,1
38,A-,18,365,88,73.5,14.5,0,0,0,1
20,B-,45,45,112,81.8,12.7,0,0,0,1
25,AB+,23,182,65,83.7,13.7,0,0,0,1
40,O-,0,999,65,51.4,13.1,0,1,1,0
33,AB-,25,23,45,65.5,14.7,0,0,0,0
30,O+,48,92,10,61.3,13.7,0,0,0,1
20,A-,28,96,82,66.8,13.1,0,0,0,1
26,A-,30,124,31,83.5,14.2,1,1,0,0
31,B+,3,49,13,69.8,14.4,1,0,0,0
30,A-,16,74,99,77.5,13.6,0,0,0,1
24,AB-,39,24,112,92.3,14.5,0,0,0,0
32,A-,28,71,117,50.8,15.5,1,0,0,0
24,A-,42,121,24,62.8,11.5,0,0,0,1
55,O+,36,400,108,74.3,15.1,0,0,0,1
51,B+,10,46,37,70.9,15.4,0,0,1,1
58,B-,6,22,42,79.5,14.3,0,0,0,0
39,B-,24,400,17,63.8,13.5,0,0,0,1
41,O+,28,87,29,70.3,12.1,0,0,0,0
54,B-,9,46,84,59.7,13.8,0,0,1,0
18,AB-,42,120,25,79.7,13.4,0,0,0,1
27,O-,20,400,88,68.5,12.3,0,0,1,0
60,B-,8,92,113,83.4,13.1,0,0,0,1
33,O+,47,18,106,83.5,13.8,0,0,1,0
25,B+,39,90,36,53.9,14.1,0,0,0,1
42,A+,2,184,25,85.2,12.7,0,0,1,0
29,O+,34,183,60,78.2,11.2,0,0,1,0
42,A+,46,94,50,66.3,13.5,0,0,0,1
34,AB-,8,118,24,77.3,12.8,1,0,0,0
43,O+,4,95,6,62.4,13.3,0,0,0,1
31,O-,20,120,35,83.0,11.5,0,0,0,1
58,B-,9,22,10,69.1,13.4,0,0,0,0
53,A+,12,185,15,77.8,14.2,0,0,0,1
40,B+,30,86,31,61.1,13.3,0,0,0,1
60,O+,16,118,7,71.1,13.9,0,0,1,1
23,B+,20,86,118,77.7,13.5,0,0,0,1
22,B-,42,90,53,71.4,11.6,0,0,0,1
60,B-,43,179,53,74.2,13.9,0,0,0,1
42,AB-,20,77,19,59.6,12.9,0,0,1,1
35,AB+,14,94,38,71.3,12.3,0,1,1,0
30,O+,27,175,23,59.7,14.5,0,0,0,1
60,B+,12,176,58,67.8,14.1,1,0,0,1
31,B-,35,120,9,62.6,13.1,0,0,1,1
45,B+,32,400,102,65.7,13.6,0,0,0,1
35,AB+,24,124,13,48.7,14.0,0,0,0,1
45,AB-,13,91,98,68.3,11.9,0,0,0,1
44,AB+,36,74,40,66.8,12.5,1,0,1,0
49,AB+,39,72,30,51.3,12.6,0,0,0,1
26,B-,1,25,71,71.8,14.3,0,0,0,0
57,A-,27,400,9,77.1,15.5,0,0,0,1
49,AB-,19,87,120,71.5,14.5,0,0,1,1
37,B+,11,123,106,76.6,13.9,0,0,1,1
45,A-,25,123,21,62.2,12.7,1,0,0,1
50,B-,6,15,112,65.7,14.6,0,0,0,0
21,A-,33,24,79,68.8,13.4,0,0,0,0
51,O-,3,122,34,69.6,12.7,0,0,0,1
20,A-,4,123,23,42.2,14.6,0,0,0,0
43,O+,24,24,22,57.9,15.3,1,0,1,0
25,B-,49,185,104,79.0,14.6,0,0,0,1
23,AB-,23,400,54,59.4,16.4,0,0,0,1
33,O+,3,45,96,65.3,13.0,0,0,0,0
41,B-,27,400,42,67.4,13.3,0,0,1,1
56,B-,15,89,66,53.3,12.8,0,0,0,1
47,A+,24,23,115,85.4,12.8,0,0,0,0
30,O-,21,178,54,67.7,15.3,1,0,0,1
22,A-,18,88,72,58.6,12.6,0,0,0,1
42,O-,42,175,8,75.1,13.2,1,0,0,0
37,B+,27,94,39,64.7,15.2,0,0,0,1
35,A+,30,400,94,68.6,14.2,0,0,0,1
35,A-,20,118,84,83.5,12.7,0,0,0,1
19,B-,7,183,41,62.0,13.7,0,0,0,1
27,B-,43,15,22,80.6,11.9,0,0,0,0
29,A-,31,123,21,64.2,13.6,0,0,1,1
30,A-,11,42,90,68.8,13.9,1,0,1,0
28,A-,28,400,93,71.3,14.0,0,0,0,1
36,AB-,24,87,79,64.2,15.9,0,0,0,1
52,A-,19,182,13,56.8,14.6,0,0,0,1
56,AB+,34,177,24,73.0,12.5,0,0,0,1
43,O-,30,87,49,80.3,13.9,0,0,0,1
31,B-,24,48,86,74.9,13.7,0,0,0,1
41,O-,0,365,42,74.6,15.9,0,0,0,0
58,A+,28,125,31,63.0,13.3,0,0,0,1
18,A-,35,92,86,75.6,13.9,0,0,0,1
60,O-,40,177,42,71.9,14.1,0,0,0,1
39,A+,42,18,91,77.5,12.6,0,1,0,0
40,AB+,18,124,107,69.1,12.1,0,0,0,1
36,AB+,19,117,65,74.6,13.6,0,0,0,1
35,B+,0,999,3,62.7,14.5,0,0,0,0
29,A+,13,96,101,75.6,12.4,0,0,0,1
45,O+,26,118,76,54.1,13.7,0,0,0,1
45,B-,5,49,20,64.3,13.1,0,0,1,0
50,AB-,5,88,95,60.3,11.7,1,0,0,0
36,AB-,24,47,8,105.0,14.1,0,0,0,1
45,A+,43,120,20,75.2,14.3,1,0,0,1
54,AB+,17,365,29,56.1,14.5,0,0,0,1
43,A-,49,75,105,53.0,14.7,0,0,1,1
52,B+,50,121,119,48.8,13.7,0,0,0,1
51,AB-,37,89,118,55.5,14.2,0,0,1,1
52,O-,31,119,75,58.7,14.0,0,0,0,1
57,B+,26,76,56,57.3,11.0,0,0,0,0
33,A+,39,90,85,62.9,12.2,0,0,0,1
55,AB-,3,300,49,77.2,13.0,0,0,0,1
30,AB-,16,24,101,65.8,13.9,0,0,0,0
40,AB+,42,179,48,75.8,14.1,0,0,0,1
39,B-,20,180,26,56.3,14.5,0,0,0,1
33,AB-,10,365,19,63.8,14.5,0,0,0,1
45,B-,15,120,106,57.7,14.0,0,0,0,1
52,A-,8,305,90,72.9,14.3,0,0,0,1
25,O-,3,115,26,66.0,15.5,0,0,1,1
39,O-,46,20,5,87.5,14.3,0,0,0,0
38,AB-,34,400,108,60.6,13.8,0,0,1,1
43,O-,2,93,72,56.6,14.3,0,0,1,0
57,AB-,11,365,113,71.3,14.7,0,0,0,1
38,AB-,22,121,109,66.1,15.5,0,1,1,1
42,A-,0,999,55,73.5,12.6,0,0,0,0
58,O+,37,80,48,67.3,12.0,0,1,0,0
18,A+,32,121,60,66.5,14.0,0,0,0,1
23,A-,26,44,56,60.7,12.2,0,0,0,0
40,AB+,35,117,105,65.0,13.5,0,1,0,1
40,AB-,43,400,109,51.2,15.8,0,0,0,1
60,AB-,30,122,22,81.2,13.8,0,0,0,1
60,A+,45,400,80,82.0,13.8,0,0,0,1
40,O+,11,117,77,78.3,13.4,0,0,0,1
49,A-,50,181,53,63.0,15.5,0,0,0,1
47,A-,23,124,115,61.1,14.3,0,0,0,1
30,AB+,7,46,56,73.5,13.3,0,0,0,1
60,A+,20,91,84,57.5,15.4,0,0,0,1
35,AB+,34,16,81,80.5,14.0,0,0,0,0
40,A-,32,88,76,42.0,13.3,1,0,0,0
32,AB-,42,180,111,63.0,11.5,0,0,0,1
50,O+,36,400,14,56.3,14.0,0,0,0,1
38,A+,18,118,82,81.7,13.3,1,0,0,1
56,O-,37,75,65,79.8,13.5,0,0,0,1
40,AB-,13,365,85,74.2,13.4,0,0,0,1
44,B-,48,94,58,89.1,11.8,0,1,0,0
35,B+,24,400,81,68.1,16.6,1,0,0,0
41,A+,28,17,109,74.9,13.0,1,0,0,0
57,AB+,25,119,103,50.4,14.5,0,0,0,1
59,A-,36,18,16,64.5,13.6,0,0,0,0
24,O-,37,95,99,69.2,10.8,0,0,1,1
37,O+,32,45,98,57.9,13.6,1,0,0,0
44,AB-,10,73,26,70.8,13.9,0,0,1,1
23,A-,42,41,7,46.3,13.2,1,1,0,0
44,O+,25,116,21,73.5,15.4,0,0,1,1
26,A+,7,88,40,63.2,15.8,0,0,0,1
48,B+,19,365,87,59.3,14.1,0,1,0,0
38,B-,36,90,115,76.2,14.3,0,0,0,1
43,AB+,37,118,48,84.1,12.5,0,0,0,1
57,B-,29,86,8,77.8,12.5,0,0,0,1
30,B-,50,175,86,59.1,13.1,0,1,0,1
40,B-,10,121,89,75.3,16.0,0,0,0,1
37,AB-,2,121,75,65.2,13.2,0,0,0,1
54,AB+,7,79,56,80.4,15.2,0,0,0,1
45,AB-,2,184,85,70.4,13.0,0,0,0,1
34,B+,14,76,111,51.8,12.7,1,0,0,0
45,O-,24,15,115,65.3,13.2,0,0,1,0
58,B-,6,41,80,58.9,13.2,0,0,0,1
19,AB-,34,74,108,59.5,13.0,0,0,0,1
42,O+,38,46,63,64.4,15.5,0,0,0,1
58,A-,31,400,100,71.0,13.7,0,0,0,1
23,A-,25,116,43,78.0,13.6,0,0,0,1
28,O-,48,47,20,62.2,13.8,0,0,0,1
55,AB+,33,125,105,81.3,14.8,0,0,0,1
23,AB-,13,115,5,49.3,13.8,1,0,0,0
28,O+,26,177,116,58.8,14.1,0,0,0,1
31,A-,26,75,80,90.5,14.9,0,0,0,1
19,A+,34,96,23,55.4,12.6,1,0,0,1
57,A+,33,124,115,81.8,12.9,0,0,0,1
20,O-,33,48,62,67.7,13.9,0,1,0,0
52,B-,4,46,27,67.2,13.0,1,0,0,0
50,AB+,9,87,53,78.3,13.5,0,0,0,1
41,B+,16,76,88,76.7,12.6,0,1,1,0
36,A+,8,177,28,82.7,12.9,1,0,0,0
35,B-,8,181,79,65.3,15.0,0,0,0,1
41,O-,8,45,6,69.6,13.4,0,0,0,0
52,B-,14,46,110,65.2,13.3,0,0,0,1
18,O-,24,125,7,55.8,12.9,0,0,0,1
53,B-,22,78,20,69.9,12.8,0,0,0,1
42,AB-,26,400,0,66.2,12.7,0,0,0,1
60,O-,16,176,109,47.4,12.4,0,0,0,0
51,AB-,10,89,102,80.2,13.0,0,0,0,1
42,A+,23,124,106,69.6,13.7,0,0,0,1
33,B+,28,92,4,60.3,14.5,0,0,0,1
51,AB-,5,177,9,71.7,13.7,0,0,0,1
46,B-,25,86,43,62.2,12.7,0,0,0,1
36,O+,18,96,8,70.2,13.2,1,0,0,0
40,AB-,47,93,50,83.3,13.1,1,0,0,1
36,A-,6,175,69,72.4,13.1,0,0,1,1
42,AB+,21,92,21,62.6,13.4,0,0,1,1
33,B-,16,50,119,56.7,14.8,0,1,0,0
26,A+,40,76,13,60.1,14.5,0,0,0,1
18,B+,21,49,23,76.9,15.6,0,0,1,1
59,AB-,0,730,24,67.4,12.8,0,0,0,0
36,A+,27,94,3,74.2,12.6,0,0,0,1
50,A+,26,92,25,64.9,13.4,0,0,0,1
51,A+,0,999,76,57.7,15.1,0,0,0,0
33,O-,47,125,118,74.6,11.5,0,0,1,1
57,O-,16,92,101,59.1,13.9,0,0,0,1
35,A-,24,182,75,63.5,13.4,0,0,0,1
51,O+,23,95,56,54.5,14.5,0,0,0,1
42,O+,33,71,88,57.7,14.3,0,0,0,1
23,AB+,0,365,107,77.9,14.5,0,0,0,0
38,AB-,4,90,56,79.5,14.3,0,0,0,1
23,AB+,33,400,45,80.0,16.9,0,0,0,1
49,AB-,28,175,3,80.0,15.8,0,0,0,1
58,O+,26,40,81,64.1,14.7,0,0,0,1
60,A-,36,86,45,75.3,13.3,0,1,0,0
56,B+,47,95,93,79.6,13.4,0,0,0,1
48,O+,6,24,12,58.4,15.1,0,0,0,0
59,O+,41,96,75,70.1,15.1,1,0,0,1
27,O+,7,49,34,66.6,12.9,0,1,0,0
47,A-,19,15,88,47.4,11.6,0,0,0,0
35,B-,18,90,70,71.6,11.8,0,0,0,1
41,A-,31,121,69,60.1,15.1,0,0,0,1
26,AB+,36,86,6,79.6,15.3,0,0,0,1
48,AB+,12,123,12,59.6,13.8,0,1,0,1
32,O-,37,121,67,71.6,14.2,0,0,0,1
21,B+,15,177,42,69.2,15.8,0,0,0,1
57,B-,43,80,90,49.0,16.0,0,0,0,0
26,B-,46,119,24,64.5,14.5,0,0,0,1
26,A+,11,22,58,71.9,13.8,0,0,0,0
43,AB+,16,181,79,79.3,13.3,1,0,0,0
21,A-,14,122,36,68.2,13.5,0,0,0,1
34,AB-,41,125,32,78.0,12.9,0,0,0,1
33,B+,10,79,64,73.9,14.5,0,0,0,1
32,AB+,3,46,10,74.3,13.7,0,0,0,0
52,AB+,16,47,65,74.8,12.9,0,0,0,1
22,B+,30,75,96,65.0,15.0,0,0,1,1
22,B-,26,179,13,57.1,14.4,1,0,0,1
37,O+,28,95,4,85.3,14.1,0,0,0,1
32,B-,11,23,14,76.5,13.6,0,0,0,0
35,O-,23,120,103,67.2,14.3,0,0,0,1
19,O+,4,175,23,74.8,13.4,0,0,0,1
46,AB+,20,179,12,72.4,16.8,1,0,0,1
30,O+,32,118,104,58.6,16.3,0,0,0,1
21,O-,13,115,110,64.3,12.9,0,0,0,1
59,O-,12,95,27,82.6,13.5,0,0,0,1
27,A-,32,178,9,67.9,12.8,0,0,0,1
48,B+,37,118,27,72.1,11.7,0,0,0,1
58,B-,15,40,72,81.9,15.7,0,0,1,1
25,B-,40,120,42,67.9,13.6,0,0,0,1
20,B-,5,80,50,57.8,12.6,0,1,0,0
26,O-,22,120,105,69.2,11.9,0,0,0,1
47,A+,28,175,89,61.9,14.0,0,0,0,1
28,A-,42,400,9,52.7,14.2,0,0,0,1
52,A-,48,80,4,76.8,14.3,0,0,0,1
54,B+,22,41,90,65.2,15.0,0,0,0,1
59,AB-,4,43,115,42.0,14.8,0,0,0,0
30,AB-,22,124,112,70.8,12.4,1,0,0,0
53,A-,12,79,57,70.9,12.6,0,0,1,1
30,A-,23,95,15,89.5,14.9,0,0,1,1
29,B+,10,41,3,68.0,13.1,0,0,0,1
54,B-,25,179,60,79.7,12.2,0,0,0,1
27,O-,46,45,110,75.1,12.3,1,0,0,0
26,AB-,10,92,96,61.5,14.8,1,0,0,1
24,A-,35,180,65,71.8,14.8,0,0,0,1
19,B+,5,116,89,66.2,13.9,0,0,1,1
40,A-,34,86,86,60.4,12.8,0,0,0,1
56,O+,44,71,87,62.3,13.7,0,0,0,1
57,A+,10,70,34,60.8,13.6,0,1,1,0
56,O-,49,78,76,67.9,13.3,0,0,1,1
38,B-,31,116,15,67.9,14.6,0,0,0,1
40,AB+,13,177,111,62.0,13.3,0,1,0,1
46,AB+,48,91,49,65.7,14.4,0,1,0,1
31,O+,28,70,42,47.4,14.2,0,0,0,0
43,A-,43,122,43,56.9,12.2,0,0,0,1
22,O-,24,78,102,64.8,16.0,0,0,0,1
48,B-,4,296,49,86.4,14.4,0,0,0,1
42,O+,2,27,9,75.0,12.0,0,0,0,0
48,B+,11,123,91,57.2,12.2,0,0,0,1
37,A+,50,88,61,85.8,15.5,0,0,0,1
34,O+,4,184,46,68.0,14.0,0,0,0,1
19,B-,28,122,111,55.5,14.4,0,0,0,1
42,O-,17,95,59,67.1,14.2,0,0,0,1
30,B-,4,76,83,78.8,15.0,0,1,1,0
56,A+,46,45,10,55.5,15.0,0,0,0,1
45,O+,16,90,21,56.6,12.8,0,0,0,1
59,AB-,4,73,39,87.9,14.4,0,0,0,0
23,O+,42,41,95,71.3,12.3,0,0,0,0
20,A-,2,182,44,62.8,12.6,0,0,0,1
52,A+,46,92,118,66.8,13.5,0,0,0,1
35,B+,39,116,80,71.1,11.9,0,0,0,1
28,O+,29,19,14,65.9,12.9,0,0,0,0
37,AB+,32,92,89,82.8,11.4,0,0,0,1
22,O-,2,90,4,69.1,13.8,0,0,0,1
36,A+,17,125,48,75.3,15.6,0,0,0,1
39,B+,24,43,116,68.9,13.8,0,0,0,1
36,B+,0,365,24,67.6,13.8,1,0,1,0
33,O+,23,177,117,77.8,13.4,0,0,0,1
41,B+,44,400,120,78.1,14.9,1,0,0,0
58,B+,37,122,98,50.0,13.7,0,0,1,1
21,AB-,35,183,1,67.8,12.6,0,0,1,1
32,AB-,42,116,114,90.5,14.0,0,0,0,1
42,B+,31,178,25,63.1,15.5,1,0,0,1
52,A-,40,92,112,73.0,12.2,1,0,0,0
31,B-,30,92,78,81.7,12.8,1,0,1,0
36,A+,30,70,34,55.8,13.7,0,0,0,1
55,B+,18,95,36,63.9,13.4,0,0,0,1
53,O+,31,95,53,50.7,14.3,0,0,0,1
24,AB-,16,365,97,69.1,12.7,1,0,0,0
47,A+,9,44,85,72.2,13.2,0,0,0,1
36,B+,19,24,106,75.1,13.9,0,0,0,0
42,A+,44,78,77,85.3,13.9,0,1,0,0
33,AB-,10,94,113,68.7,16.7,0,0,0,1
57,A+,34,43,6,55.3,14.7,0,0,0,1
25,A+,6,121,54,58.3,12.1,1,0,0,0
35,AB-,38,91,76,59.6,12.7,1,0,0,1
45,B+,24,91,119,70.3,12.3,0,0,0,1
33,B-,13,124,115,93.8,15.6,0,0,0,1
36,A+,22,96,119,67.2,12.6,0,0,0,1
59,B-,34,93,80,83.1,14.4,0,0,1,1
34,A-,9,41,103,66.7,14.3,0,0,0,1
30,A-,11,178,32,55.2,12.2,0,0,0,1
24,A+,37,91,118,59.0,13.3,0,0,0,1
44,B+,7,115,76,60.0,13.5,0,0,0,1
27,A+,20,400,64,66.7,12.1,0,0,0,0
51,AB-,28,116,26,72.5,15.8,0,0,0,1
53,AB-,30,400,115,60.8,14.0,0,0,0,1
42,B-,41,89,48,76.7,15.6,0,1,0,0
23,A+,46,86,116,79.5,16.2,0,0,0,1
41,A+,3,182,111,65.1,14.0,0,0,0,1
35,B-,14,87,49,78.1,14.2,0,0,0,1
40,AB+,40,21,10,46.6,12.9,0,0,0,0
23,A+,24,18,99,42.1,15.3,0,0,1,0
46,O-,24,91,4,77.2,13.7,1,0,0,0
42,B+,20,175,104,63.4,13.3,0,0,0,1
34,B-,26,125,50,92.2,13.0,1,0,0,1
41,B+,24,115,19,67.0,13.9,0,0,0,1
28,AB+,36,95,0,57.0,14.5,0,0,0,1
43,AB-,40,183,32,86.6,14.0,0,0,0,1
51,A-,14,124,55,75.2,14.3,1,0,0,1
45,A-,43,122,85,85.0,13.6,0,0,0,1
20,O-,24,41,118,61.5,14.4,0,0,0,1
28,A-,14,47,101,72.0,14.3,0,0,0,1
55,A-,50,119,42,58.4,15.1,0,0,0,1
31,B+,21,119,95,48.8,14.7,0,0,0,1
43,A+,35,400,66,76.2,14.0,0,0,1,1
38,B+,26,177,113,63.0,14.3,0,0,0,1
56,AB-,45,400,39,57.0,12.5,0,0,0,1
47,A+,2,99,39,52.7,15.2,0,0,0,1
25,B-,4,18,17,70.0,13.5,0,0,0,0
37,B+,44,184,61,68.7,13.7,0,0,0,1
49,A+,8,50,95,62.7,13.3,0,0,0,1
39,B-,29,400,50,60.6,12.8,0,0,0,1
24,B-,48,400,31,76.4,12.9,0,0,0,1
26,B+,32,118,23,42.0,12.6,0,0,0,1
18,A+,10,115,32,74.9,13.5,0,0,0,1
46,B-,37,118,54,73.1,14.7,0,0,1,1
25,O+,17,181,37,54.5,13.8,0,0,0,1
21,O+,37,177,77,46.7,14.5,0,0,0,1
52,A-,2,365,64,74.5,14.3,0,0,0,1
20,AB+,48,91,109,55.1,13.3,0,0,0,1
57,A+,29,400,111,85.3,15.2,0,0,0,1
24,O-,44,95,68,91.3,14.9,0,0,0,1
44,AB-,38,119,42,72.7,14.7,1,0,0,1
18,O-,50,115,108,66.9,14.3,0,0,0,1
44,O+,36,90,118,65.6,13.4,0,1,0,1
33,B+,31,87,29,49.2,13.4,1,0,0,0
55,O+,1,91,94,64.9,13.8,0,0,0,1
24,A-,15,124,119,63.0,15.3,0,0,0,1
40,B+,33,25,77,61.0,15.0,0,0,0,0
58,AB-,9,71,58,72.3,12.2,0,0,0,0
28,O+,8,180,30,69.4,14.1,0,0,0,1
59,B-,18,365,37,76.6,11.1,0,0,0,1
50,O+,1,123,112,63.1,13.3,0,0,0,1
53,B+,45,400,104,74.6,13.1,0,0,1,1
54,B+,15,365,93,68.1,14.4,0,0,0,1
58,B+,41,118,13,74.6,12.6,0,0,0,1
34,AB-,22,123,84,67.1,12.1,0,0,0,1
52,AB-,24,183,16,87.6,13.3,0,0,0,1
22,B-,18,177,93,42.0,13.8,0,0,0,1
49,AB+,24,400,39,74.9,11.9,1,0,0,0
20,O+,26,15,9,77.4,15.1,1,0,0,0
52,AB-,33,42,74,54.1,13.6,0,0,0,1
31,AB+,24,41,32,88.1,13.8,1,0,0,0
48,B-,27,24,37,68.2,15.0,0,0,0,0
48,B+,11,115,28,66.6,13.0,0,0,0,1
34,B+,47,182,24,72.1,15.4,0,0,0,1
41,A+,32,71,80,77.8,13.8,0,0,1,1
40,A-,28,44,32,69.5,14.7,0,0,0,1
35,AB+,3,119,19,69.1,14.3,0,0,0,1
31,AB-,50,89,87,77.2,14.6,0,0,0,1
32,B+,38,76,38,78.7,13.9,0,0,0,1
32,AB+,20,91,74,71.7,13.3,0,0,0,1
23,A+,19,175,95,51.0,15.9,0,0,0,1
44,A+,2,124,14,56.8,13.8,0,0,0,1
32,O-,5,46,2,79.9,12.6,0,1,0,0
53,O-,12,184,91,64.9,15.4,0,0,0,1
25,O+,32,90,9,61.4,13.5,0,0,0,1
32,B+,13,180,29,72.8,11.9,1,0,1,0
20,A+,45,177,119,71.5,12.9,0,0,0,1
30,O+,22,115,13,65.6,11.6,0,0,0,1
58,AB+,14,41,6,76.2,12.9,0,0,0,1
51,O+,36,23,74,54.1,15.7,1,0,0,0
41,A+,44,46,44,48.9,14.3,0,1,0,0
57,B+,19,365,30,84.5,13.8,0,0,0,1
49,A-,4,88,74,55.6,13.2,0,0,0,0
49,B+,11,22,117,51.8,13.6,0,0,0,0
47,A+,9,123,107,64.4,15.0,0,0,1,1
30,AB-,12,86,42,67.7,11.8,0,0,0,0
18,AB-,47,120,27,62.7,17.0,0,1,1,1
51,B+,39,80,99,65.5,12.8,0,0,0,1
32,B-,47,400,60,52.4,13.5,0,0,0,1
31,AB-,14,49,98,75.9,13.6,1,0,0,0
46,A-,16,365,52,51.2,13.6,0,0,0,1
51,AB+,14,365,106,68.2,13.1,0,1,0,0
35,A-,23,80,107,70.6,14.8,0,0,0,1
24,O-,17,92,109,75.1,15.1,0,0,0,1
46,A+,9,119,110,70.5,14.9,0,0,0,1
48,O+,5,45,40,56.0,13.9,0,0,0,1
42,A-,50,123,10,63.5,13.2,0,0,0,1
55,A+,20,121,42,60.3,13.6,0,0,0,1
31,B+,49,42,16,50.7,13.7,0,0,0,1
25,A+,46,24,97,72.8,12.7,0,0,1,0
44,AB-,25,16,94,59.7,14.0,0,0,0,0
19,B+,48,74,55,69.6,15.8,1,0,0,0
34,O-,38,119,70,66.8,13.6,1,0,0,1
54,B+,13,365,1,55.5,14.3,0,0,0,1
31,O+,12,177,20,54.8,13.1,0,0,0,1
42,O-,24,400,14,64.3,14.8,0,0,0,1
47,O-,6,21,69,53.6,13.1,0,0,0,0
46,A-,2,181,108,78.9,13.3,0,0,0,1
37,A+,19,75,53,82.8,14.4,0,0,0,1
38,B+,38,175,64,76.6,12.7,0,0,0,1
39,AB-,42,123,88,71.8,14.3,1,0,0,1
52,O-,37,45,63,68.7,15.0,0,0,0,1
54,AB+,24,87,5,56.5,14.0,0,0,0,1
33,A-,14,72,78,77.1,14.8,0,1,0,0
60,B+,8,92,91,83.1,12.4,0,0,0,1
34,O-,15,176,67,64.3,14.3,0,0,0,1
33,O-,23,119,120,67.6,13.3,0,0,0,1
19,B+,45,123,4,59.1,14.2,0,1,0,1
21,O-,1,33,5,64.4,15.5,0,1,0,0
38,B+,24,123,73,54.2,10.5,0,1,1,0
56,O+,3,86,21,64.8,13.1,0,0,0,0
51,AB-,15,115,87,72.8,11.3,0,0,0,1
47,B+,48,400,108,71.6,12.4,0,0,0,0
23,AB+,7,74,107,70.8,13.3,0,0,0,1
34,AB+,32,177,0,42.0,14.7,0,0,0,1
56,B-,40,80,40,68.5,14.7,0,0,0,1
42,O+,36,95,26,74.7,14.7,0,0,1,1
22,AB+,14,90,83,67.9,14.4,0,0,0,1
22,O-,23,87,53,80.5,12.3,0,0,0,0
37,A+,38,400,73,66.9,14.7,0,0,0,1
33,O-,35,400,5,72.4,13.1,0,0,1,1
58,AB-,26,175,13,57.0,14.3,0,0,0,1
54,B-,19,124,51,74.4,12.8,0,0,0,1
57,A-,23,24,106,76.7,13.6,0,0,0,0
26,B-,4,180,49,60.2,13.7,1,0,0,0
22,A+,19,24,59,52.3,14.2,0,0,0,0
59,A+,48,400,5,63.0,12.9,0,0,0,1
19,B+,17,365,70,57.0,14.5,0,0,0,1
26,B+,9,122,108,74.6,12.4,0,0,0,1
60,AB+,34,400,96,62.6,15.7,1,0,0,0
53,O-,19,183,49,75.9,13.0,0,0,0,1
39,A+,8,45,80,50.8,11.6,0,0,0,0
39,B+,30,185,58,58.9,13.7,0,0,1,1
39,AB+,38,400,78,59.6,13.3,1,0,0,0
51,A+,34,179,61,71.0,12.8,0,0,0,1
46,AB-,31,400,19,45.2,15.3,0,0,0,0
55,O+,15,46,4,65.0,14.6,0,0,0,1
50,O-,48,183,51,64.0,14.3,0,0,0,1
35,A+,19,184,12,72.0,12.7,0,0,0,1
24,B-,29,89,75,68.6,13.2,0,0,0,1
18,B-,26,90,54,57.5,13.1,0,0,0,1
50,A+,9,80,57,43.2,11.8,0,0,0,0
18,B+,18,71,111,59.5,14.1,0,0,0,1
41,A+,49,400,81,54.1,14.2,0,0,0,1
21,A-,12,95,48,54.7,13.9,0,0,0,1
21,AB-,8,90,8,59.9,14.1,0,1,1,0
35,O+,41,181,17,77.0,12.6,1,0,0,0
44,B+,0,999,8,54.0,12.8,0,0,0,0
60,A-,32,400,99,47.6,13.5,0,0,0,0
49,A+,13,125,50,61.6,15.3,1,0,0,1
50,B-,45,115,65,64.9,15.1,1,1,0,0
45,AB+,2,90,115,64.2,14.4,0,1,0,0
59,AB+,6,48,63,60.7,16.0,0,0,0,1
58,B-,24,121,71,65.3,14.4,0,0,0,1
53,O+,25,122,45,70.4,14.5,0,0,0,1
23,B+,4,89,35,58.4,15.4,0,0,1,0
33,AB+,33,178,41,79.0,14.6,0,0,0,1
51,AB-,23,87,20,66.0,15.6,0,0,0,1
40,AB-,28,125,73,78.8,13.8,0,0,0,1
59,B-,46,91,5,70.9,13.1,0,0,0,1
41,A-,50,400,69,54.1,13.7,0,1,0,0
30,A+,3,77,13,46.5,14.1,0,0,0,0
35,O-,1,59,106,79.7,12.8,0,0,0,0
30,O+,2,95,40,58.0,13.0,1,0,0,0
54,A+,14,90,13,66.9,13.3,0,1,0,1
60,AB+,31,94,71,61.4,12.6,0,0,0,1
56,B+,27,94,118,82.8,13.2,1,0,0,1
59,AB-,26,18,90,67.2,14.6,0,0,1,0
34,AB-,40,117,36,52.8,14.7,0,0,0,1
32,AB-,34,95,51,65.1,12.3,0,0,0,1
35,O-,22,122,79,80.4,14.1,0,0,1,1
40,B+,26,91,89,58.4,13.7,0,0,0,1
47,AB+,7,301,118,50.8,15.0,1,0,0,0
51,B-,6,96,77,76.0,13.5,0,0,0,1
21,B-,41,90,73,57.2,12.4,0,0,0,1
20,B+,12,177,85,49.3,13.3,0,0,0,1
24,B-,3,118,106,57.6,12.5,0,1,0,0
35,B-,40,400,79,70.4,11.3,0,0,0,0
59,B+,15,120,37,72.3,13.7,0,0,0,1
24,B-,4,16,85,71.8,14.4,0,0,0,0
57,A-,50,94,77,56.1,14.0,1,0,0,1
23,AB-,24,40,119,77.3,12.4,0,0,0,0
39,B-,30,88,104,75.5,12.3,0,0,0,0
18,A+,19,19,118,72.8,14.0,0,0,0,0
21,O-,16,182,91,55.8,15.7,0,0,0,1
60,O+,26,400,21,60.8,15.2,0,0,0,1
46,A+,2,25,68,71.1,13.5,0,0,0,0
38,AB-,27,92,70,74.0,14.0,0,0,0,1
43,O+,43,73,59,56.5,14.8,1,0,0,0
31,AB+,30,180,8,86.9,13.6,0,0,0,1
26,O+,31,72,105,66.1,12.3,0,0,0,0
29,AB+,38,90,57,78.1,10.7,0,0,0,1
59,AB+,28,400,78,54.0,14.0,0,1,0,0
23,AB+,18,79,91,69.9,13.6,0,0,0,1
37,A+,4,304,44,53.7,11.9,0,0,0,0
41,AB+,33,116,53,69.3,12.2,0,0,0,1
44,AB-,36,400,24,72.8,13.5,0,0,0,1
55,AB+,21,95,50,73.4,13.2,0,0,0,1
25,O-,39,79,101,59.6,15.4,0,0,0,1
18,AB+,16,70,39,47.7,15.4,0,0,0,0
41,O+,37,44,26,71.2,12.9,0,0,0,1
24,B-,35,86,82,63.3,15.5,0,0,0,1
36,B+,2,93,52,63.3,15.6,0,0,0,1
39,A+,17,183,51,57.5,14.1,1,0,0,0
52,AB+,35,178,5,67.1,12.8,0,0,1,1
47,B+,32,88,43,67.6,13.9,0,0,1,1
46,AB-,0,730,104,79.3,11.5,0,0,0,0
39,AB-,36,73,85,45.5,13.2,0,0,0,0
28,AB-,31,71,60,53.1,14.1,0,0,0,1
37,A-,7,77,89,72.7,14.2,0,0,0,1
46,B-,2,122,12,43.5,13.3,0,0,0,0
58,AB-,47,25,2,59.7,13.9,0,0,0,0
59,AB+,37,76,41,93.8,12.7,0,0,1,1
51,O-,10,123,26,64.6,15.3,0,0,0,1
18,B-,8,176,60,75.4,15.4,0,0,0,1
48,A+,15,87,96,49.2,14.6,0,0,1,0
47,O+,7,297,32,75.4,13.5,0,0,0,1
35,AB+,23,400,10,63.5,12.9,0,0,0,1
34,O-,22,89,47,70.9,14.7,0,0,1,1
55,O+,48,115,120,73.8,14.0,0,0,0,1
31,O-,0,365,33,62.0,12.7,0,0,0,0
40,O+,20,178,0,73.0,15.0,0,0,0,1
42,B-,5,92,42,55.3,13.3,0,1,1,0
32,A+,26,118,55,68.3,12.8,1,1,0,0
39,A-,8,47,30,73.4,14.8,0,0,0,1
20,O-,19,123,12,61.7,12.9,0,0,0,1
36,AB-,20,89,30,57.1,13.9,0,0,0,1
51,AB+,15,365,102,62.7,15.2,0,0,0,1
52,AB-,36,124,53,79.7,15.1,0,0,0,1
18,B+,11,72,51,78.0,14.2,1,0,1,0
38,AB-,5,116,66,76.0,12.5,0,0,0,1
46,O+,12,44,43,84.6,13.3,0,0,0,1
23,B+,29,119,67,68.1,16.5,0,0,0,1
54,A+,46,121,71,69.9,14.8,0,0,0,1
18,B-,10,365,65,46.1,13.5,0,0,0,1
18,O+,34,400,84,58.0,12.4,0,0,0,0
44,O+,9,75,57,73.6,11.7,1,0,0,0
38,A-,38,24,31,77.6,15.1,0,0,0,0
33,AB+,47,89,17,53.8,15.2,0,0,0,1
57,A-,28,119,120,67.0,13.8,1,0,0,1
43,A+,14,182,83,91.8,13.3,0,0,0,1
33,B+,25,175,89,67.0,15.0,0,0,0,1
45,O-,41,49,38,83.9,12.2,0,0,0,0
18,A+,35,120,60,71.8,16.0,0,0,0,1
53,AB-,1,365,11,74.2,14.6,0,0,0,0
27,B-,24,181,8,58.0,12.4,0,0,0,0
60,A-,7,122,34,50.3,14.7,1,0,1,0
34,AB+,32,182,103,75.9,13.0,0,0,0,1
40,AB+,2,91,42,71.4,12.3,0,0,0,0
24,AB-,37,71,95,68.7,14.7,0,0,0,1
24,O+,49,400,18,53.4,12.6,0,0,0,1
32,O+,25,95,85,64.1,12.3,1,0,0,0
51,AB+,25,124,88,61.2,14.3,0,0,0,1
21,AB-,20,122,43,62.3,13.7,0,0,1,1
31,O-,37,16,27,70.5,14.9,0,0,0,0
31,B+,6,75,75,75.8,13.5,1,1,1,0
33,B-,16,184,96,71.1,13.4,0,0,1,1
24,B+,48,124,113,70.1,11.6,1,0,0,0
49,AB+,29,45,59,69.2,14.4,0,0,0,1
36,A-,32,18,18,66.1,13.8,0,0,0,0
19,AB-,47,400,75,58.9,15.1,0,0,0,1
27,AB-,16,47,35,68.5,14.6,0,0,0,1
34,AB-,15,96,8,76.2,14.2,0,0,0,1
54,B+,18,80,51,66.7,13.0,0,0,0,1
29,O+,14,48,56,57.9,13.3,1,0,1,0
23,B-,37,400,76,54.8,14.4,0,0,0,1
39,A+,20,177,103,57.5,13.7,0,0,0,1
49,O+,27,86,60,55.4,15.4,0,0,0,1
58,A+,26,76,86,99.8,15.2,0,0,0,1
37,O-,4,15,90,58.3,13.5,0,0,1,0
18,O-,2,184,13,67.6,13.9,0,0,0,0
23,A-,14,184,61,67.0,12.9,0,0,0,1
36,A+,27,122,89,83.5,13.7,1,0,0,1
35,A+,25,23,103,72.7,14.8,0,0,1,0
23,A-,23,178,113,72.7,13.2,0,0,0,1
50,O+,0,365,105,69.9,13.4,0,0,0,0
40,O+,0,365,22,71.0,12.5,0,0,0,0
40,B+,15,124,31,71.5,13.2,0,0,0,1
43,B-,8,120,4,61.1,14.5,0,0,0,1
30,O-,5,117,67,57.9,13.5,1,0,0,0
24,A+,27,86,78,68.6,12.5,0,0,0,1
32,O+,40,185,45,62.1,14.0,0,0,0,1
44,A+,3,41,76,70.0,13.7,0,0,1,0
43,O-,40,175,38,56.1,15.0,0,0,1,1
50,A+,27,178,62,51.8,13.7,0,0,0,1
32,O+,42,94,116,53.9,12.7,0,0,0,1
53,O-,0,730,87,67.2,14.9,0,0,0,0
44,A-,13,89,108,50.2,12.7,0,0,0,1
22,O-,48,400,77,89.4,12.4,0,0,0,0
19,A-,41,46,45,89.5,12.7,0,0,0,1
50,A-,7,21,83,77.7,13.1,1,0,0,0
33,O-,8,40,82,63.9,11.7,0,0,0,0
40,O+,40,89,90,62.7,11.9,0,0,0,0
55,B-,45,121,64,71.3,14.7,0,0,0,1
33,AB+,47,184,86,74.6,13.6,0,0,0,1
31,O-,40,400,80,71.3,13.6,0,0,0,1
46,B+,44,49,9,53.6,13.7,0,0,0,1
43,A-,6,17,30,65.9,14.4,0,1,0,0
52,B+,8,40,37,73.9,12.9,0,0,0,1
32,B-,16,119,24,42.0,14.4,0,0,0,1
20,A-,40,92,108,55.8,13.9,0,0,0,1
40,O+,2,90,96,73.8,12.7,0,0,0,1
46,AB-,19,122,47,64.6,14.5,0,0,1,1
51,O-,17,182,115,64.6,13.9,1,0,0,0
50,B+,6,17,91,80.2,12.6,0,0,1,0
58,B+,29,183,97,67.4,12.7,0,0,1,1
58,B-,1,100,74,62.8,14.3,0,0,1,0
40,B+,49,125,45,64.6,14.9,0,1,1,1
24,O+,7,19,22,65.0,14.1,0,0,0,0
20,AB+,5,117,33,58.8,14.8,0,0,1,1
49,O+,21,94,52,65.6,15.2,0,0,0,1
48,O+,7,185,37,55.5,13.6,0,0,0,1
35,A-,2,116,22,64.3,14.0,0,0,1,0
60,O+,25,181,20,62.3,14.5,0,0,0,1
24,A-,9,302,80,70.5,12.5,0,0,1,1
58,O-,0,999,64,84.7,14.9,0,0,0,0
18,AB+,9,122,61,70.9,15.3,0,0,0,1
31,AB+,9,88,51,69.1,13.0,0,0,0,1
49,B-,11,121,77,70.6,17.0,0,0,0,1
23,B-,24,95,65,58.5,14.7,0,0,0,1
56,AB-,23,91,101,75.7,13.6,0,0,0,1
27,B+,0,999,49,72.5,11.5,0,0,1,0
24,O+,18,93,21,67.5,13.7,0,0,0,1
43,A+,13,117,18,71.9,14.3,0,0,0,1
51,AB-,48,118,50,71.6,14.1,0,0,0,1
47,AB-,16,74,27,71.6,12.4,0,0,0,0
53,B-,30,115,53,78.9,13.1,0,0,1,1
38,B-,6,80,115,59.7,14.5,0,0,0,1
34,O-,31,50,94,82.4,14.5,0,0,0,1
50,AB-,36,50,78,50.4,14.8,0,0,1,1
27,AB+,24,179,79,75.3,13.9,1,0,1,0
59,O-,4,117,71,69.8,13.8,0,0,0,1
29,B-,4,299,26,57.4,14.4,0,0,0,1
33,AB-,35,180,70,79.3,13.9,0,0,0,1
58,A+,26,118,107,48.1,12.1,0,0,0,0
49,B+,48,123,95,85.9,15.5,0,0,1,1
32,A-,46,96,45,92.8,14.8,0,0,0,1
44,O-,31,180,21,66.2,14.3,0,0,0,1
45,B-,31,121,30,56.7,12.3,0,1,0,0
34,AB-,44,184,36,61.6,14.7,1,0,0,0
19,AB+,42,77,69,78.7,13.3,0,0,0,1
53,O-,46,400,49,64.5,14.7,0,0,0,1
24,A+,8,90,69,42.0,14.4,1,0,0,0
30,AB-,34,182,59,72.2,13.4,0,0,0,1
32,AB+,34,43,58,77.8,15.0,1,0,1,0
42,A-,21,43,11,73.7,12.5,0,0,0,1
40,AB+,0,365,75,75.4,13.9,0,0,0,0
39,A+,27,79,44,85.6,15.6,0,0,0,1
43,O-,31,121,47,65.7,14.3,0,0,0,1
50,AB-,10,178,117,86.9,14.8,0,1,0,1
28,AB+,42,120,117,66.3,13.9,0,0,0,1
27,B-,11,77,98,80.4,13.8,0,0,0,1
42,A+,9,95,34,66.4,12.5,0,0,0,1
54,O-,45,43,14,90.4,13.6,0,0,0,1
60,B+,28,400,77,75.1,14.5,0,0,0,1
55,A-,19,182,54,66.9,12.6,1,0,0,0
58,AB-,41,400,96,54.8,12.7,0,0,0,1
41,AB+,9,119,40,70.3,14.3,0,0,1,1
57,O+,42,125,48,59.0,14.7,0,0,0,1
50,B+,18,115,104,72.9,16.0,0,0,0,1
34,B+,31,178,85,75.2,13.5,0,1,0,1
41,AB+,42,400,93,79.4,13.5,0,0,0,1
54,O-,29,400,49,73.9,14.7,0,0,0,1
19,O-,34,41,8,68.9,14.4,0,0,0,1
49,A-,0,999,91,82.6,13.5,0,0,0,0
41,B+,37,400,111,83.8,13.8,0,0,0,1
26,AB-,40,400,64,56.4,13.1,0,0,0,1
21,AB+,31,115,34,87.4,12.5,0,0,0,1
34,B+,30,94,35,81.5,13.7,0,0,1,1
34,O+,18,178,89,58.6,15.5,0,0,0,1
47,A-,6,93,84,47.3,13.0,0,0,1,0
57,A+,1,58,40,81.2,12.2,0,0,0,0
28,B+,41,179,76,70.3,12.7,0,0,0,1
38,O-,13,44,92,63.0,14.4,0,0,0,1
38,B+,17,122,64,71.5,14.3,0,1,0,1
35,A-,36,178,87,81.0,15.2,0,1,0,1
46,AB+,6,86,78,45.7,15.0,0,0,0,0
41,AB+,30,19,24,69.4,14.1,0,0,1,0
27,A+,31,88,33,68.6,14.5,0,0,0,1
34,O+,43,25,70,84.5,13.0,0,0,0,0
35,AB-,28,71,97,77.1,14.6,0,0,1,1
59,O-,31,41,15,77.0,13.7,1,0,0,0
37,B-,50,116,72,63.1,14.7,0,0,0,1
54,AB+,28,115,79,75.4,14.3,0,0,0,1
35,A+,29,95,18,62.7,13.3,0,0,1,1
34,A-,22,25,55,66.8,12.6,0,0,0,0
26,A+,21,42,69,74.3,13.2,0,0,1,1
31,AB+,36,400,36,68.9,14.0,0,0,0,1
46,O-,38,400,83,71.5,12.9,0,0,1,1
48,B-,44,125,47,82.4,13.6,0,1,0,1
21,B-,23,91,72,64.0,15.0,1,1,1,0
35,AB+,29,400,16,56.6,15.1,0,0,0,1
37,O-,27,182,20,58.0,14.3,0,0,0,1
60,B+,0,365,96,55.6,15.3,1,0,0,0
26,O+,1,365,52,85.7,12.4,0,0,0,0
30,AB-,16,116,97,75.2,15.2,0,0,0,1
32,O+,2,365,78,79.8,12.3,0,0,0,0
44,AB-,9,89,65,77.8,13.8,0,0,0,1
32,O+,40,176,65,65.8,12.9,0,0,0,1
45,O+,46,119,114,85.9,14.6,0,0,0,1
54,A-,12,122,22,60.4,12.1,0,0,0,1
36,B-,7,177,95,90.1,11.9,0,1,0,0
43,A-,15,86,108,69.4,13.1,0,0,0,1
43,B+,10,93,45,87.7,13.0,0,0,0,1
42,A+,38,176,97,56.5,13.2,0,0,0,1
43,A+,17,22,25,63.3,13.1,0,0,0,0
43,B-,8,45,98,50.4,14.6,0,0,0,1
45,A+,38,47,119,79.5,13.7,0,0,0,1
35,AB-,31,44,10,70.8,15.5,1,0,0,0
49,B-,46,94,15,90.2,14.1,0,0,0,1
20,O-,2,123,110,62.7,14.8,0,0,0,1
19,AB+,42,176,24,82.7,14.4,0,0,0,1
50,AB+,39,47,55,68.9,12.8,0,0,0,1
59,B-,24,400,112,67.0,13.2,0,0,0,1
36,O-,38,93,94,64.8,14.9,0,1,0,1
34,AB+,22,74,59,58.7,11.8,0,0,0,0
50,AB+,39,86,109,72.1,14.3,0,0,0,1
29,A-,30,24,6,70.3,13.6,0,0,0,0
20,O-,14,120,86,50.7,13.0,0,0,0,1
60,O-,19,121,74,42.0,13.5,0,0,0,1
43,B+,20,176,7,64.6,15.6,0,0,0,1
52,AB-,21,121,94,80.8,11.9,0,0,0,1
25,O-,39,400,59,70.4,12.5,0,0,0,1
53,B-,38,118,51,53.7,11.7,0,0,0,1
24,A-,21,118,93,48.5,13.3,0,0,0,1
53,O+,41,175,37,80.7,13.1,0,0,0,1
33,B-,16,91,53,49.8,14.0,0,0,1,1
41,A-,42,45,64,76.4,13.3,0,0,0,1
18,O+,38,95,7,74.3,14.3,0,0,0,1
42,O-,24,92,91,86.0,12.9,0,1,0,1
27,A-,37,120,88,61.1,16.1,0,1,0,1
33,AB-,17,180,104,78.3,14.5,0,0,1,1
33,AB+,34,15,38,83.4,14.4,0,0,0,0
25,O+,45,400,105,53.3,14.5,0,0,0,1
46,O+,29,119,109,69.5,12.6,0,0,1,1
56,O-,47,42,62,67.6,13.5,0,0,0,1
45,B-,0,730,115,56.3,13.6,0,0,0,0
23,O+,1,94,83,70.9,13.3,0,0,0,1
33,AB-,14,95,61,55.1,13.4,0,1,0,1
37,B-,26,77,20,72.2,14.7,0,0,1,1
33,B+,8,94,49,91.9,13.7,0,0,0,1
24,AB-,45,88,84,65.8,14.1,1,0,0,0
58,AB+,15,117,89,67.0,11.9,0,0,0,1
31,A+,0,999,91,83.6,11.9,0,0,0,0
60,A-,19,42,28,81.9,12.8,0,0,0,1
43,O+,9,299,32,61.2,15.6,0,0,0,1
43,A+,12,94,14,75.6,16.0,0,0,0,1
31,B+,21,94,43,42.0,14.9,1,0,1,0
24,AB+,28,88,12,57.0,13.4,0,0,0,1
50,O-,36,119,26,79.8,14.3,0,0,0,1
43,AB+,0,999,105,62.4,15.2,0,0,0,0
37,O+,3,89,66,65.8,15.8,0,0,0,0
20,AB+,50,22,10,57.8,12.5,0,0,0,0
21,AB+,45,183,9,56.1,14.0,0,0,0,1
43,AB-,2,61,26,42.0,13.4,0,0,0,0
28,A+,15,45,5,64.0,14.4,0,0,0,1
19,O-,37,72,109,73.1,13.9,0,0,0,1
31,B-,16,123,46,70.7,12.7,0,0,0,1
47,B-,47,44,4,58.8,14.2,0,0,0,1
29,AB+,37,80,12,52.3,13.0,0,0,0,1
43,B-,32,181,13,63.9,13.8,0,0,0,1
50,AB+,31,74,73,53.4,13.8,0,0,0,1
30,O-,39,75,44,59.6,15.7,0,0,0,1
31,AB+,16,365,24,69.4,14.2,0,0,0,1
41,A+,8,15,32,58.4,13.7,0,0,1,0
51,B-,9,18,66,82.1,14.6,0,0,0,0
43,AB+,26,71,30,56.5,12.8,0,0,0,1
38,A+,28,94,21,61.3,13.9,0,0,1,1
45,B-,17,75,6,77.3,14.5,0,0,1,0
53,A-,35,400,79,75.6,14.4,0,0,0,1
57,B+,15,176,53,73.7,13.2,0,0,1,1
19,A+,47,46,95,61.0,14.2,0,0,0,1
59,O+,43,50,14,74.4,14.5,0,1,0,0
26,O+,5,48,40,76.7,12.8,0,0,0,1
40,A-,14,365,48,72.9,13.1,0,1,0,0
32,B-,11,125,117,67.6,13.4,0,0,0,1
30,O+,2,96,79,74.3,16.4,0,0,0,1
40,AB-,45,180,35,67.2,13.0,0,0,1,1
34,A-,4,48,11,72.4,14.2,0,0,0,0
19,O-,39,184,66,68.8,13.4,0,0,0,1
37,A-,46,86,66,51.4,12.8,0,0,0,1
37,B-,32,90,33,61.6,14.6,0,0,0,1
20,AB+,36,125,103,90.9,12.2,0,0,0,1
29,O+,26,122,67,46.7,15.4,1,0,0,0
57,O-,9,95,60,85.1,12.7,0,0,0,1
19,B+,28,119,9,74.9,13.1,0,1,1,0
53,O+,5,45,103,68.4,14.4,0,0,1,0
31,A-,8,120,84,49.5,14.6,0,0,0,1
33,A+,49,80,51,68.0,14.1,0,0,0,1
36,AB+,21,123,101,59.8,13.2,0,0,1,1
51,O-,45,185,23,81.1,12.0,0,0,0,1
23,B+,23,21,65,60.7,13.7,0,0,0,0
30,A+,12,365,98,65.0,12.9,0,0,0,1
53,B+,14,45,64,70.7,16.5,0,0,1,1
39,A-,21,50,52,60.9,13.9,0,0,0,1
35,B+,42,70,21,78.5,12.4,0,0,0,0
29,O+,3,88,23,64.7,13.4,0,0,0,0
47,A-,32,400,78,47.3,14.6,0,0,0,0
57,AB+,47,178,67,69.7,15.1,0,0,0,1
24,B-,16,19,22,76.9,13.5,0,0,0,0
49,AB+,12,93,1,83.8,13.7,0,0,0,1
36,O+,1,94,57,74.1,14.4,0,0,0,1
23,A-,11,184,83,80.7,12.8,0,0,0,1
37,O-,33,21,76,73.4,14.2,0,0,0,0
44,A-,14,42,113,57.4,14.1,0,0,0,1
60,A+,29,116,115,59.4,14.4,0,0,0,1
54,O+,26,72,48,42.7,13.8,0,0,0,0
24,O+,7,79,5,65.6,12.1,0,0,0,0
22,O-,3,94,61,75.2,14.1,0,1,1,0
28,AB+,50,124,20,50.6,12.8,0,0,0,1
32,O-,31,180,98,82.2,15.7,0,0,0,1
20,AB-,35,176,8,66.9,15.7,0,0,0,1
22,A-,1,55,51,58.1,12.5,0,0,0,0
40,AB+,28,87,105,50.6,12.9,0,0,0,1
54,A+,49,77,3,86.3,11.3,0,0,0,0
26,O+,41,94,37,81.0,14.6,0,0,0,1
32,B-,29,185,14,63.6,13.2,0,0,0,1
20,AB-,47,75,24,78.2,14.1,0,0,0,1
46,AB-,47,86,66,65.7,13.2,0,0,0,1
23,O-,44,180,46,61.4,12.0,0,0,0,1
34,AB-,3,41,32,60.8,14.0,0,0,0,0
43,O+,39,48,43,65.4,15.2,0,0,1,1
38,B+,41,117,72,63.6,13.8,1,0,0,1
25,B-,2,62,119,68.7,12.7,0,0,0,0
38,O-,18,86,75,85.7,13.6,0,0,0,1
28,B+,42,400,96,93.1,14.4,0,0,0,1
55,AB-,41,181,21,54.8,13.6,0,1,0,0
25,A+,48,71,100,73.1,12.6,0,0,0,1
59,O-,35,122,98,70.3,16.0,0,0,0,1
41,A-,39,115,63,73.8,12.1,0,0,0,1
52,B+,47,185,69,63.0,16.3,0,0,0,1
31,AB-,7,23,81,74.0,13.7,0,0,0,0
31,B+,27,180,98,52.8,14.8,0,0,0,1
27,A+,43,96,26,105.0,14.0,0,0,0,1
29,AB-,9,42,77,71.2,12.8,0,0,0,1
55,A-,45,184,4,76.0,15.3,0,0,0,1
51,B-,5,20,2,55.7,14.5,0,0,0,0
58,O+,17,123,99,60.4,13.7,0,0,1,1
27,A+,20,47,91,51.8,14.6,0,0,0,1
34,O+,45,118,114,84.0,13.6,0,0,0,1
34,O-,44,400,26,55.8,11.4,1,0,0,0
20,B-,36,123,78,65.9,11.9,0,0,0,1
48,O-,16,50,69,66.4,13.8,0,0,0,1
18,O-,13,95,19,73.2,13.5,0,0,0,1
29,O-,31,76,78,53.8,13.7,1,0,1,0
56,A+,6,118,73,77.5,13.4,0,0,0,1
21,O-,47,118,38,81.7,12.6,0,0,0,1
59,A+,42,117,29,60.7,12.3,0,0,0,1
30,A-,42,400,34,67.6,12.9,0,0,0,1
51,O-,2,184,92,74.9,14.6,0,0,0,1
59,B+,28,185,25,70.8,12.9,0,1,0,1
38,AB-,17,118,87,57.0,14.9,0,0,0,1
39,A+,44,75,66,75.7,12.7,0,1,0,0
21,A+,18,124,80,84.6,15.1,0,0,0,1
35,B+,47,91,45,84.6,13.2,0,0,0,1
22,B-,19,73,93,74.3,13.5,0,0,0,1
36,O+,23,19,106,76.4,13.5,1,0,0,0
19,O-,44,120,1,63.7,14.4,0,0,0,1
29,O-,37,74,59,57.9,14.1,0,0,0,1
34,B-,49,120,68,67.2,14.0,0,0,0,1
27,AB-,19,115,115,92.9,13.7,0,0,1,1
51,B+,20,89,113,62.2,13.2,0,0,0,1
23,B+,36,182,8,72.8,15.0,0,0,0,1
25,B-,25,177,8,72.2,13.9,1,0,0,0
28,AB-,24,70,106,63.9,14.4,0,0,1,1
29,O+,35,117,52,84.3,14.0,0,0,0,1
26,B-,29,117,4,85.5,13.3,0,0,0,1
19,A-,22,96,47,97.3,16.4,0,0,0,1
25,A+,38,89,101,59.2,15.2,0,0,0,1
28,A-,5,125,12,72.5,13.2,0,0,0,1
53,AB+,39,400,84,69.0,16.1,0,0,0,1
27,B-,38,400,38,60.4,14.8,0,0,0,1
38,B-,44,400,98,60.7,12.6,0,0,0,1
37,AB+,2,365,29,69.8,14.8,1,0,1,0
25,A+,3,45,26,62.9,14.3,0,0,0,0
53,O-,17,45,66,57.2,14.0,1,0,0,0
46,A+,19,124,89,69.4,14.9,0,0,0,1
59,AB+,11,47,95,55.8,14.2,0,0,0,1
29,AB-,15,177,90,62.9,11.6,0,0,1,1
31,A+,31,124,27,72.0,12.3,0,0,1,1
38,A-,4,15,68,66.5,12.9,0,0,0,0
39,B-,6,41,61,65.2,16.0,0,0,0,1
38,B-,47,185,29,87.9,14.5,1,0,0,0
47,A-,10,15,61,83.4,14.4,0,0,0,0
56,O+,33,121,46,68.9,13.9,0,0,0,1
37,AB+,27,94,5,56.8,12.8,0,0,0,1
41,B+,11,116,60,76.9,12.2,0,0,0,1
40,B-,21,180,5,95.8,14.9,0,0,0,1
24,AB+,50,183,24,83.0,15.6,0,0,0,1
26,O-,33,400,98,53.7,14.5,0,0,0,1
18,AB+,8,48,104,65.8,13.3,0,0,0,1
43,O-,29,88,112,59.9,13.4,1,0,0,0
55,O-,13,90,59,57.8,14.6,0,0,0,1
55,AB-,40,400,10,80.5,13.7,0,0,0,1
39,AB-,24,20,27,80.3,13.6,0,0,0,0
27,B+,33,119,40,87.5,13.2,0,1,0,1
23,AB+,32,182,24,75.5,13.1,0,0,1,1
34,B+,35,400,77,67.5,13.7,0,0,0,1
55,B-,47,76,103,70.1,12.1,0,0,0,0
41,AB-,46,179,7,58.0,14.5,0,0,0,1
27,O+,45,124,80,83.1,11.7,0,0,0,1
25,B+,34,178,39,59.8,15.0,0,0,0,1
38,A-,29,182,57,63.5,13.2,0,0,0,1
23,B+,41,96,97,64.7,13.7,0,0,0,1
38,B-,26,400,112,42.0,14.4,0,0,1,0
56,AB-,38,400,73,77.5,13.5,0,0,1,1
41,A-,28,87,117,57.6,13.0,0,0,0,1
50,AB+,29,87,14,75.6,14.1,0,0,0,1
35,AB-,22,400,1,63.1,16.2,0,1,0,0
45,B+,21,123,8,63.0,14.7,0,0,1,1
49,AB-,50,87,108,55.8,13.0,0,0,0,1
29,A+,32,78,104,83.3,13.4,0,0,0,1
59,O-,34,125,106,85.7,13.3,0,0,0,1
44,AB+,35,115,111,79.0,12.7,0,0,0,1
27,A-,37,121,31,70.9,14.5,1,0,0,1
59,AB-,28,400,99,69.5,13.4,1,0,0,0
49,AB+,7,179,0,80.0,14.1,0,1,0,0
59,O-,34,176,84,66.6,10.9,0,1,0,0
43,B-,8,179,25,82.5,14.6,0,0,0,1
42,B+,14,93,94,57.4,13.1,0,0,0,1
28,O+,12,44,70,78.8,12.7,0,0,0,1
40,O-,19,365,42,82.1,12.3,0,0,0,1
51,A+,9,118,91,55.9,12.8,0,0,1,1
57,B+,38,120,70,58.8,13.3,1,0,0,1
40,O+,3,90,66,67.5,14.8,0,0,0,1
46,O+,44,400,100,72.7,13.3,0,0,0,1
48,B+,34,41,24,61.2,14.9,0,1,0,0
24,B+,36,400,4,69.0,14.1,0,0,0,1
57,O-,11,92,70,45.3,15.8,0,0,0,1
50,AB+,25,89,46,76.4,13.2,0,0,0,1
38,AB+,37,178,94,76.9,14.3,0,0,0,1
19,O+,31,115,0,84.7,15.2,0,0,0,1
35,AB+,49,89,98,74.3,14.5,0,0,0,1
50,AB+,4,94,114,63.9,13.6,1,0,0,0
54,B-,35,90,40,56.8,13.3,1,0,0,1
51,O+,44,116,102,59.1,11.7,0,0,0,1
37,O+,17,178,89,67.0,13.5,0,0,0,1
52,B+,19,91,23,58.7,12.8,0,0,0,1
35,B+,36,93,116,59.5,13.2,0,0,0,1
41,O-,43,78,66,67.6,13.9,0,0,0,1
25,AB-,0,730,96,50.3,12.1,0,0,1,0
47,AB-,23,180,39,57.1,12.7,0,1,0,1
27,A-,17,89,72,70.4,14.2,0,0,0,1
40,AB-,29,185,1,70.9,12.4,0,0,0,0
28,O-,13,119,77,77.5,13.8,0,1,0,1
19,AB+,41,77,5,69.7,12.3,0,0,0,0
43,B+,22,15,105,68.3,14.4,0,0,0,0
53,AB-,18,365,50,75.0,14.5,0,0,0,1
50,B+,34,72,37,70.1,15.2,0,0,0,1
30,B+,19,365,112,57.3,15.2,0,0,0,1
57,A-,30,75,109,59.2,14.1,0,1,0,0
42,A+,42,80,70,86.4,11.9,0,0,0,0
21,A+,42,87,3,103.4,13.8,0,0,0,1
59,AB+,28,175,38,76.1,14.3,0,0,0,1
36,AB-,34,115,104,56.9,13.9,0,1,0,1
35,AB+,7,70,87,88.9,15.6,0,0,0,1
54,O-,18,365,70,63.3,15.2,0,0,0,1
47,AB+,33,120,35,72.7,13.8,0,0,0,1
36,B+,39,400,92,67.8,14.6,1,0,0,0
40,O-,18,21,3,70.0,12.2,0,0,0,0
33,B-,41,95,104,63.2,14.0,0,0,0,1
18,A-,6,91,118,82.3,12.4,0,1,0,0
29,AB+,15,86,63,66.0,13.6,0,0,1,1
41,A-,47,116,60,74.7,13.1,0,0,0,1
51,B-,20,400,38,74.5,13.1,0,1,0,0
25,O-,41,88,79,66.8,12.9,0,0,0,1
35,A+,30,44,113,51.4,13.4,0,0,1,1
22,A-,44,125,8,58.9,13.2,1,0,0,0
43,B-,35,178,115,75.8,14.5,0,1,0,1
47,A+,10,122,113,71.4,13.5,0,0,1,1
30,B+,29,400,12,59.0,13.7,0,0,0,1
36,O+,27,122,84,68.5,14.1,0,0,0,1
46,B+,48,91,24,70.3,14.1,0,0,0,1
20,A-,36,94,41,74.4,12.6,1,0,0,1
43,O+,50,183,26,88.0,13.5,0,0,0,1
57,B+,32,123,36,42.9,14.1,0,0,0,1
29,B+,27,125,80,81.3,12.8,0,0,0,1
19,O+,17,121,34,70.4,12.7,1,0,0,1
28,A-,44,118,112,56.7,12.5,0,0,0,1
45,AB+,13,116,20,69.8,14.0,0,0,0,1
35,A+,43,93,62,83.9,13.5,0,0,0,1
30,AB+,8,125,45,87.2,13.6,0,0,1,1
54,O+,17,72,118,56.8,11.8,0,0,0,0
39,A-,40,76,70,58.7,13.9,0,0,0,1
29,A+,36,122,119,53.8,13.9,0,0,0,1
19,A+,16,16,115,70.6,14.1,0,0,0,0
54,O+,6,121,29,71.1,15.4,0,0,0,1
24,AB+,21,92,27,78.9,13.0,0,0,1,1
43,B+,9,118,41,72.9,14.3,0,0,0,1
43,O+,26,90,16,77.8,14.2,0,0,1,1
41,AB+,19,92,116,52.7,14.3,0,0,0,1
29,AB+,38,70,41,87.3,13.5,0,0,0,1
33,A-,4,88,83,82.3,14.6,0,0,0,0
40,O-,6,119,79,62.2,13.0,1,0,0,0
57,B-,31,90,82,59.3,13.3,0,0,0,1
26,AB-,15,118,25,76.2,13.6,0,0,0,1
49,O-,32,400,56,50.8,13.5,0,0,0,1
32,O+,21,87,88,59.9,14.2,0,0,0,1
54,AB-,44,125,83,56.7,14.1,0,0,0,1
30,O-,42,123,57,66.9,14.1,0,0,0,1
22,AB+,38,70,43,63.1,15.3,0,0,0,1
28,A-,33,47,42,59.4,13.6,1,0,0,0
27,O-,37,79,36,58.3,15.0,1,0,0,0
30,O+,3,183,7,61.0,12.6,0,0,0,1
58,B-,12,95,15,54.9,13.7,0,0,1,1
32,A-,1,57,100,74.0,13.7,1,0,0,0
59,AB-,0,730,36,80.4,12.4,0,0,0,0
24,A-,46,124,61,72.4,13.8,0,0,0,1
57,B-,7,183,64,83.2,13.9,0,0,0,1
45,A+,46,50,50,58.8,14.5,0,0,0,1
49,A-,20,89,52,59.8,14.3,0,0,0,1
52,O-,37,400,68,72.9,12.4,0,0,0,0
32,AB-,46,22,113,74.3,15.1,0,0,0,0
53,A+,15,92,71,68.2,13.3,0,0,0,1
38,O+,3,180,66,67.7,13.1,0,0,0,1
23,O+,38,177,75,56.3,14.3,0,1,0,1
18,O+,8,119,70,42.0,14.7,0,0,0,1
21,AB-,37,118,14,74.1,13.3,0,0,0,1
28,AB-,16,117,39,78.8,13.8,0,0,0,1
43,A-,26,400,66,63.2,14.8,0,0,0,1
54,AB+,49,79,70,61.9,12.8,0,0,0,1
40,O+,14,87,47,60.8,10.7,0,0,0,0
46,A+,8,15,90,63.9,14.4,0,0,0,0
38,O+,24,124,11,79.1,14.8,0,0,0,1
44,O-,49,400,49,57.7,12.0,1,0,1,0
56,A+,21,400,91,75.1,13.8,0,0,0,1
57,B+,40,400,64,62.5,13.3,0,0,0,1
30,B-,35,87,12,46.1,13.9,0,0,1,0
40,O-,23,96,114,64.2,11.5,0,0,0,1
33,O+,0,365,81,86.0,12.4,1,0,0,0
47,B+,44,75,95,60.5,14.3,0,0,0,1
21,A+,27,46,55,65.4,13.7,0,0,0,1
57,A+,17,365,41,68.1,15.5,0,0,1,1
33,B+,29,179,60,70.2,14.4,0,0,0,1
48,A-,32,88,112,85.0,12.7,0,0,0,1
59,O+,12,117,114,59.3,14.6,0,0,0,1
42,B-,45,43,17,68.1,15.7,0,0,0,1
29,A+,13,21,58,76.3,13.7,0,0,0,0
43,A-,19,93,19,60.1,14.2,0,0,0,1
54,O-,4,17,95,68.8,14.7,0,0,0,0
50,B-,0,730,102,78.8,13.6,0,0,0,0
45,AB+,6,92,92,62.3,11.5,1,0,0,0
26,AB-,15,89,76,66.1,14.4,0,0,1,1
29,A+,21,96,54,55.3,14.7,0,0,0,1
22,B+,3,115,91,78.4,15.4,0,0,0,1
45,B-,29,91,59,69.7,12.6,0,0,0,1
52,A+,27,400,19,63.3,12.6,0,0,0,1
22,AB-,20,117,101,64.6,13.0,0,0,0,1
51,B+,19,92,53,67.9,13.6,0,0,0,1
51,A+,6,78,35,71.7,14.4,0,0,0,1
30,B-,30,42,106,60.8,12.6,0,0,0,1
56,A+,46,184,85,61.7,14.8,0,0,0,1
59,AB-,16,19,16,65.1,14.8,0,0,0,0
31,B+,25,175,52,69.7,14.8,0,0,0,1
28,B+,13,119,95,85.7,13.5,1,0,1,0
59,A-,16,49,12,59.2,11.3,0,0,0,0
55,AB+,4,77,10,49.8,15.6,0,0,0,0
21,A-,5,181,21,83.4,13.1,0,0,0,1
50,B-,42,177,117,58.3,14.6,0,0,0,1
24,B+,33,15,104,84.1,13.9,0,0,0,0
58,O+,39,78,47,81.7,15.0,0,0,0,1
25,AB-,31,48,26,74.0,13.7,0,0,0,1
54,A-,41,94,37,81.4,13.9,1,0,0,1
27,O-,46,178,83,47.9,14.0,0,0,0,1
60,AB-,19,116,63,53.1,14.3,0,0,0,1
32,AB+,33,400,17,71.1,12.4,0,0,0,0
55,B-,11,96,59,63.7,15.9,0,1,1,0
32,A+,28,45,27,59.4,13.7,0,0,0,1
22,A+,16,183,22,76.9,14.4,0,0,1,1
46,B-,25,118,29,70.8,15.5,0,0,0,1
36,O-,13,89,22,79.5,13.8,0,0,0,1
27,B-,28,179,114,63.9,12.7,1,0,0,1
29,B-,14,117,79,67.8,12.7,0,0,1,1
21,A+,30,95,73,84.9,13.3,0,0,0,1
48,AB+,39,70,110,53.9,14.2,0,0,0,1
35,A-,32,40,34,67.1,14.3,0,0,0,1
33,AB+,49,400,9,58.4,15.0,0,0,0,1
57,AB-,25,118,89,86.7,12.1,0,0,0,1
53,B-,32,180,22,94.5,14.0,0,0,0,1
42,AB+,16,92,111,70.3,14.5,0,0,1,1
40,AB+,22,88,47,73.4,14.4,1,0,0,0
29,O+,29,400,80,66.9,11.1,0,0,0,0
51,O+,36,115,5,66.4,13.4,1,0,0,0
53,O-,40,88,109,68.9,14.7,0,0,0,1
54,O+,48,400,14,53.2,12.9,0,0,0,1
20,O-,21,183,120,75.3,12.5,0,0,0,1
26,AB+,50,175,3,57.2,14.4,1,0,0,0
35,O-,15,125,3,64.1,14.1,1,0,0,0
60,AB-,0,999,40,68.4,14.1,0,0,1,0
52,AB-,40,179,68,59.6,13.1,0,0,1,1
51,A+,0,365,18,74.6,12.4,0,0,0,0
58,AB-,33,400,27,62.8,14.8,0,0,0,1
31,AB-,12,50,85,79.7,17.5,0,0,0,1
21,B+,28,77,37,58.4,12.0,0,0,0,0
46,O-,39,400,40,66.2,14.9,0,0,0,1
58,A+,24,41,77,56.2,13.6,0,0,0,1
32,AB+,34,117,106,78.8,14.1,0,0,0,1
45,AB-,21,96,19,64.6,13.7,0,0,1,1
59,AB-,43,184,14,61.9,16.2,0,0,1,1
33,O+,37,96,36,65.9,12.9,0,0,0,1
29,O-,10,40,68,66.8,13.1,0,0,1,1
22,A+,31,71,106,72.5,13.9,0,0,0,1
51,A-,32,87,13,73.9,14.4,0,0,0,1
59,B+,10,182,34,66.3,15.3,0,0,0,1
18,AB+,13,119,17,67.6,14.3,0,0,0,1
56,B+,40,43,26,42.0,14.0,0,0,0,0
49,AB+,11,123,23,63.0,13.3,0,0,0,1
43,A-,5,16,66,83.7,14.4,0,0,0,0
34,A-,20,95,62,72.9,13.0,1,0,0,1
44,A+,43,124,14,56.2,14.0,0,0,0,1
41,AB-,4,24,67,63.7,13.6,1,0,0,0
52,AB-,48,93,90,61.4,12.7,0,0,0,1
59,B+,35,400,7,79.8,15.5,0,0,1,1
56,AB-,19,125,22,78.7,12.7,1,0,0,0
43,A+,48,91,105,59.4,13.4,0,0,0,1
55,O-,13,79,55,68.1,12.1,0,0,0,0
40,A-,35,119,52,55.5,13.6,0,0,0,1
39,O+,36,118,101,61.1,14.3,0,1,0,1
21,B+,39,400,19,61.5,12.8,0,0,0,1
26,AB-,43,89,96,60.3,11.8,1,1,0,0
21,AB+,3,75,51,72.0,13.4,0,0,0,0
24,B-,12,78,42,82.8,13.6,0,0,0,1
40,O+,8,15,59,67.3,13.5,0,0,0,0
19,AB-,20,89,52,56.4,15.5,0,0,0,1
41,B-,46,400,117,70.3,14.2,0,0,0,1
57,O-,41,123,115,70.3,14.1,0,0,0,1
48,AB+,40,86,34,65.9,14.2,0,0,0,1
48,O+,18,175,78,88.5,14.2,0,0,1,1
57,B+,48,117,9,70.7,13.3,1,0,0,0
60,AB+,8,119,44,74.3,12.8,0,0,0,1
51,AB+,47,115,24,43.3,16.5,0,0,0,1
41,AB-,44,92,34,57.4,13.6,0,0,0,1
43,B+,17,47,21,73.7,13.8,0,0,0,1
33,O-,41,400,5,71.1,13.8,0,1,0,0
30,A+,30,400,69,63.8,13.0,0,0,0,1
32,AB+,44,400,120,73.0,14.0,1,0,0,0
44,O-,25,123,93,78.2,12.4,0,0,0,1
21,O-,23,17,79,62.8,14.6,0,0,0,0
33,AB+,16,119,23,61.1,13.5,0,0,0,1
47,O-,3,22,69,65.2,15.0,0,0,0,0
47,A-,2,121,101,73.5,14.4,0,0,0,1
53,A+,43,43,107,61.7,14.2,0,0,0,1
20,AB-,9,80,97,77.4,12.9,1,0,0,0
39,AB-,35,17,60,62.7,13.9,0,0,0,0
39,O+,19,365,42,61.8,14.6,0,0,0,1
29,B+,0,999,77,93.8,13.9,0,0,0,0
38,A-,28,89,114,54.4,12.3,1,0,0,0
21,AB-,28,16,59,76.6,14.9,0,0,0,0
48,O+,21,77,91,48.1,14.6,0,0,0,0
48,A-,26,73,117,75.2,12.1,0,0,0,0
40,AB-,47,175,107,97.6,13.9,0,0,0,1
37,O+,13,47,109,79.6,14.7,0,0,0,1
32,AB+,34,16,113,82.7,13.1,1,0,0,0
40,O-,0,999,85,66.9,12.3,0,0,1,0
45,AB+,13,117,110,78.4,12.6,0,0,1,1
33,A+,35,400,2,70.7,13.7,0,0,0,1
54,A-,11,177,38,90.3,14.8,0,0,0,1
38,A+,13,116,110,55.8,12.6,0,0,0,1
32,AB-,39,87,103,81.1,12.6,0,0,1,1
34,O+,9,46,26,72.7,13.5,1,0,0,0
54,A-,9,87,85,58.0,14.6,0,0,0,1
30,A-,20,77,15,65.0,15.7,0,0,0,1
36,AB+,25,176,102,50.4,13.9,0,0,0,1
47,A+,33,91,27,42.0,13.1,0,0,0,1
35,AB+,44,400,103,54.8,12.9,0,0,0,1
31,A-,33,49,50,63.7,15.3,0,0,0,1
53,B-,20,45,99,68.9,12.4,0,0,0,0
53,O+,35,121,96,53.6,14.0,0,0,0,1
37,A-,27,118,119,64.5,15.2,0,0,1,1
36,O-,2,116,37,70.6,13.6,0,0,0,1
24,A+,35,121,36,61.7,12.6,0,0,0,1
21,O+,45,177,48,56.1,14.4,0,0,0,1
51,A+,34,115,54,60.0,13.9,0,0,0,1
19,B+,8,17,53,82.7,14.3,1,0,0,0
22,O+,27,400,108,49.0,14.4,0,0,0,0
27,AB-,33,79,69,80.7,14.4,0,0,0,1
49,O-,24,92,48,83.0,14.1,1,0,0,1
59,B-,18,91,0,64.1,14.5,0,0,1,1
58,B-,25,80,119,73.1,15.3,1,0,1,0
30,AB+,50,119,6,59.4,12.9,0,0,0,1
56,AB+,16,117,36,70.9,13.5,0,0,0,1
22,B-,40,92,46,92.5,14.7,0,0,0,1
27,AB+,32,117,61,82.0,13.7,0,0,0,1
27,AB-,45,95,68,62.5,12.4,1,0,0,0
55,O-,36,50,79,53.5,14.2,0,0,0,1
44,B-,31,180,95,64.8,13.3,0,0,0,1
38,B-,1,61,102,71.0,16.1,0,0,0,0
25,A+,38,115,100,75.9,14.9,0,0,1,1
18,A+,39,121,44,66.8,15.1,0,0,0,1
45,O-,22,179,12,87.6,13.8,0,0,0,1
56,AB+,49,16,111,68.4,14.1,0,1,0,0
31,B-,5,46,99,62.8,13.4,0,0,0,1
38,O-,48,400,100,73.8,12.9,1,0,0,0
47,AB+,25,177,90,75.7,12.8,0,0,0,1
38,A+,13,16,53,59.6,16.2,0,0,0,0
26,B+,9,180,59,57.7,14.2,0,0,0,1
34,O-,25,45,46,49.9,12.3,0,0,0,0
22,A+,8,20,67,64.8,14.9,0,0,0,0
48,B+,14,88,3,81.4,16.7,0,0,0,1
57,A-,18,76,68,75.3,12.1,0,0,1,0
55,O-,24,180,23,80.4,14.5,0,0,1,1
60,AB-,25,71,26,60.8,12.6,0,0,0,1
36,AB-,8,302,16,66.2,15.1,0,0,0,1
53,AB+,45,75,46,47.0,11.4,0,0,0,0
50,A+,42,115,106,79.1,13.9,1,0,0,1
30,AB+,17,93,68,82.8,14.3,0,0,0,1
31,AB+,31,24,36,56.3,12.3,0,0,0,0
50,A-,27,400,14,85.9,14.3,0,0,0,1
46,O-,19,125,30,65.4,13.3,0,0,0,1
60,O+,48,179,9,56.1,15.7,1,0,0,0
53,O-,31,75,24,64.5,12.2,0,0,1,0
27,AB+,14,74,58,74.9,14.8,0,0,0,1
48,A-,48,25,21,67.4,13.7,1,0,1,0
23,A+,7,178,101,61.6,15.2,0,0,0,1
18,O-,44,400,19,74.5,15.2,0,0,0,1
24,B+,29,181,71,75.5,13.5,0,0,0,1
44,A-,32,183,43,66.1,13.8,0,0,0,1
38,O+,9,45,97,64.1,14.8,0,0,0,1
45,O-,39,117,92,62.0,14.4,0,0,0,1
33,O+,23,120,52,73.3,13.7,0,0,0,1
40,AB-,40,25,75,50.4,12.9,0,0,0,0
37,A-,19,181,42,59.6,14.2,0,0,0,1
55,O-,49,90,13,66.2,12.6,0,1,1,0
42,A+,11,123,30,59.3,14.5,0,0,0,1
45,A-,13,116,57,70.8,15.0,0,0,0,1
22,A+,50,400,32,69.8,12.9,0,0,1,1
38,B+,35,46,30,95.3,13.3,0,1,0,0
35,A-,18,87,97,59.6,13.1,0,0,0,1
23,B+,25,19,26,67.9,15.0,1,0,0,0
46,O-,44,119,103,57.5,13.9,0,0,0,1
36,B-,10,19,100,89.3,13.4,0,0,0,0
50,O-,31,96,44,86.7,14.5,0,0,0,1
18,B+,9,70,116,50.8,13.3,0,0,0,1
20,A-,26,72,0,66.2,13.6,0,0,0,1
59,B+,33,50,29,68.4,12.6,0,0,0,1
38,AB+,45,182,87,64.3,14.7,0,0,0,1
52,A+,28,181,100,62.7,12.6,0,0,0,1
58,B-,44,50,9,76.5,15.4,0,0,0,1
57,A-,49,175,18,87.7,14.1,0,0,0,1
20,AB+,28,92,46,76.9,13.6,0,0,0,1
42,O-,29,87,106,77.5,13.8,0,0,0,1
55,A-,21,87,87,64.1,15.7,0,0,0,1
37,AB+,43,125,65,79.2,12.3,0,1,0,0
51,B-,0,999,118,79.2,12.4,0,0,0,0
38,A+,24,74,11,62.8,14.9,0,0,0,1
40,B+,0,365,56,65.4,12.8,0,0,0,0
23,O-,46,47,27,50.7,13.0,0,0,0,1
30,B+,30,88,118,53.1,13.3,1,0,0,0
40,AB-,30,73,35,63.2,15.0,0,0,0,1
26,B-,14,94,29,56.2,14.7,0,0,0,1
34,A-,2,34,74,76.8,13.6,0,0,0,0
19,B-,47,400,55,66.3,14.2,0,0,0,1
36,AB-,20,89,52,73.9,14.2,0,0,0,1
36,O+,13,93,71,54.6,12.7,0,0,0,1
24,AB-,29,118,87,82.3,12.8,0,0,0,1
59,AB-,7,124,85,73.4,11.6,0,0,1,0
59,AB+,25,86,100,72.4,15.4,0,0,0,1
37,B+,47,24,11,78.4,13.1,1,0,0,0
26,AB+,23,177,26,71.5,13.8,0,0,0,1
34,O-,0,999,97,56.9,14.4,0,1,0,0
44,O-,9,92,8,74.9,12.7,0,0,1,1
19,B-,28,115,120,59.3,12.9,1,0,0,1
53,A-,31,74,115,70.3,12.8,0,0,0,1
36,B+,8,91,118,59.5,10.6,0,0,0,1
34,AB+,19,19,16,86.3,13.7,0,0,0,0
22,A-,32,25,118,75.4,16.4,0,1,0,0
56,B+,11,116,103,79.1,13.2,0,0,1,1
35,O+,3,15,66,59.6,13.2,1,0,0,0
24,B+,28,115,52,71.3,13.4,0,1,0,1
34,AB+,26,92,117,70.1,14.1,0,0,0,1
56,A-,42,400,74,69.2,14.8,0,0,0,1
53,O-,4,121,103,46.7,12.9,1,0,0,0
57,O-,30,122,56,89.6,14.3,0,0,0,1
21,AB-,34,18,66,67.6,13.7,0,0,0,0
55,B+,37,115,95,73.5,14.1,0,1,0,1
42,O-,38,75,99,53.5,14.3,0,0,0,1
22,O+,3,121,67,84.1,12.7,0,0,0,1
47,O-,34,71,16,83.2,13.2,0,0,0,1
29,AB-,40,185,37,77.4,14.3,1,0,0,0
21,A+,28,400,94,71.0,13.6,0,0,1,1
41,AB+,49,121,58,93.7,14.7,0,0,0,1
46,O+,44,400,74,78.8,13.6,0,0,0,1
26,O-,15,42,22,53.0,14.9,0,0,0,1
21,AB+,47,72,80,70.5,11.6,0,0,1,0
41,B+,7,41,12,74.4,14.2,1,0,0,0
31,AB-,41,90,86,69.2,12.4,0,0,0,1
22,B-,1,95,66,74.3,15.0,0,0,0,1
35,A-,22,400,52,83.9,13.6,0,0,0,1
59,A-,24,181,58,65.9,13.4,0,0,0,1
36,B+,14,50,82,63.8,12.9,1,0,0,0
29,A+,24,176,56,56.1,14.5,1,0,1,0
35,O+,47,74,12,47.5,14.4,0,0,1,0
34,B+,4,73,111,64.6,13.5,1,0,0,0
47,O-,38,117,35,60.5,14.5,0,0,0,1
41,A-,13,43,73,65.7,14.0,0,0,0,1
28,A-,38,183,46,61.6,13.9,0,0,0,1
52,B-,23,96,76,56.2,14.7,0,0,0,1
40,O-,7,71,57,61.9,15.8,0,0,0,1
34,A+,31,91,47,73.6,14.1,0,0,0,1
18,A-,6,298,17,62.1,14.1,0,0,0,1
32,O-,50,400,93,65.9,14.8,0,0,0,1
49,B+,29,185,29,91.0,12.8,1,0,1,0
26,B+,36,117,39,79.8,13.6,0,0,0,1
32,A-,11,119,89,70.5,13.4,0,0,0,1
45,O-,13,90,95,70.9,14.1,1,0,1,0
41,A+,50,180,59,60.2,14.0,1,0,0,1
52,B-,1,28,57,63.4,15.7,0,0,0,0
39,B+,19,41,102,64.9,15.4,0,0,0,1
44,A+,30,116,13,69.2,12.1,1,0,1,0
36,A+,30,179,6,67.5,14.2,0,0,0,1
29,A-,5,178,120,55.6,14.6,0,0,1,1
37,B+,4,96,79,74.6,13.9,0,0,0,1
18,AB-,36,117,54,61.7,13.2,0,1,0,1
38,AB-,4,47,41,89.1,15.3,0,0,0,0
18,B+,31,90,38,81.7,14.2,0,0,0,1
27,AB+,22,400,35,49.7,12.7,0,0,0,0
49,A-,4,96,35,65.2,14.9,0,0,0,1
56,O+,31,124,66,85.7,14.3,0,0,1,1
39,AB-,17,180,53,75.3,13.1,0,0,0,1
35,A-,3,86,83,69.0,13.0,0,0,0,0
49,AB-,9,115,83,42.4,12.9,1,1,0,0
44,B+,45,87,113,65.6,15.1,0,0,0,1
45,B-,8,298,81,70.3,14.4,0,0,1,1
35,AB+,39,96,36,45.4,14.9,0,0,0,1
56,B+,48,119,54,74.7,14.0,0,0,0,1
46,AB-,1,99,98,60.3,13.1,0,0,0,1
35,A+,7,15,0,71.3,12.9,0,0,0,0
25,B+,18,116,119,69.5,15.0,0,0,0,1
48,AB-,37,96,96,65.2,14.3,1,0,0,1
51,A+,48,80,85,76.7,13.5,0,0,0,1
24,AB-,35,47,40,71.1,13.8,1,0,0,0
53,O-,40,120,47,97.9,14.9,0,0,0,1
35,B+,21,115,22,87.6,14.4,0,0,0,1
55,B-,45,46,44,56.9,13.7,0,0,1,1
26,O-,3,48,79,81.1,13.7,0,0,0,0
26,AB-,48,17,55,59.9,13.2,1,0,0,0
25,A+,34,115,108,55.1,13.8,0,0,0,1
52,AB+,26,178,94,51.8,13.5,0,0,1,1
35,O-,6,181,93,64.1,13.7,0,0,0,1
22,B-,10,96,26,79.1,13.2,1,0,0,1
31,O+,48,96,41,69.7,12.3,0,0,0,1
45,AB-,42,182,33,73.6,14.8,0,0,0,1
47,O-,6,96,73,42.0,14.4,0,1,0,0
21,A+,23,91,61,65.5,13.5,0,0,1,1
56,O+,11,89,60,56.4,13.4,0,0,0,1
37,A+,16,180,66,50.6,12.3,0,1,0,0
42,AB-,45,179,52,54.8,15.0,0,1,0,1
45,A-,2,95,113,68.8,15.2,0,0,0,1
29,O-,37,88,107,75.2,13.7,0,0,0,1
19,AB-,49,177,47,58.0,14.2,0,0,0,1
60,B-,31,180,14,74.5,12.7,0,0,0,1
31,A-,5,95,116,77.0,13.9,1,0,1,0
39,A+,20,72,25,71.6,13.0,0,0,0,1
48,O+,41,400,112,58.6,13.0,0,0,0,1
40,A-,45,117,77,62.5,13.5,0,0,0,1
37,B+,30,21,4,71.6,13.3,0,0,0,0
55,B-,42,45,106,60.1,13.7,0,0,0,1
21,A+,33,96,2,75.1,15.0,0,0,0,1
32,O-,40,400,98,55.8,11.5,0,0,0,0
41,A-,43,400,84,72.2,13.2,0,0,0,1
42,A+,20,88,83,78.0,14.5,0,0,0,1
18,B+,7,22,92,70.1,14.0,0,0,0,0
24,B+,39,120,7,57.1,12.9,0,0,0,1
48,A+,8,177,58,50.1,16.1,0,0,0,1
29,O+,13,48,83,55.8,16.8,0,0,0,1
59,A+,10,91,80,73.4,13.8,0,0,1,1
22,AB-,46,116,64,65.7,12.7,0,0,1,1
59,O-,41,94,101,61.4,13.5,1,0,0,1
55,AB+,39,400,7,72.4,12.6,0,0,1,1
29,AB-,17,123,118,46.2,14.2,0,0,0,1
56,B-,11,74,110,65.1,14.4,0,0,0,1
35,B+,46,86,23,55.8,14.9,0,0,0,1
19,AB-,7,87,78,53.1,14.2,0,0,0,1
27,B+,21,116,117,62.3,14.1,0,0,0,1
32,B+,43,176,40,95.2,12.7,0,0,0,1
47,O+,10,365,3,75.0,12.5,0,1,0,0
34,AB+,27,21,88,55.6,11.6,1,0,0,0
21,A+,16,89,11,81.3,13.9,0,0,0,1
24,AB+,48,50,18,53.6,14.7,0,0,0,1
58,O-,5,175,3,84.7,15.1,0,0,1,1
48,O-,50,24,36,58.3,14.7,0,0,1,0
56,A-,24,23,17,69.2,13.4,0,0,1,0
51,AB+,4,298,6,90.9,15.8,0,0,0,1
23,AB-,30,400,120,64.1,12.8,0,0,0,1
55,B-,50,44,36,88.2,12.7,1,0,0,0
51,B-,45,94,6,67.2,14.6,0,0,0,1
32,A+,2,115,98,67.0,15.3,0,0,0,1
31,A+,18,45,62,58.3,15.8,1,0,0,0
23,B+,3,94,64,83.5,14.9,0,0,0,1
54,AB+,24,86,57,62.5,14.6,0,0,0,1
49,A+,16,48,54,89.0,14.7,0,0,0,1
20,A+,3,94,103,61.1,13.5,0,1,0,0
20,B+,30,182,10,63.0,12.9,0,0,0,1
39,O-,22,73,8,79.0,14.1,0,0,1,0
39,B-,35,15,29,66.8,11.9,0,0,0,0
27,O+,31,24,23,71.2,13.5,0,0,0,0
20,B+,35,44,33,53.6,13.2,1,0,1,0
29,A-,22,185,64,69.2,14.4,0,0,0,1
46,O-,12,365,39,72.1,14.0,0,0,0,1
34,A-,46,88,29,87.0,15.4,0,0,1,1
24,AB-,46,77,34,62.7,14.7,0,0,0,1
30,B+,30,90,64,71.7,13.1,0,0,0,1
19,O+,17,87,50,81.3,14.5,0,0,0,1
21,A+,2,100,105,68.5,11.9,1,0,0,0
27,A-,13,185,86,79.9,14.6,0,0,0,1
56,B-,49,122,90,95.5,13.0,0,0,0,1
41,AB+,32,183,16,68.3,13.1,0,0,0,1
34,AB+,29,92,98,82.6,15.3,0,0,0,1
23,AB-,19,180,58,73.7,14.2,0,0,0,1
36,B-,10,78,24,77.4,13.6,1,0,0,0
22,B+,29,400,30,75.8,14.9,0,0,0,1
49,O-,5,185,84,79.7,15.4,0,0,1,1
27,B+,26,400,102,79.0,12.7,0,0,0,1
26,B+,14,46,61,67.2,13.0,0,0,0,1
44,AB-,21,125,24,61.9,14.7,0,1,0,1
30,A+,30,86,62,72.7,14.1,0,1,0,0
36,AB+,9,122,22,52.0,11.8,0,0,0,0
38,AB+,8,87,62,74.8,15.8,1,0,0,0
41,O+,7,48,109,76.2,13.3,0,0,0,1
55,B-,30,92,87,66.0,12.7,0,0,0,1
21,O-,47,87,5,68.5,13.8,0,0,0,1
41,B-,25,400,92,78.0,14.8,0,0,0,1
52,O-,8,47,82,76.2,15.0,0,0,0,1
20,O+,3,179,67,78.2,13.9,0,0,0,1
21,B-,18,123,119,76.5,16.6,1,0,0,1
54,A+,14,95,35,69.2,16.9,0,0,0,1
57,B-,18,119,96,67.8,14.3,0,0,0,1
52,A-,37,24,9,72.6,13.7,1,0,0,0
48,AB-,35,400,94,84.0,13.4,0,0,0,1
42,O+,3,302,27,70.9,13.6,1,0,0,0
57,B+,41,118,60,82.4,15.4,0,0,0,1
30,O-,16,87,44,45.6,14.2,0,0,0,0
21,A+,18,124,15,71.5,14.8,0,0,0,1
31,AB+,14,183,92,68.9,14.6,1,0,1,0
30,A-,29,40,84,49.7,14.5,0,0,0,0
44,A+,37,48,64,51.3,15.0,0,0,0,1
23,B-,41,118,17,73.1,14.7,0,0,1,1
34,O+,50,400,22,69.2,14.3,0,0,1,1
53,A-,22,181,40,76.7,15.8,0,0,0,1
57,O-,4,175,49,42.0,12.3,0,0,0,0
52,O-,11,115,95,79.8,14.1,0,0,0,1
34,O+,43,88,69,79.8,13.2,0,0,0,1
58,B+,1,122,84,52.8,14.8,0,0,0,1
19,AB-,33,181,52,83.5,12.0,0,0,1,0
30,A-,35,93,76,87.7,14.1,0,0,0,1
19,A-,27,80,101,53.3,14.3,0,0,0,1
45,AB-,28,119,65,69.2,15.1,0,0,0,1
60,B-,43,18,61,70.2,13.3,0,0,0,0
43,A+,29,175,33,48.2,16.9,0,0,0,1
39,A-,50,86,90,64.4,13.2,1,0,0,0
60,O+,46,78,50,83.4,12.5,0,0,0,1
20,A-,43,400,80,58.5,14.5,0,0,1,1
52,A+,28,92,97,88.1,13.7,1,0,0,1
29,B-,9,21,62,72.1,15.8,0,0,0,0
41,O-,1,98,2,59.3,12.1,0,0,0,0
22,O+,8,116,29,68.5,13.8,0,0,0,1
37,B-,35,96,46,51.9,14.7,0,0,1,1
56,AB+,41,400,55,72.7,13.1,0,0,0,1
56,B-,25,44,38,65.9,12.3,0,0,0,0
30,A-,15,72,89,63.3,15.4,1,0,0,0
58,O+,9,118,112,52.1,12.9,1,0,0,0
29,A-,35,117,81,67.1,14.9,0,0,0,1
30,O+,45,176,84,70.3,12.8,0,0,0,1
27,AB+,8,119,3,52.9,13.4,0,0,0,1
50,B-,13,120,54,79.9,14.6,0,0,0,1
57,O+,45,121,14,71.1,14.2,0,0,0,1
33,B+,9,16,23,58.7,12.8,0,0,0,0
52,A-,1,180,34,67.0,14.4,0,0,0,1
20,AB-,16,90,0,77.2,11.4,0,0,0,1
22,O-,28,86,64,83.1,12.5,0,1,0,0
43,AB-,19,92,106,85.5,15.7,0,0,0,1
28,A+,42,183,67,87.8,13.6,0,0,0,1
24,A-,28,182,28,53.4,14.6,0,0,0,1
27,A+,20,400,11,60.2,14.6,0,0,0,1
59,AB+,27,123,78,52.6,13.4,0,0,1,1
51,AB+,14,96,15,80.0,13.9,0,0,0,1
20,B+,10,124,67,66.1,12.5,0,1,0,1
25,A-,29,119,91,81.9,13.9,0,0,0,1
48,O+,22,175,28,52.4,13.3,0,0,1,1
28,A-,38,115,13,60.4,16.1,0,0,0,1
24,AB+,42,400,111,59.2,13.0,0,0,0,1
19,B-,4,87,39,81.6,14.4,0,0,0,0
23,A-,42,96,59,75.7,13.5,0,1,0,1
58,O+,4,25,117,45.7,14.7,1,0,0,0
49,A+,6,87,102,62.9,12.3,0,0,0,0
37,B-,14,180,31,78.6,13.7,0,0,0,1
51,B+,16,178,116,80.2,14.5,0,0,1,1
33,B-,2,365,73,72.6,14.1,0,0,0,1
42,B+,22,116,23,70.0,14.3,0,0,1,1
29,AB+,37,44,13,57.8,12.9,0,0,0,1
24,B-,15,124,1,79.8,13.4,0,0,0,1
56,B+,41,175,90,54.8,13.8,0,0,0,1
34,O-,39,95,37,50.3,14.7,0,0,0,1
28,B-,26,117,104,70.3,15.3,0,0,0,1
23,O-,18,365,84,63.1,11.8,0,0,1,0
40,AB+,18,50,3,76.0,13.4,0,0,0,1
44,O-,28,94,32,73.3,13.1,1,0,0,1
23,O+,4,92,45,86.8,12.9,0,0,0,1
55,AB-,31,76,19,72.5,14.1,0,0,1,1
19,O+,15,94,23,79.7,13.8,0,0,0,1
39,A-,21,116,92,58.6,12.6,0,0,0,1
37,AB-,11,73,48,75.8,12.5,0,0,0,1
42,B-,8,92,18,65.0,14.3,0,0,0,1
32,AB-,19,185,28,62.6,12.6,0,0,0,1
46,AB-,14,80,114,58.1,13.0,0,1,0,0
25,B+,32,91,104,85.0,14.8,0,0,0,1
54,B+,13,115,68,67.9,14.0,0,0,0,1
50,O+,13,24,82,59.3,15.5,1,0,0,0
39,O-,43,121,17,75.5,13.7,0,0,1,1
22,AB-,27,44,55,63.2,16.3,0,0,0,1
56,B+,12,177,11,59.2,13.6,1,0,1,0
35,AB+,50,47,69,99.9,15.1,0,0,0,1
55,O+,5,117,36,54.7,12.9,0,0,0,1
54,O-,22,118,46,88.5,13.1,0,0,0,1
47,AB-,24,400,120,59.1,15.7,0,0,0,1
48,AB+,40,179,29,74.9,13.0,0,0,0,1
27,A-,15,95,15,66.9,13.6,0,0,0,1
32,O+,45,90,69,76.1,13.1,0,0,0,1
59,A-,6,16,53,52.8,15.0,0,0,0,0
35,AB-,45,89,103,51.5,12.5,0,0,0,1
40,AB-,10,90,46,76.4,15.2,0,0,0,1
50,B+,25,47,33,48.4,14.1,0,0,0,0
33,O-,25,175,7,55.1,14.0,1,0,0,0
55,B+,2,65,111,67.0,13.7,0,0,0,0
52,A-,34,94,45,53.8,15.2,0,0,0,1
51,AB-,21,41,91,55.2,13.6,0,0,0,1
45,B+,48,400,55,63.5,13.0,0,0,0,1
19,AB-,30,41,22,44.0,14.4,0,0,0,0
47,AB-,34,74,47,52.6,13.7,0,0,0,1
30,A-,27,77,47,82.7,16.0,0,0,0,1
58,AB+,25,71,106,78.5,14.8,0,0,0,1
33,B+,16,365,109,92.9,14.2,0,0,0,1
22,AB+,15,182,40,74.5,15.4,0,0,1,1
45,AB-,48,116,70,82.3,12.2,0,0,0,1
56,A+,23,95,94,63.4,14.4,0,0,0,1
37,A+,2,99,87,65.9,13.9,0,0,0,1
41,AB-,14,88,71,72.5,13.6,0,0,0,1
44,O+,26,400,5,47.2,13.5,0,1,0,0
47,A+,32,125,103,74.0,15.0,0,0,0,1
44,A-,23,120,42,61.1,11.8,0,0,0,1
43,B-,46,86,43,63.0,14.3,0,0,0,1
24,O-,45,122,1,79.0,12.2,0,0,0,1
59,A-,26,184,20,50.9,13.5,0,0,0,1
55,A+,18,122,53,68.6,13.7,0,1,0,1
22,A-,40,86,84,72.9,15.6,0,0,0,1
40,AB+,44,400,47,62.2,13.2,0,0,0,1
45,O+,47,121,92,68.4,13.9,0,0,0,1
51,B-,35,20,41,68.9,12.4,0,1,0,0
32,A-,30,185,111,77.9,14.4,1,0,0,0
49,AB+,39,73,46,66.0,12.3,0,0,0,0
43,A+,24,117,23,54.2,11.8,0,0,0,1
48,A-,12,18,4,61.6,12.1,0,0,0,0
36,A-,15,118,71,64.2,13.5,0,0,0,1
26,AB-,34,179,90,59.2,13.5,0,0,0,1
46,B-,30,125,38,70.1,15.0,0,0,0,1
56,A-,32,400,76,69.6,15.5,0,0,0,1
21,AB-,50,118,64,69.0,15.4,0,0,0,1
20,B+,28,88,63,58.1,15.1,1,0,0,0
46,B+,26,48,9,69.4,16.1,0,0,0,1
28,A+,2,117,111,82.2,14.3,1,0,0,0
50,B-,39,95,65,71.2,14.3,0,0,0,1
55,A-,45,400,112,79.8,15.8,0,1,0,0
28,A+,48,117,60,69.2,12.6,0,0,0,1
44,AB+,39,25,107,61.0,14.8,0,0,1,0
50,O-,40,400,5,77.5,13.7,0,1,0,0
38,B+,30,76,115,52.5,15.3,0,0,1,1
56,O-,13,41,120,61.9,15.1,0,0,0,1
48,B+,10,184,25,66.4,13.6,0,0,0,1
55,AB+,16,117,81,75.2,12.5,0,0,0,1
19,O-,14,18,50,82.0,15.3,0,0,0,0
44,AB+,6,93,115,77.3,13.3,0,0,0,1
53,O+,36,17,30,76.2,13.9,0,0,0,0
28,A-,26,117,120,77.5,12.6,0,0,0,1
35,AB-,40,176,27,79.0,13.4,1,0,0,1
18,A+,15,87,59,55.5,14.9,0,0,0,1
52,B-,48,400,74,92.3,14.2,0,0,0,1
52,O-,38,183,28,80.2,13.0,0,0,0,1
48,AB+,5,73,23,66.0,11.7,0,0,0,0
45,O-,34,121,45,72.1,14.6,0,0,0,1
56,B+,8,22,32,53.6,13.3,0,0,0,0
18,AB-,39,400,112,65.1,14.0,0,0,0,1
42,A-,12,73,50,64.2,13.6,0,0,0,1
60,B+,2,178,1,63.3,13.3,0,0,0,1
55,O+,19,118,85,77.0,14.5,0,0,0,1
37,O+,42,79,37,69.1,12.8,0,0,0,1
20,B-,34,71,88,54.9,14.0,0,0,0,1
19,A-,29,95,9,55.1,14.3,0,1,0,1
35,O+,16,119,100,46.4,15.3,0,0,0,1
27,A-,26,48,62,77.7,13.9,0,0,0,1
22,O-,50,400,38,65.5,12.5,0,0,0,1
26,O+,48,93,115,76.3,14.5,0,0,0,1
19,AB+,38,180,2,102.5,12.8,0,0,0,1
51,O+,43,119,74,58.1,13.1,0,0,1,1
55,O+,38,182,7,71.6,13.3,0,0,0,1
48,B-,2,179,47,83.9,13.6,0,0,1,0
27,O+,40,48,99,62.6,15.2,1,0,1,0
29,B-,12,94,25,64.3,14.5,0,0,1,1
53,B+,44,87,20,73.8,12.6,0,0,0,1
38,A+,30,80,2,96.0,15.5,1,0,0,0
23,O-,29,77,115,75.0,15.0,0,0,0,1
20,O+,42,179,114,58.7,14.3,0,0,0,1
27,O-,28,96,16,60.1,11.3,1,0,0,0
22,B+,19,89,32,62.6,12.9,0,0,0,1
43,A+,10,42,91,48.0,13.8,0,0,0,0
38,B-,20,19,65,66.2,15.6,0,0,0,0
43,O-,42,20,65,68.1,15.3,0,1,0,0
55,A-,23,175,120,68.5,12.7,0,0,1,1
43,A+,46,124,47,52.1,12.0,0,0,0,1
25,B-,49,95,25,71.8,13.6,0,1,0,1
22,A+,22,73,73,57.2,14.0,0,0,0,1
32,A-,28,182,14,65.4,12.4,0,0,0,1
33,A+,46,180,59,59.8,12.8,0,0,0,1
18,AB-,31,185,93,80.7,16.1,0,1,0,1
33,AB-,33,79,75,60.5,13.4,0,0,0,1
54,O+,38,181,24,82.8,13.5,0,0,1,1
20,AB+,3,121,38,69.5,16.9,0,0,1,1
48,B+,34,400,17,72.6,13.4,0,0,0,1
30,A+,35,119,52,68.9,12.7,0,0,0,1
33,A+,43,95,0,58.6,13.0,0,0,0,1
60,AB-,0,999,20,72.5,14.1,0,0,0,0
38,AB-,31,93,15,63.3,13.3,0,1,0,1
19,B-,14,93,69,71.5,13.7,0,1,0,1
44,B-,4,92,35,74.6,13.8,0,0,0,1
55,AB+,28,86,14,89.0,17.3,0,0,0,1
43,AB+,41,400,74,73.2,14.6,0,0,0,1
55,A-,24,89,85,78.5,12.8,1,0,0,0
42,O+,11,115,8,75.3,13.6,1,0,1,0
28,B-,46,177,48,65.5,14.7,0,0,0,1
25,AB+,9,300,81,75.5,15.0,1,0,0,0
25,AB+,2,122,92,66.6,12.0,0,0,0,0
50,B+,23,24,53,63.5,12.2,0,0,0,0
24,B+,5,181,20,56.0,14.3,0,0,0,1
55,AB+,38,178,16,75.2,13.1,0,0,0,1
38,AB-,31,400,56,61.8,12.9,0,0,0,1
25,A-,41,115,103,74.9,14.0,0,0,0,1
38,O-,30,45,77,68.1,14.7,0,0,0,1
37,A-,50,16,114,64.9,13.5,0,0,0,0
25,B-,34,400,28,58.5,11.7,0,0,0,0
48,O-,26,120,1,82.3,13.2,0,0,1,1
46,A+,45,45,14,63.7,12.5,0,0,0,1
26,A+,10,90,80,85.5,14.4,0,0,0,1
32,AB+,10,120,94,59.0,16.1,0,0,0,1
47,O+,18,89,110,84.6,14.1,0,0,1,1
43,AB-,42,400,53,68.9,14.3,0,0,0,1
27,B+,19,175,81,77.5,14.7,0,0,0,1
46,A-,44,175,108,53.7,15.3,0,0,0,1
33,AB-,44,120,72,53.6,13.2,0,1,1,1
53,A-,5,91,56,70.8,13.7,0,0,0,1
37,B-,2,57,15,56.8,14.8,0,0,1,0
54,AB-,13,185,71,82.6,12.8,0,0,0,1
39,A+,15,365,89,72.0,12.1,0,1,0,0
24,O-,8,295,49,60.9,13.3,0,0,0,1
40,AB-,7,23,118,57.9,15.2,0,0,0,0
58,AB+,31,400,13,64.8,14.0,0,0,0,1
57,O-,17,94,25,61.8,13.3,0,0,0,1
46,AB-,30,122,16,73.4,14.9,0,0,1,1
33,A-,32,87,51,67.2,14.4,1,0,0,0
55,B-,20,177,113,80.9,12.9,0,0,1,1
45,A+,43,92,78,75.0,13.6,0,0,0,1
55,O+,18,119,63,58.5,12.7,0,0,1,1
48,AB+,29,94,41,63.3,14.0,0,0,0,1
31,AB+,34,92,43,58.5,14.5,0,0,0,1
50,B-,16,179,65,58.5,11.1,1,0,0,0
26,B-,21,96,68,48.3,12.7,0,0,0,1
44,O+,23,89,45,78.4,15.6,0,0,0,1
41,O+,15,18,99,82.2,13.4,0,0,0,0
30,B-,49,178,91,57.1,15.6,0,1,0,1
43,B-,36,21,119,56.0,12.4,0,0,0,0
46,AB-,13,87,95,74.2,13.2,0,0,0,1
60,O-,18,71,75,59.0,14.0,0,0,0,1
45,AB+,42,180,26,82.0,13.4,0,0,0,1
45,O+,44,91,86,60.1,15.2,0,0,0,1
25,B+,41,89,41,44.5,13.7,1,0,0,0
40,A-,26,400,94,66.6,14.6,0,0,0,1
46,A+,6,47,0,61.5,12.6,0,0,0,0
22,AB+,47,125,9,69.6,14.1,0,0,0,1
59,B-,15,123,71,64.2,13.5,0,0,0,1
24,AB+,31,120,35,74.3,12.7,0,0,0,1
59,B-,50,117,58,72.7,14.3,0,0,0,1
53,AB+,22,86,37,71.6,15.3,0,0,0,1
58,A-,1,119,3,70.1,13.1,0,0,0,1
44,B+,37,86,90,68.0,14.3,0,0,0,1
19,AB-,29,90,42,52.6,13.6,0,0,0,1
42,O-,35,182,93,72.3,13.9,1,0,0,0
26,A-,6,121,50,76.1,14.7,0,0,0,1
44,AB+,19,48,22,71.8,15.4,0,0,0,1
18,A-,2,28,117,65.8,15.2,0,0,0,0
40,B+,42,87,115,74.5,13.0,0,0,0,1
27,A+,16,19,108,70.6,12.3,0,0,0,0
59,A-,8,295,107,75.8,11.6,0,0,0,0
42,AB+,7,42,92,67.0,14.5,0,0,0,1
20,A-,9,74,71,52.3,13.2,0,0,0,1
23,AB+,30,179,8,66.0,15.0,0,0,0,1
23,O+,41,125,55,57.6,12.7,1,0,0,1
19,AB+,34,92,71,62.9,14.3,0,0,1,1
35,O+,18,91,66,69.0,11.9,1,0,0,0
40,AB+,49,124,100,78.9,14.4,0,0,0,1
19,AB-,45,181,115,75.3,14.2,0,0,0,1
29,A-,22,400,30,70.3,12.6,0,0,0,1
39,AB-,29,95,11,81.7,14.0,0,0,0,1
54,A+,22,23,7,68.5,16.1,0,0,0,0
37,B+,38,176,13,70.2,14.6,0,0,0,1
56,AB-,26,95,46,63.8,17.1,0,0,0,1
41,B+,49,124,28,56.2,14.0,0,0,0,1
37,A-,21,123,84,74.1,14.4,0,0,0,1
18,O-,32,117,24,50.8,13.3,0,0,0,1
18,O-,33,118,97,57.8,14.1,1,0,1,0
34,B+,37,118,4,70.0,12.7,0,0,0,1
18,O-,43,400,109,58.7,14.8,0,0,0,1
47,A-,15,86,10,68.2,12.9,0,0,0,1
58,AB-,16,94,57,69.6,15.6,0,0,0,1
20,B+,16,87,16,61.8,12.3,0,0,1,0
28,A-,34,117,106,68.6,13.5,0,0,1,1
41,A-,18,119,1,68.5,13.5,0,0,0,1
39,A-,38,80,54,55.5,12.6,0,0,0,1
43,AB-,15,74,100,74.0,14.1,0,0,1,1
30,A+,50,400,91,45.7,13.2,0,0,0,0
18,B+,38,40,111,88.7,15.3,0,1,0,0
41,AB+,25,123,102,73.9,12.9,0,0,0,1
27,O+,15,116,65,79.2,14.3,0,0,0,1
52,O+,23,120,120,75.3,13.7,0,0,0,1
41,O-,39,119,62,67.5,13.6,0,0,0,1
45,AB-,47,119,105,59.5,13.9,0,0,0,1
53,B+,24,41,112,67.7,14.6,0,0,0,1
33,O+,50,90,77,77.2,11.7,0,0,1,1
57,A-,2,92,37,59.0,13.9,0,0,0,1
33,AB-,19,45,27,69.7,12.9,0,0,0,1
34,A-,20,91,69,48.1,13.0,0,0,0,1
32,AB-,34,175,20,59.1,14.1,1,0,0,1
33,B+,23,94,25,58.6,15.0,0,0,0,1
32,O-,20,120,35,86.5,15.5,0,0,0,1
51,B+,8,125,22,53.3,13.2,0,0,0,1
28,B+,28,400,75,72.4,10.7,1,0,0,0
18,AB-,30,73,97,85.5,13.9,0,0,0,1
32,B-,24,120,66,79.1,11.8,0,0,0,1
43,B-,46,400,104,84.7,14.3,0,0,0,1
21,B+,7,125,65,86.4,12.8,0,0,0,1
60,B-,28,88,109,68.6,14.2,0,0,0,1
22,O+,1,31,94,73.2,12.9,0,0,0,0
52,B+,9,76,102,70.1,12.5,0,0,0,1
30,B-,42,400,53,73.3,12.5,0,0,0,1
27,A-,12,365,113,72.6,14.2,1,0,0,0
28,O+,33,115,84,86.9,12.3,0,0,0,1
35,O+,30,178,28,71.2,14.4,0,0,0,1
51,AB-,0,730,64,57.5,15.8,0,0,0,0
56,A+,48,16,118,74.6,15.6,0,0,0,0
58,B+,32,88,86,76.0,12.0,0,0,0,0
59,A+,27,87,29,59.0,12.3,0,0,0,0
40,O+,19,121,97,58.5,14.3,0,1,0,1
24,AB+,11,50,114,78.5,12.6,0,0,0,1
56,O-,50,86,94,62.1,14.5,0,1,0,0
20,AB+,14,90,44,63.5,11.9,0,0,0,1
29,O+,6,182,18,62.9,13.7,0,0,0,1
24,O+,2,99,65,70.7,14.8,0,0,0,1
43,B-,42,184,84,80.1,12.1,0,0,0,1
50,B+,5,90,67,75.4,13.7,1,0,0,0
54,A-,33,184,1,62.9,13.7,0,0,1,1
32,O+,10,115,89,82.7,14.5,0,0,0,1
19,A+,37,118,96,77.6,13.1,0,0,1,1
58,A-,33,184,28,78.9,12.2,0,0,0,1
24,O-,40,183,76,78.6,11.0,0,0,0,1
49,B+,36,125,120,62.3,15.3,1,0,0,1
21,A+,26,93,46,57.9,14.7,1,0,0,1
37,A+,26,42,43,64.3,13.8,0,0,0,1
53,AB+,50,119,7,78.9,13.7,0,0,0,1
49,B-,38,48,31,55.0,14.3,0,0,1,1
45,B+,31,41,91,53.5,14.9,0,0,0,1
30,A-,32,183,59,48.0,11.6,0,0,0,0
18,AB+,31,400,10,54.2,11.8,0,0,0,0
52,A-,29,86,114,59.3,11.7,0,0,0,0
47,B+,30,87,51,69.4,13.4,0,0,0,1
53,A+,39,121,60,55.3,14.0,1,0,0,1
42,O-,29,25,19,75.3,14.9,0,0,0,0
33,B+,44,179,39,68.5,10.6,0,0,0,1
36,A+,45,183,4,45.5,12.3,0,0,0,0
18,O+,31,77,114,67.8,13.9,0,0,0,1
22,O-,42,119,101,69.6,14.1,0,0,0,1
39,B+,7,72,43,89.1,13.6,0,0,0,1
41,O+,35,72,106,70.7,12.6,0,0,1,1
60,AB+,27,76,86,48.5,13.0,0,0,1,0
54,B-,24,46,34,70.5,13.6,0,0,0,1
53,B-,40,400,27,69.9,11.9,0,0,0,0
53,A-,25,88,66,74.7,12.9,0,0,1,1
21,B+,37,75,100,97.0,12.3,0,0,0,0
53,A-,49,125,96,62.1,14.4,1,0,1,0
35,A-,35,48,104,60.8,12.8,0,0,0,1
33,B-,28,86,49,73.2,12.4,0,0,1,0
58,B+,44,43,49,88.1,13.2,0,0,0,1
35,A-,40,80,18,75.4,14.6,0,0,0,1
39,A+,6,43,2,64.2,13.8,0,0,0,0
19,A+,6,70,55,78.8,15.0,0,0,0,1
38,B+,21,96,84,87.7,14.8,0,0,0,1
53,A+,46,177,89,59.5,13.0,0,0,0,1
56,B+,12,92,84,57.0,13.9,0,0,0,1
56,B-,49,400,38,68.6,15.0,0,0,1,1
46,A+,20,90,14,71.3,13.3,0,0,0,1
43,A+,37,400,61,83.2,14.1,0,0,0,1
38,AB+,30,92,97,62.8,12.8,0,0,0,1
34,B-,21,71,29,72.4,13.6,0,1,0,0
33,A+,49,91,78,85.1,13.5,0,0,0,1
48,A-,19,75,27,70.5,14.5,0,1,0,0
26,B+,46,180,67,63.7,13.4,0,0,0,1
48,O+,20,71,21,74.3,14.0,0,0,0,1
31,O-,37,91,9,64.4,14.2,0,1,0,1
54,A+,7,297,78,71.7,12.9,0,0,0,1
19,B-,0,999,50,65.9,13.4,0,0,0,0
31,A+,19,89,112,66.4,14.3,0,0,0,1
50,A+,50,74,94,63.6,15.8,0,0,0,1
52,AB-,39,121,103,61.7,12.4,0,1,1,0
56,O-,40,400,56,78.9,14.4,0,0,1,1
37,B+,37,119,58,70.1,15.1,0,0,0,1
19,AB+,18,125,69,82.0,13.9,0,1,0,1
58,O+,19,365,96,43.2,12.8,1,0,0,0
36,AB-,48,182,96,62.3,13.7,0,0,0,1
54,B-,25,400,52,59.9,12.7,1,1,0,0
35,AB-,13,75,76,65.2,13.2,0,0,0,1
33,B+,46,75,86,56.6,14.2,0,0,0,1
21,O+,38,400,115,50.3,13.7,0,0,0,1
29,AB-,6,42,68,75.4,14.0,0,0,0,1
46,B-,18,121,87,61.5,12.5,0,0,1,1
24,A+,9,74,105,74.1,13.1,0,0,0,1
31,B-,23,400,33,55.0,14.5,0,0,0,1
29,AB+,21,87,42,50.0,12.0,1,0,1,0
52,AB+,39,400,5,70.7,12.3,1,0,0,0
22,AB+,49,119,88,75.0,13.5,0,0,1,1
34,A-,24,177,102,61.2,13.2,0,0,0,1
59,O-,18,365,72,56.8,14.6,0,0,0,1
49,O+,40,400,14,81.7,11.2,0,0,0,0
27,B-,36,43,63,67.4,13.7,1,0,0,0
60,B-,47,95,117,57.0,15.3,0,0,0,1
34,B-,46,124,42,51.5,14.2,0,0,0,1
22,A+,41,178,54,60.4,12.1,0,0,0,1
59,A+,4,123,105,63.7,16.5,0,0,0,1
26,B+,23,178,120,76.4,13.2,1,0,0,1
50,A-,40,182,22,67.8,11.1,0,0,1,0
53,A-,37,93,60,66.5,14.7,0,0,0,1
53,AB+,0,730,114,57.9,12.9,0,0,0,0
35,AB-,12,117,47,83.2,15.9,1,0,1,0
26,AB-,20,175,73,78.7,14.6,0,0,0,1
46,O-,9,180,73,77.9,16.1,0,1,0,0
31,A-,35,80,14,67.3,12.6,0,0,0,1
42,B-,10,91,96,72.4,15.2,0,0,0,1
32,O-,6,296,80,42.0,12.9,0,0,0,0
23,O-,40,76,69,70.2,14.2,0,0,0,1
59,B+,40,120,103,89.2,14.0,1,0,0,1
46,B-,16,92,93,61.6,15.3,0,0,0,1
32,AB-,34,400,7,57.2,14.7,0,0,0,1
46,A-,31,47,66,66.4,13.3,0,0,0,1
21,O+,46,79,99,58.5,15.0,0,0,0,1
35,A-,0,730,30,57.8,13.7,0,0,0,0
56,B-,24,88,23,70.9,14.6,0,0,0,1
33,O+,31,93,75,77.1,14.1,1,0,0,1
28,B-,22,181,44,71.0,13.6,0,0,0,1
31,O+,4,120,23,55.4,12.3,0,0,1,0
20,AB-,21,117,19,60.6,14.0,0,0,0,1
59,O-,11,365,44,71.5,13.1,0,0,0,1
55,AB+,19,116,8,75.2,12.4,0,0,0,1
59,A-,18,87,47,65.7,14.7,0,0,0,1
35,A-,40,91,116,58.2,13.1,0,0,0,1
37,AB+,28,77,80,76.5,11.8,0,0,0,0
42,AB-,17,50,84,87.9,13.8,0,0,1,1
55,B-,11,46,88,80.4,13.6,1,0,0,0
30,B+,47,120,77,89.8,13.7,0,0,0,1
21,AB-,42,183,120,61.2,13.7,0,0,0,1
31,AB-,33,48,101,79.3,12.7,1,0,1,0
50,B-,24,177,86,82.2,13.4,1,0,0,1
45,AB-,34,120,90,62.6,14.9,0,0,0,1
54,B+,27,22,104,58.9,14.7,0,0,1,0
25,A+,15,75,84,57.4,13.4,0,1,0,0
51,B-,28,175,18,67.0,14.4,0,1,0,1
22,AB-,29,183,87,51.4,13.9,0,0,0,1
22,AB+,35,92,38,86.6,13.4,0,0,0,1
48,B-,47,400,83,53.9,15.2,0,0,0,1
26,O-,41,92,69,72.6,12.8,0,0,0,1
59,A-,18,18,14,43.1,14.1,0,0,0,0
49,O-,21,185,13,90.5,12.0,0,0,0,1
50,B+,25,89,98,81.7,14.2,0,0,0,1
20,AB-,9,124,60,50.5,13.1,1,0,0,0
47,A+,5,48,70,71.4,13.4,1,0,0,0
29,O+,3,302,64,65.3,13.5,0,0,0,1
46,O+,7,42,3,69.7,11.4,0,0,0,0
20,AB+,26,47,35,75.0,12.0,1,0,0,0
43,AB+,1,32,110,59.2,14.7,0,0,0,0
47,AB+,30,93,99,67.4,13.9,1,0,0,1
26,B-,41,115,116,48.1,15.4,0,0,0,1
43,O+,37,50,39,68.9,12.3,0,0,0,0
19,AB+,37,87,81,45.4,14.7,0,0,0,0
20,AB+,2,180,47,82.4,14.3,0,1,0,0
21,O+,24,179,112,51.9,15.1,0,0,0,1
42,B+,46,184,96,71.2,13.7,0,0,0,1
30,O-,24,77,7,77.1,13.9,1,0,0,0
56,B+,15,80,30,88.5,12.8,0,0,0,1
52,B-,15,70,100,87.5,13.5,0,1,0,0
40,B+,50,400,14,83.3,13.3,1,0,1,0
26,A+,15,180,94,67.8,12.3,0,0,0,1
19,A-,23,47,107,80.3,13.9,0,0,0,1
58,AB-,19,76,113,71.0,14.8,0,0,0,1
48,B+,19,92,48,72.0,15.1,0,0,0,1
19,AB+,50,184,106,61.2,12.9,0,0,0,1
49,O-,9,298,31,87.2,13.8,0,0,1,1
35,AB-,10,91,96,59.2,13.7,0,0,0,1
30,B+,21,17,17,56.2,15.4,0,0,0,0
22,O-,22,86,110,72.5,15.8,0,0,1,1
59,B+,13,365,19,48.3,12.4,0,0,0,0
27,B+,36,400,114,69.3,14.3,0,0,0,1
60,O+,47,20,108,86.0,14.4,0,0,0,0
42,AB+,4,16,85,72.6,13.6,0,0,0,0
51,A-,18,94,13,68.3,12.4,0,0,1,0
54,O+,2,116,32,58.8,14.6,0,0,0,1
47,A-,28,400,43,51.5,15.1,1,0,0,0
24,A-,47,178,42,77.5,13.2,0,0,0,1
23,AB-,41,116,44,68.3,15.1,1,0,0,1
20,B+,27,400,20,74.9,13.8,0,1,0,0
30,AB-,30,93,2,43.9,15.4,0,0,0,1
20,AB-,2,97,89,76.1,15.4,0,0,0,1
43,A-,2,365,8,89.8,13.8,0,0,0,0
41,AB+,1,28,14,82.8,14.3,0,0,0,0
23,O-,11,88,30,71.3,13.0,0,0,0,1
60,B+,34,182,44,56.5,12.0,0,0,1,0
59,A+,24,89,73,69.3,14.1,0,0,0,1
29,O-,11,95,80,69.7,12.2,0,0,0,1
53,O-,17,365,95,62.5,16.1,0,0,0,1
19,O+,17,118,103,63.4,15.1,0,0,0,1
28,B-,38,80,78,91.1,13.6,0,0,0,1
56,AB-,1,122,48,57.4,16.7,0,0,1,0
51,AB-,4,117,37,63.3,13.1,0,0,0,1
43,O-,32,24,39,74.2,13.4,1,0,0,0
35,B+,4,75,109,92.0,13.4,0,0,1,0
38,O-,4,23,43,64.7,13.7,1,0,0,0
53,AB+,34,118,10,48.2,13.5,0,0,1,0
57,AB-,19,46,28,44.5,14.3,0,0,0,0
39,B+,46,119,62,95.7,12.7,0,0,0,1
47,AB-,40,175,21,47.0,13.9,0,0,0,1
60,A-,31,176,104,68.8,13.2,0,0,0,1
47,O+,15,118,65,51.4,13.9,0,0,0,1
25,AB+,23,41,38,59.3,12.6,0,1,0,0
51,B-,35,400,40,60.9,12.8,0,0,0,1
26,B+,41,70,67,46.5,16.1,0,0,0,0
37,B+,16,183,54,81.4,12.8,0,0,0,1
57,B-,46,88,12,72.7,14.4,0,0,0,1
42,O+,19,80,45,63.3,13.2,0,0,1,1
36,A+,16,80,54,61.7,12.7,0,0,0,1
22,O-,33,400,76,80.0,13.9,0,0,1,1
28,A+,34,96,29,69.0,12.8,0,0,0,1
32,B-,46,95,72,90.9,14.4,1,0,0,1
25,O+,32,400,48,63.1,13.7,0,0,1,1
36,B+,2,177,15,72.7,15.3,0,1,0,0
40,AB+,45,115,84,54.5,12.4,0,0,0,1
44,A+,1,100,75,63.2,14.1,0,0,0,1
57,AB+,17,87,118,79.4,14.2,0,0,0,1
49,A+,14,95,33,81.0,12.7,0,0,0,1
43,A+,18,365,120,88.3,13.1,0,0,0,1
44,AB-,45,40,11,72.9,12.2,0,0,0,0
36,O+,31,400,17,81.6,12.1,1,0,0,0
59,AB-,32,25,6,74.9,13.7,0,0,0,0
46,O-,31,42,12,63.5,14.7,0,0,0,1
56,A+,32,22,116,51.3,13.7,0,0,0,0
58,B-,11,96,32,65.5,13.7,0,0,0,1
50,B+,35,120,76,55.4,12.4,0,0,1,1
36,O-,46,121,25,79.6,11.5,1,0,0,0
54,AB-,28,400,80,80.2,14.2,0,0,0,1
36,A+,49,95,99,56.8,13.1,0,0,0,1
50,A-,15,95,7,80.2,11.8,1,0,0,0
33,O-,41,78,70,55.0,13.2,0,0,0,1
40,A+,29,179,74,83.9,14.1,0,0,1,1
24,O+,7,15,82,66.2,14.2,0,0,0,0
43,B+,45,19,63,73.0,14.0,0,1,0,0
49,A+,15,96,100,83.9,13.0,0,0,0,1
29,AB+,31,400,30,74.6,14.5,0,0,0,1
25,AB-,29,184,18,66.5,13.8,0,0,0,1
22,AB+,7,185,94,77.6,12.8,0,0,1,1
59,B-,22,400,33,57.4,12.6,0,0,0,1
45,O+,46,117,57,46.8,14.0,0,0,1,1
22,AB+,17,88,14,80.6,14.8,0,0,0,1
43,O+,1,122,7,53.6,14.5,0,0,0,1
22,A-,49,86,85,78.1,14.0,0,0,1,1
39,A-,16,72,57,69.6,14.5,1,0,0,0
32,O+,7,50,110,67.8,16.4,0,0,0,1
30,B+,48,41,44,57.6,14.1,0,0,0,1
45,O-,19,76,107,63.0,14.0,0,0,0,1
50,AB+,39,92,46,68.1,14.4,0,0,1,1
60,B-,5,71,47,70.2,14.6,0,0,1,0
40,B-,47,95,97,58.1,12.3,0,0,0,1
50,AB-,13,119,30,76.2,14.0,0,1,0,1
60,AB+,9,44,53,76.9,14.9,0,0,0,1
35,O-,0,365,4,73.3,15.7,0,0,0,0
47,AB+,32,46,115,63.2,13.8,0,0,0,1
43,A-,4,122,87,77.5,13.3,1,0,0,0
33,O+,24,75,45,74.8,14.0,0,0,0,1
30,B+,4,183,120,46.5,13.1,0,0,0,0
56,AB+,13,365,118,70.3,15.5,0,0,0,1
50,B-,48,175,72,89.3,14.3,0,0,1,1
43,B+,4,177,53,78.7,13.7,0,0,0,1
18,B-,16,96,24,80.7,15.0,0,0,0,1
55,A-,47,400,47,60.3,12.5,0,0,0,1
19,O+,18,118,3,69.4,11.5,1,0,0,0
23,AB-,0,999,115,66.0,14.3,0,0,0,0
55,O+,44,95,118,68.0,15.0,0,0,0,1
59,B-,47,76,36,62.3,13.6,0,0,0,1
41,B+,14,119,17,54.4,13.1,0,0,0,1
35,B+,14,77,94,68.7,12.7,0,0,0,1
44,AB-,39,120,36,59.4,12.4,0,0,0,1
58,A-,18,23,16,74.4,14.5,0,0,0,0
25,A+,49,180,100,67.7,14.7,0,0,0,1
45,A+,3,178,90,46.8,14.8,0,0,0,0
27,AB-,37,400,24,83.2,13.8,0,0,0,1
34,B+,24,119,65,72.8,12.5,0,0,0,1
46,A-,25,42,22,63.0,13.0,0,0,0,1
23,A-,2,94,77,64.3,14.5,0,0,0,1
31,AB+,13,87,33,54.5,12.7,0,0,1,1
39,B-,29,400,88,67.3,13.7,0,0,0,1
23,B-,0,999,58,75.5,12.7,0,1,0,0
43,AB+,21,400,6,87.2,13.0,0,0,0,1
56,O-,3,16,25,67.0,12.5,0,0,0,0
29,O-,3,123,112,68.5,13.8,0,0,0,1
52,A-,36,119,99,81.1,12.2,1,0,1,0
31,O-,36,89,113,55.3,13.0,0,0,0,1
39,O-,2,122,16,69.6,14.7,0,0,0,1
40,A-,23,124,92,59.7,15.0,1,0,1,0
24,AB-,12,89,94,69.4,14.5,0,0,0,1
57,O+,47,90,80,78.3,15.4,0,0,0,1
42,B-,28,44,37,49.8,12.3,0,1,1,0
30,AB-,32,179,39,80.2,13.7,0,0,0,1
38,O+,6,87,50,72.0,13.9,0,0,0,1
58,A-,25,80,72,69.5,15.9,0,0,0,1
27,AB+,41,400,7,82.8,13.5,0,0,0,1
26,AB+,34,400,18,59.3,14.7,0,0,0,1
32,B-,20,89,97,53.3,15.7,0,0,0,1
19,AB+,5,179,113,56.7,13.9,0,0,0,1
42,B+,38,182,26,73.9,13.3,0,0,0,1
30,AB+,26,93,13,62.6,13.4,0,0,0,1
51,AB-,44,90,113,58.4,11.9,1,0,0,0
51,B+,13,185,3,57.2,13.3,0,0,0,1
52,O-,10,96,41,69.9,12.2,0,0,0,1
55,B-,40,179,74,67.7,14.7,0,0,0,1
20,O-,39,400,13,52.4,12.1,0,0,0,0
59,B-,16,177,110,52.8,14.2,0,1,0,1
23,A+,25,182,5,62.2,15.1,0,0,0,1
36,B-,23,400,50,78.1,14.6,0,0,0,1
20,B+,15,86,73,63.3,13.3,0,0,0,1
35,B+,2,176,60,51.8,14.6,0,0,0,1
56,O+,29,92,76,67.0,13.8,0,0,0,1
26,A+,36,88,11,68.4,13.3,0,0,0,1
29,AB-,34,91,8,51.7,13.4,0,0,0,1
22,AB-,7,175,54,54.6,14.3,0,0,0,1
20,O-,17,365,30,76.2,12.1,0,0,0,1
28,AB-,29,118,82,54.5,13.2,0,0,0,1
47,O-,42,124,98,76.6,14.2,0,0,0,1
21,O+,37,400,86,51.0,13.2,0,0,0,1
22,B+,37,96,108,51.4,12.4,1,0,0,0
18,AB-,20,48,79,68.3,12.8,0,0,0,1
44,AB+,14,70,76,59.7,14.0,0,0,0,1
45,A-,2,125,97,62.1,14.3,0,0,0,1
46,A+,38,116,22,69.7,15.0,0,0,0,1
35,O+,17,96,17,61.8,14.7,0,0,0,1
29,B-,35,19,2,57.6,14.6,0,0,0,0
30,O-,24,185,20,73.4,11.7,1,0,0,0
58,B+,36,86,6,70.0,14.6,0,0,0,1
19,AB-,34,400,31,68.5,13.2,1,0,0,0
54,O-,30,400,77,67.8,12.2,0,0,0,0
33,AB-,48,91,96,59.2,14.4,0,0,0,1
41,O-,8,47,115,56.9,14.0,0,0,0,1
52,B+,47,41,25,64.2,14.8,0,0,0,1
39,A+,19,86,77,59.4,13.2,0,0,1,1
53,AB+,9,42,31,67.9,13.8,0,0,0,1
28,B-,34,124,20,63.7,11.8,0,0,0,1
46,B-,22,179,95,68.2,16.0,0,0,0,1
52,B-,14,77,75,67.0,12.3,0,0,0,0
32,B+,11,78,66,87.4,12.9,0,0,0,1
48,O-,49,125,71,52.8,12.7,0,0,1,1
59,AB-,32,120,103,65.9,14.0,0,0,0,1
58,O+,10,75,50,55.8,12.9,0,1,0,0
60,O-,38,90,90,62.7,15.0,0,0,0,1
33,AB-,44,96,63,59.0,14.1,0,0,0,1
27,AB+,16,50,15,75.0,12.2,0,0,1,0
49,B-,44,184,92,51.8,14.7,0,0,1,1
19,B-,27,118,62,76.6,14.8,0,0,0,1
41,AB+,33,46,75,73.8,13.0,0,0,0,1
40,O-,35,40,32,90.6,12.5,1,0,0,0
19,B-,2,64,112,87.8,14.2,0,0,0,0
55,AB-,15,87,86,59.2,14.5,0,0,0,1
48,AB+,41,92,60,81.6,12.7,0,0,0,1
57,O+,11,120,36,64.4,14.8,0,0,0,1
43,AB+,47,91,119,71.3,13.2,1,0,0,1
46,AB-,0,730,37,86.9,15.1,0,0,0,0
20,AB+,3,73,105,59.7,12.1,0,0,1,0
31,A+,26,49,56,68.6,13.0,0,0,0,1
42,B+,18,124,0,46.6,13.6,0,0,0,1
18,B+,26,76,54,77.8,12.7,0,0,0,1
20,AB-,49,115,15,91.1,13.8,0,0,1,1
43,AB+,35,88,22,74.3,13.4,1,0,0,0
35,O+,7,75,33,83.0,13.6,0,0,1,0
26,A-,31,89,78,80.6,13.4,0,0,1,1
55,A+,11,73,78,60.2,12.4,0,1,0,0
40,O+,16,119,20,71.6,13.8,0,0,0,1
38,AB-,5,70,16,73.4,13.7,0,0,0,0
18,A+,3,302,21,55.2,12.7,0,0,0,1
38,O-,20,95,7,83.9,15.2,1,0,0,0
44,O-,20,123,35,62.4,14.1,0,0,0,1
59,O+,11,117,2,65.6,14.6,0,0,0,1
23,B-,21,94,71,65.1,12.9,0,0,0,1
53,O-,5,118,19,68.4,11.3,0,0,0,0
45,A+,44,122,13,100.2,15.7,1,0,0,1
34,A+,26,182,66,61.3,14.0,0,0,0,1
57,AB-,44,181,79,51.0,14.2,0,0,0,1
20,O-,30,87,58,69.8,14.2,0,0,0,1
29,A-,13,87,94,58.5,14.2,0,0,0,1
56,B+,32,124,9,63.5,12.6,0,0,0,1
29,O-,19,125,7,74.8,12.7,0,0,0,1
19,O+,28,117,94,56.0,12.7,0,0,0,1
39,O+,31,120,86,64.0,14.4,0,0,0,1
40,AB-,37,48,113,71.2,12.5,0,0,0,1
47,AB-,1,34,11,59.4,12.1,0,0,0,0
22,AB-,8,72,46,67.6,13.1,0,0,0,1
26,B-,28,124,113,71.2,13.5,0,0,0,1
38,A+,34,118,12,66.7,13.7,0,0,0,1
28,AB-,6,176,1,69.7,13.3,0,0,0,1
22,B+,22,121,80,71.9,14.3,0,0,0,1
52,O+,49,77,40,60.6,15.1,0,0,0,1
44,AB-,40,79,59,51.8,13.9,1,0,1,0
19,B-,36,118,46,56.6,15.1,1,0,0,1
41,B+,24,70,106,54.8,14.4,0,0,0,1
48,AB-,43,43,70,81.6,12.7,0,1,0,0
50,O+,32,115,92,48.9,12.9,0,0,0,1
56,A-,19,178,28,74.9,12.8,0,0,0,1
47,A-,0,999,38,60.5,13.6,0,0,0,0
54,AB-,45,88,39,79.4,13.5,0,0,0,1
45,A+,35,124,112,63.4,14.5,0,0,0,1
48,O+,40,177,109,68.3,13.6,0,0,0,1
28,B+,7,95,43,73.7,14.1,1,0,1,0
40,O+,23,94,12,81.8,12.5,0,0,0,1
19,B-,41,87,14,61.7,14.1,0,0,0,1
57,O-,40,90,61,61.2,13.3,1,0,0,1
58,O+,18,182,63,73.6,13.2,0,0,0,1
44,O+,28,175,27,50.5,13.1,0,0,1,1
52,A-,48,400,6,49.1,15.5,0,0,0,0
19,B+,7,86,68,72.0,12.5,0,0,0,1
56,O+,30,20,104,75.4,14.5,0,0,0,0
54,AB-,44,47,66,71.7,13.7,0,0,1,1
38,B-,37,16,77,66.9,12.3,1,0,0,0
22,B-,14,115,113,62.1,13.5,0,0,1,1
38,A-,27,117,20,85.5,11.2,1,0,0,0
46,B+,49,96,51,86.9,15.7,0,0,0,1
37,O+,12,90,61,69.2,13.4,0,0,0,1
55,O-,11,178,110,60.5,15.0,0,0,0,1
37,AB+,43,74,21,56.9,15.3,0,0,1,1
42,B-,35,400,74,72.7,13.2,0,0,0,1
19,B+,20,400,51,54.5,13.8,0,0,0,1
49,O-,34,182,110,54.7,14.0,0,0,0,1
43,O+,40,125,21,62.7,15.9,0,0,0,1
23,B+,4,181,91,73.6,13.6,0,0,0,1
58,A-,38,86,114,84.2,13.7,0,0,0,1
20,A+,17,118,115,70.8,12.3,0,0,0,1
50,B-,8,86,43,73.5,12.8,0,0,0,1
18,B-,21,42,120,78.8,13.3,1,0,1,0
22,B-,14,365,21,77.8,15.2,0,1,0,0
30,B+,20,41,19,61.9,15.9,1,0,0,0
36,AB+,46,124,80,77.6,14.4,0,0,0,1
29,B+,29,400,4,79.3,14.2,0,0,0,1
42,A-,46,90,60,71.4,14.6,0,1,0,1
52,O+,23,124,114,69.5,13.0,0,0,0,1
29,O-,7,183,3,74.6,15.3,0,0,0,1
47,AB+,32,94,6,73.4,12.2,0,0,0,1
22,B-,21,400,68,47.5,13.3,0,0,0,0
51,B-,12,125,78,72.7,14.5,0,0,1,1
39,B+,6,303,92,81.0,13.3,0,0,0,1
56,AB-,22,185,55,78.9,16.5,0,0,0,1
30,A+,4,121,8,72.1,14.5,0,0,0,1
20,O-,24,400,37,69.6,14.9,0,0,0,1
37,A-,11,365,117,63.6,13.0,0,0,0,1
48,O-,37,125,104,66.7,14.9,1,0,0,1
22,A-,9,116,15,76.0,14.7,0,0,0,1
41,A+,26,176,17,72.2,15.5,0,0,0,1
57,AB-,30,50,112,77.9,11.4,0,0,0,0
50,B-,1,32,14,62.3,12.9,0,0,0,0
25,AB-,44,19,71,79.9,14.2,0,0,1,0
41,B+,20,119,22,61.2,14.2,0,0,0,1
37,O+,30,115,108,70.2,13.8,0,0,0,1
33,B-,33,21,6,61.8,12.1,0,1,0,0
29,A+,26,124,95,66.9,14.0,0,0,0,1
30,B-,9,177,4,90.4,14.1,0,0,0,1
59,O-,13,22,48,73.6,13.8,0,0,0,0
56,A-,29,175,19,70.5,13.8,0,0,0,1
42,A-,21,116,42,83.5,14.8,0,0,0,1
49,O-,48,400,63,42.0,13.6,0,0,0,0
41,B-,26,90,41,66.3,12.4,0,0,1,1
26,A-,34,185,28,62.5,15.3,0,0,0,1
57,B-,9,123,93,58.6,15.3,0,0,0,1
40,A+,34,48,85,51.2,13.8,0,0,0,1
30,A-,49,184,30,65.6,14.8,0,0,0,1
49,B+,2,32,24,75.6,12.1,0,0,0,0
32,AB-,16,177,79,66.4,13.6,0,0,0,1
53,A-,50,400,42,76.8,11.9,0,0,0,0
22,B+,29,94,18,68.8,15.0,0,0,0,1
39,AB+,17,118,95,80.8,12.2,0,0,0,1
33,B-,21,115,45,62.5,13.3,0,0,0,1
58,O-,0,730,50,47.4,14.0,0,0,0,0
27,B+,41,121,120,50.6,14.7,0,0,0,1
41,AB-,2,123,106,62.5,14.4,0,0,0,1
35,A-,46,180,111,58.3,15.1,0,0,0,1
35,B-,43,89,47,61.5,14.7,1,0,0,0
24,B+,47,400,2,80.5,15.2,1,0,0,0
21,AB+,50,42,113,51.5,11.9,0,0,0,0
43,B-,47,91,39,84.6,13.3,0,0,0,1
22,A-,6,93,115,59.1,14.3,0,0,0,1
33,O+,49,78,13,54.3,15.5,0,0,0,1
52,A+,7,70,57,66.5,13.2,0,0,0,1
43,A-,7,94,16,84.5,16.0,0,0,0,1
35,AB-,28,116,76,60.2,14.2,0,0,0,1
46,O+,31,176,83,61.4,13.0,0,0,0,1
40,A+,20,179,120,62.1,12.5,0,0,1,1
31,B+,40,121,51,80.7,14.6,0,0,0,1
32,AB+,34,90,90,63.1,13.1,0,1,0,1
50,A-,41,89,15,72.9,13.5,0,0,1,1
42,A-,3,175,55,69.3,14.0,1,0,0,0
38,A+,16,95,70,66.8,14.0,0,0,0,1
34,A-,14,125,71,62.5,15.9,0,0,0,1
40,AB+,7,47,30,89.7,14.2,0,0,1,0
60,AB+,23,17,101,98.7,13.1,0,0,0,0
34,AB-,43,91,11,58.3,13.0,0,0,0,1
31,AB-,0,730,83,56.2,15.6,0,0,0,0
46,A+,30,87,102,68.4,13.2,0,0,0,1
37,A-,10,365,27,43.0,14.4,0,0,0,1
47,B-,45,175,3,68.5,14.0,0,0,1,1
36,A+,3,78,113,90.1,14.3,0,0,0,0
56,A+,41,90,61,61.4,15.3,0,0,0,1
30,A+,16,76,56,79.9,14.1,1,0,0,0
35,A+,0,365,91,84.2,14.7,1,0,0,0
40,O+,16,49,7,58.5,14.1,0,0,0,1
50,AB-,37,118,24,70.0,13.3,0,0,0,1
56,O+,45,175,60,71.9,14.3,0,0,0,1
57,O+,21,400,73,76.0,13.1,0,0,0,1
35,AB-,35,400,103,76.8,12.5,0,0,0,1
26,A-,37,400,0,80.3,14.4,0,0,0,1
50,AB+,17,365,102,59.4,14.3,0,0,0,1
49,A+,49,179,42,69.9,14.2,0,0,0,1
34,B-,15,94,63,84.3,13.8,0,0,0,1
36,O+,30,125,43,85.5,13.7,0,1,0,1
44,B+,12,78,80,70.5,12.6,0,0,1,1
23,AB-,15,89,19,62.2,11.8,0,0,1,0
52,AB-,21,50,11,79.4,14.8,1,0,0,0
54,B+,42,20,76,73.9,14.8,0,0,0,0
51,A+,50,49,106,73.7,13.5,1,0,0,0
37,B+,5,121,16,76.5,15.4,0,0,0,1
42,O-,33,91,77,57.5,14.3,0,0,1,1
21,B-,49,183,21,77.3,14.2,0,0,0,1
27,A-,33,78,68,69.7,16.0,0,0,0,1
27,AB+,24,90,87,80.6,12.4,0,0,0,1
41,B-,40,41,45,68.2,13.7,0,0,0,1
38,B+,13,72,18,74.4,12.9,0,0,0,1
28,O-,21,400,10,73.0,13.4,0,0,0,1
44,B+,35,79,93,62.0,13.7,0,0,0,1
33,O-,45,48,65,58.1,13.8,0,0,0,1
43,A-,1,365,74,76.9,12.6,1,0,1,0
47,AB-,21,181,32,58.6,13.9,0,0,1,1
33,B-,47,120,104,64.3,12.9,0,0,0,1
24,B-,30,118,15,64.0,15.1,0,0,0,1
33,A-,36,50,104,72.0,14.6,0,0,0,1
52,A-,2,118,47,75.4,14.2,0,0,0,1
33,A-,1,61,24,50.9,13.3,0,0,1,0
57,B+,13,115,28,60.0,14.0,0,0,0,1
29,AB+,20,86,37,59.5,14.6,0,0,0,1
52,O+,44,90,69,65.5,13.4,0,0,0,1
38,B+,9,23,8,46.1,12.1,0,0,0,0
60,A-,37,123,42,80.5,14.6,0,0,0,1
53,O+,0,999,93,68.7,14.4,0,0,0,0
34,A-,4,96,69,66.5,14.2,0,0,0,1
49,B+,32,125,102,76.3,13.0,1,0,0,1
58,A+,11,91,21,73.7,14.9,0,0,1,1
23,A-,19,178,86,73.6,15.1,0,0,1,1
41,B+,18,94,81,67.8,14.1,0,0,0,1
44,AB+,23,400,18,69.2,13.4,0,0,0,1
37,A+,24,178,2,77.3,13.4,0,0,0,1
42,O-,39,123,57,73.9,13.4,0,0,0,1
19,AB-,15,20,4,87.0,13.3,0,0,1,0
26,O+,43,400,79,69.5,13.4,0,0,0,1
45,O+,20,92,11,75.2,14.2,1,0,0,0
55,AB+,33,400,26,66.6,14.8,0,0,0,1
20,B+,33,87,87,71.6,15.4,0,0,0,1
37,AB-,43,45,85,72.1,12.8,1,0,0,0
23,AB+,11,121,30,63.1,13.0,0,0,1,1
56,B-,41,88,60,60.9,14.7,0,0,0,1
50,O+,9,17,55,75.1,12.8,0,0,0,0
18,B-,4,91,88,73.0,12.5,1,0,0,0
54,B+,36,124,99,84.1,12.8,0,0,0,1
23,AB+,2,32,39,68.0,13.6,0,0,0,0
51,AB+,33,88,97,57.1,15.6,0,0,0,1
32,B+,1,96,39,68.1,13.7,0,0,1,0
43,AB-,10,18,17,76.5,14.1,0,0,0,0
31,O+,36,95,2,44.7,12.5,0,0,0,1
24,O-,21,72,58,67.9,15.0,0,0,0,1
48,A-,30,120,14,75.3,14.8,0,0,0,1
41,A-,46,176,53,70.6,13.3,0,0,0,1
48,A+,50,124,14,64.1,13.0,0,1,1,0
46,B+,41,121,41,54.8,14.9,0,0,1,1
59,B+,38,118,11,67.9,13.6,0,0,0,1
49,A+,12,365,116,54.5,13.1,0,0,1,1
34,AB-,5,18,55,75.4,13.4,0,0,0,0
31,AB+,18,92,36,68.7,14.1,0,0,0,1
57,A-,31,91,86,84.4,14.6,0,0,0,1
53,AB-,47,400,64,46.5,14.2,0,0,0,0
41,B-,33,122,100,64.3,14.1,0,0,0,1
44,A-,47,117,48,76.1,13.5,0,0,0,1
42,B+,34,121,64,80.6,14.0,0,0,1,1
49,B+,35,121,28,76.5,13.4,0,0,1,1
35,O-,7,86,67,57.5,13.5,0,0,0,1
35,AB+,25,175,85,62.7,15.4,0,0,0,1
54,O-,41,123,7,43.4,13.8,0,0,0,1
43,O+,47,400,119,68.5,13.4,0,0,1,1
26,A+,44,71,40,80.8,13.1,0,0,0,1
52,O-,12,45,111,68.1,11.4,0,0,1,0
25,O+,22,89,13,74.3,16.1,0,0,0,1
37,AB-,41,94,59,74.1,16.2,0,0,1,1
59,AB-,15,95,44,64.5,14.5,0,0,0,1
39,AB-,37,122,104,42.0,12.7,0,0,1,1
36,B-,37,87,97,82.7,16.8,0,0,1,1
47,A-,8,47,102,72.8,12.3,0,0,0,0
45,AB-,46,185,42,54.2,14.2,0,0,1,1
52,A-,9,88,65,72.1,11.9,1,0,0,0
60,A+,48,79,44,70.2,11.4,0,0,1,0
28,O+,48,118,6,82.4,14.1,0,0,0,1
48,B-,46,400,2,73.2,14.2,0,0,0,1
56,A+,0,999,22,73.2,13.9,1,0,0,0
53,AB-,0,999,62,70.2,15.4,0,0,0,0
47,O-,20,23,88,59.5,13.7,0,0,0,0
40,B+,13,79,120,75.4,14.7,0,0,0,1
36,O+,16,16,49,67.7,12.9,0,1,1,0
29,O+,39,183,9,57.5,15.2,1,0,0,0
32,B-,20,183,21,60.8,15.3,0,0,0,1
48,O+,42,117,80,55.5,13.5,0,0,0,1
60,A+,7,45,49,79.7,14.2,0,0,0,1
54,B-,14,181,100,89.8,13.0,0,0,0,1
54,A+,33,183,72,80.7,13.6,0,0,0,1
32,A+,39,125,31,72.1,14.6,0,0,1,1
46,B+,2,118,102,67.3,14.3,0,0,0,1
60,O-,35,117,71,64.8,11.9,0,0,0,1
43,B+,34,93,70,57.2,12.5,0,0,0,1
19,B+,15,119,55,89.4,13.2,0,1,0,1
37,B-,4,91,119,56.6,14.0,0,0,0,1
32,B-,20,16,15,58.7,12.8,0,0,0,0
21,B+,12,182,1,65.8,12.2,0,0,0,0
39,A-,41,73,22,66.8,10.9,0,0,0,0
55,B-,30,115,59,74.6,16.1,0,0,0,1
40,AB-,24,180,91,60.6,14.0,0,0,0,1
43,B-,6,43,38,46.1,12.2,0,0,1,0
28,B+,6,71,108,65.5,14.9,0,0,0,1
45,AB-,8,124,66,66.2,15.4,1,0,0,0
19,B-,11,47,57,65.3,14.0,1,1,0,0
25,O-,28,124,57,65.2,14.5,0,0,0,1
46,AB+,26,18,58,64.1,15.2,0,1,0,0
28,B+,39,400,88,53.4,14.5,1,0,0,0
54,B+,39,124,15,84.1,14.5,0,0,1,1
35,A-,34,87,92,83.5,12.1,0,0,1,0
31,AB+,24,185,55,83.3,10.8,0,0,0,1
27,B+,36,117,59,55.0,14.7,0,0,0,1
52,AB+,28,49,104,72.4,13.6,0,0,1,1
26,O-,31,125,15,63.3,13.3,0,0,0,1
52,B+,17,87,85,62.8,14.9,0,0,0,1
28,O-,25,80,25,57.8,12.7,0,0,0,1
29,B-,30,400,21,96.2,13.8,0,0,0,1
20,AB+,38,90,91,65.3,13.9,0,0,0,1
56,B-,31,183,93,57.9,14.6,0,0,0,1
31,AB-,0,730,108,69.5,14.2,0,0,0,0
45,AB+,14,74,17,76.4,14.2,0,0,0,1
28,AB+,40,91,117,66.4,13.4,0,0,0,1
56,AB+,30,118,64,70.7,13.4,0,0,0,1
42,A-,47,400,8,79.0,14.2,0,0,0,1
38,AB-,27,41,114,57.5,13.2,0,0,0,1
27,B-,6,86,62,70.0,12.9,1,0,0,0
60,AB+,15,365,12,61.0,15.2,0,0,0,1
32,B-,48,118,20,59.5,13.1,0,0,0,1
36,O-,17,16,50,87.3,13.3,0,0,1,0
39,AB+,32,400,83,67.0,15.1,1,0,0,0
38,A-,22,93,115,56.3,13.0,0,0,0,1
49,A+,15,365,32,66.8,14.2,0,0,1,1
40,AB-,11,87,107,54.7,14.3,0,0,0,1
30,AB-,26,93,45,65.6,13.7,0,0,0,1
22,B+,41,400,95,60.5,13.4,0,0,0,1
21,AB+,1,116,14,73.6,12.6,0,0,0,1
45,O-,28,70,82,89.3,14.5,0,0,0,1
31,O+,22,94,98,66.1,15.0,0,0,0,1
25,A-,47,119,34,60.9,14.9,0,0,0,1
26,O-,49,121,94,69.0,14.2,0,0,1,1
52,B-,21,93,89,84.4,11.6,0,0,0,1
54,A-,37,25,10,73.7,14.6,0,0,0,0
38,AB-,45,178,7,66.4,13.7,0,0,0,1
35,AB+,27,94,110,45.3,13.1,0,0,0,1
50,O-,0,999,80,67.4,14.5,0,0,0,0
25,B-,28,86,66,76.5,14.0,0,1,0,0
34,A-,31,400,37,78.5,14.9,0,0,0,1
60,B-,5,19,30,82.4,14.2,0,0,0,0
48,B+,39,22,27,60.6,13.5,0,0,0,0
51,B-,17,180,117,63.6,13.4,0,0,0,1
23,AB+,29,178,86,66.7,14.5,0,1,0,1
39,B+,1,25,88,75.8,12.3,0,0,0,0
31,A+,39,91,59,65.1,13.2,0,1,1,1
20,AB-,22,181,41,73.8,11.4,0,0,0,1
29,B-,7,48,66,63.8,14.3,0,0,0,1
53,B+,29,46,66,60.2,14.5,1,0,1,0
29,A+,8,184,5,80.2,13.0,0,0,0,1
19,B+,26,400,56,71.4,12.6,0,0,0,1
19,B-,37,122,66,76.2,14.8,0,0,0,1
32,A-,5,88,39,65.7,13.0,0,0,0,1
40,AB-,34,72,120,76.8,14.5,0,0,0,1
46,B-,6,301,102,56.3,13.8,0,0,0,1
34,AB-,2,34,67,58.1,13.2,0,0,0,0
49,AB+,26,122,9,78.4,14.4,0,0,0,1
24,A-,49,96,18,67.2,13.8,0,0,0,1
47,B-,26,400,56,65.3,15.4,0,0,0,1
45,A-,50,89,78,57.9,13.0,0,0,1,1
31,AB+,3,118,79,76.8,12.3,1,0,0,0
47,B-,38,18,92,88.5,13.8,0,1,0,0
34,B+,33,400,18,74.7,14.3,1,0,0,0
49,A-,9,89,103,63.1,13.6,0,0,0,1
23,A-,19,22,50,83.3,15.8,1,0,1,0
41,O+,19,365,49,72.0,15.1,0,0,0,1
23,B+,29,400,33,63.2,13.2,0,1,0,0
44,O-,9,117,84,82.0,13.9,0,0,0,1
35,A+,21,180,102,66.0,11.8,0,0,0,1
41,B-,11,185,95,52.1,15.0,0,0,0,1
54,A-,20,72,43,64.5,13.1,0,0,1,1
41,A+,21,44,14,73.9,14.0,0,0,0,1
55,B+,12,365,94,60.1,13.5,0,0,0,1
51,A+,6,92,41,47.4,12.2,0,0,0,0
57,O+,11,177,84,84.2,14.7,0,0,0,1
32,AB-,23,122,33,100.9,12.6,0,0,0,1
28,AB-,1,95,30,62.8,13.2,1,0,0,0
39,B+,41,400,116,61.1,14.7,1,0,0,0
41,B-,21,125,117,53.2,12.7,0,0,0,1
18,A+,48,400,67,59.0,15.4,1,0,0,0
35,O+,16,365,35,51.2,12.7,1,0,0,0
29,O-,24,175,4,53.6,12.5,0,0,0,1
60,O-,48,116,106,68.0,13.9,0,0,0,1
45,AB+,5,295,111,50.6,15.6,0,0,0,1
57,AB-,16,40,54,51.8,13.8,1,0,0,0
24,A-,7,21,80,70.3,14.9,0,0,1,0
40,O+,28,400,105,61.2,12.3,1,0,0,0
38,AB+,33,79,48,71.9,13.4,0,0,0,1
51,B+,39,86,94,64.2,13.5,0,0,0,1
28,B-,0,365,11,66.0,12.4,0,0,0,0
39,B-,24,95,80,76.6,12.0,0,0,0,1
59,A+,27,93,120,62.0,13.5,1,0,0,1
52,A+,33,122,86,75.8,15.5,0,0,1,1
46,B-,8,177,32,63.4,14.0,0,0,1,1
59,A+,14,79,49,59.0,13.0,0,0,0,1
45,O+,25,120,43,56.2,11.6,1,0,0,0
35,AB-,38,93,34,49.8,13.4,0,0,0,1
31,O-,32,400,43,54.4,13.3,0,0,0,1
35,A+,7,74,57,48.5,14.2,0,1,0,0
45,O-,12,94,91,57.1,13.5,0,0,1,1
41,AB-,33,183,89,77.0,14.5,0,0,0,1
25,O+,42,180,87,67.9,14.6,0,0,1,1
59,A+,12,89,39,63.7,13.7,0,0,0,1
25,O-,10,116,100,60.4,13.7,0,0,0,1
21,B+,1,64,70,67.1,13.8,0,0,0,0
44,B+,37,175,105,68.3,11.9,0,0,0,1
53,AB+,31,118,67,55.7,14.6,1,0,0,1
22,A+,42,90,1,73.1,15.7,0,0,0,1
50,B-,2,25,19,64.4,13.9,0,0,1,0
51,B-,29,90,1,71.3,12.9,0,0,0,1
47,B+,47,400,73,67.6,13.8,0,0,0,1
25,A+,4,79,8,52.4,13.3,0,0,0,0
56,O-,27,118,80,82.3,13.8,0,0,0,1
43,A-,26,74,43,67.9,13.5,0,0,0,1
54,O+,12,72,25,64.0,11.4,0,0,1,0
51,B-,14,365,107,74.4,13.9,0,0,0,1
24,A-,21,47,42,55.3,16.2,0,0,0,1
57,A+,6,125,32,50.7,12.3,0,0,1,0
45,AB+,34,94,7,74.1,15.0,0,0,0,1
56,B+,25,175,98,80.6,14.2,0,0,0,1
56,B-,19,88,29,71.2,12.8,0,0,0,1
45,B+,26,120,50,76.9,12.3,0,0,1,1
31,AB+,45,183,78,54.1,14.1,0,1,0,1
55,AB+,48,180,52,64.0,14.2,0,0,0,1
21,O-,13,88,42,60.8,12.1,0,0,0,0
59,A+,28,400,41,79.3,14.8,0,0,0,1
35,O+,11,185,12,73.4,13.3,0,0,1,1
42,A-,28,92,93,79.3,14.3,0,1,0,1
24,AB-,32,90,98,61.2,14.6,0,1,0,1
55,B+,35,95,44,55.6,14.8,1,0,0,1
45,B+,34,400,34,82.6,12.7,0,0,0,1
22,B-,3,178,114,68.3,16.0,0,0,0,1
20,B-,11,71,102,79.7,12.8,0,0,0,1
48,O-,8,90,17,67.3,14.8,0,0,0,1
59,B+,4,295,81,92.2,13.3,0,0,0,1
37,A+,11,77,0,81.0,13.9,0,0,0,1
36,O-,4,185,69,66.2,13.7,0,0,0,1
28,AB-,28,400,115,68.2,14.3,0,0,0,1
57,B-,23,400,31,68.3,15.0,1,0,0,0
20,AB+,43,400,69,55.5,13.1,0,1,0,0
40,O+,43,179,116,62.7,12.8,0,0,0,1
24,A-,20,400,29,61.9,11.5,1,0,0,0
40,AB+,27,400,9,70.6,14.0,0,0,0,1
24,A-,41,20,112,59.0,13.6,0,0,0,0
51,AB-,26,120,10,66.3,13.9,0,0,0,1
59,AB-,29,121,94,64.0,13.7,0,0,0,1
36,B-,31,122,97,68.8,14.6,0,0,0,1
26,O+,32,400,107,84.1,13.2,0,0,0,1
35,O-,33,125,58,80.0,14.2,0,0,0,1
58,B-,30,77,45,53.6,13.8,0,1,0,0
59,AB-,21,43,103,67.4,12.7,0,1,0,0
42,O+,13,94,35,64.7,13.0,0,0,0,1
31,O+,10,118,16,60.9,14.8,0,0,0,1
42,AB-,10,365,99,91.7,14.7,0,0,0,1
36,O+,14,80,54,62.2,14.6,0,0,1,1
56,O-,28,119,67,63.0,13.6,0,1,0,1
32,O-,34,22,50,87.3,11.3,0,0,0,0
33,A+,34,18,10,78.7,12.0,0,0,0,0
44,AB-,6,119,34,63.1,13.5,1,0,1,0
57,A-,21,86,65,76.4,12.1,0,0,0,0
27,A-,41,48,106,65.4,15.1,0,0,0,1
21,AB+,27,124,62,66.1,12.9,0,0,0,1
36,O+,47,185,74,59.1,13.5,0,0,0,1
45,A-,35,123,56,42.0,15.7,0,0,0,1
38,O-,34,88,61,52.3,14.9,0,0,0,1
31,B+,22,70,54,55.8,14.2,1,0,0,0
50,A+,37,400,98,72.6,14.0,0,0,1,1
27,B-,26,119,88,69.7,13.0,0,0,0,1
36,B-,49,41,36,79.9,14.6,0,0,0,1
47,O+,27,74,79,54.8,14.0,0,1,0,0
39,A-,33,25,113,87.7,13.7,0,0,0,0
20,A+,2,365,61,86.6,14.5,0,0,0,1
54,AB-,18,25,8,68.4,14.5,0,0,0,0
58,B-,39,121,66,60.5,12.7,0,0,0,1
35,A-,45,118,62,61.0,14.8,1,0,0,1
28,B-,36,90,111,70.2,13.7,0,0,0,1
19,A-,40,22,29,88.7,13.9,0,0,0,0
29,B-,22,88,63,67.0,12.4,0,0,0,0
23,B+,36,44,24,50.6,12.4,0,0,0,0
60,O-,13,123,100,88.8,12.2,1,0,0,0
57,AB+,17,50,16,63.6,16.4,0,0,0,1
46,O-,43,183,119,84.0,16.3,0,0,0,1
47,A-,40,79,52,74.9,11.9,0,0,0,0
19,B+,44,48,87,66.4,12.1,1,0,0,0
26,B-,46,119,12,78.6,13.2,0,0,1,1
19,O+,16,96,89,59.9,15.0,0,0,1,1
46,B+,36,120,3,64.8,14.5,0,0,0,1
50,O+,10,120,110,62.2,16.2,0,0,0,1
27,AB-,26,71,60,65.8,13.5,0,0,0,1
51,AB+,33,177,84,74.0,13.0,0,0,1,1
25,O-,26,125,94,73.9,13.9,0,0,0,1
54,B-,2,60,4,50.9,13.6,0,0,0,0
50,B+,31,96,66,62.1,13.8,1,0,0,1
23,B-,24,400,108,64.0,13.9,0,0,0,1
57,B-,49,15,54,74.4,16.1,0,0,1,0
36,B+,8,75,33,52.6,13.9,0,0,0,1
49,B+,6,125,83,75.8,12.6,0,0,0,1
44,O-,44,89,65,55.6,13.5,0,0,0,1
18,B-,44,75,31,70.7,14.6,0,0,0,1
60,A+,23,400,78,80.3,14.5,0,0,0,1
50,A+,13,71,62,54.5,14.4,0,0,0,1
57,AB-,5,40,40,70.7,11.9,0,0,1,0
49,AB+,28,72,98,66.0,12.1,0,0,0,0
22,AB-,24,93,28,57.2,13.7,0,0,0,1
34,O+,14,125,73,54.5,14.3,0,0,1,1
25,AB+,48,123,45,60.2,12.9,0,0,0,1
59,AB-,44,179,119,59.1,15.4,0,0,0,1
51,A+,16,18,69,65.7,14.4,0,0,0,0
26,AB-,50,175,18,63.3,13.2,0,0,0,1
40,AB-,37,177,43,72.7,16.9,0,0,0,1
52,A+,31,122,34,76.9,13.3,0,0,0,1
24,O-,20,78,0,51.2,13.4,0,0,1,0
32,AB+,37,24,63,65.2,13.3,0,0,0,0
37,O-,44,119,25,57.6,13.8,0,0,0,1
42,B-,36,46,17,56.1,12.6,0,0,0,1
20,AB+,41,87,116,50.7,14.6,0,0,0,1
41,B+,43,87,0,49.9,14.8,0,0,0,0
51,B+,30,87,41,62.3,14.5,0,0,0,1
39,AB+,13,123,58,72.3,13.3,0,0,0,1
28,AB-,5,41,111,72.3,13.3,0,0,1,0
25,A-,0,999,47,56.4,14.5,0,0,0,0
56,O-,0,999,12,55.3,14.0,0,0,0,0
60,O+,12,365,118,70.6,12.9,0,0,0,1
52,AB+,8,118,5,63.3,11.6,0,0,0,0
55,B-,21,400,105,77.8,13.4,0,0,0,1
25,A+,48,118,73,55.8,14.4,0,0,0,1
54,AB-,2,63,106,47.6,14.3,0,0,0,0
44,B-,46,184,97,74.7,12.1,0,0,0,1
45,O-,15,17,14,47.2,14.7,0,0,0,0
57,AB+,30,96,67,52.1,15.8,0,0,0,1
51,AB+,14,88,0,60.6,13.4,0,1,0,0
49,O-,4,305,107,64.9,13.6,0,0,0,1
32,B+,3,122,45,74.6,13.2,0,0,0,1
34,O+,39,400,109,56.8,13.4,1,0,1,0
50,AB-,41,179,43,82.5,15.1,0,0,0,1
33,A+,38,181,25,51.3,12.9,0,0,1,1
46,O-,49,78,47,63.9,14.1,0,0,0,1
26,A-,31,181,97,77.1,13.5,0,0,0,1
50,A+,12,25,73,77.7,14.0,0,0,0,0
46,A-,23,25,109,42.0,13.5,0,0,0,0
30,O+,11,44,98,97.8,14.7,1,0,0,0
38,AB+,38,117,1,64.5,14.9,0,1,0,1
38,AB-,25,46,120,71.1,14.2,0,0,0,1
22,B-,12,94,94,64.3,13.6,0,1,0,1
27,O+,10,47,98,91.5,14.7,0,0,1,1
23,O+,27,93,101,82.2,13.0,0,0,1,1
30,AB-,6,118,1,91.2,14.3,0,0,0,1
18,O+,12,365,107,73.2,13.2,0,0,0,1
37,O-,33,96,98,78.0,14.0,0,0,0,1
25,B-,9,117,23,56.5,12.7,1,0,0,0
27,B-,3,298,31,65.1,15.1,0,1,0,0
26,B-,19,182,26,78.0,12.4,0,0,0,1
58,B-,7,47,70,71.5,13.7,0,0,0,1
20,O+,10,123,58,69.2,12.2,0,0,0,1
28,AB+,19,115,111,59.5,15.1,0,0,0,1
29,O+,10,90,65,80.8,15.5,0,0,0,1
27,B-,38,124,68,80.7,12.5,0,0,0,1
42,B-,14,88,98,79.5,14.2,0,0,0,1
42,A+,31,21,16,71.2,13.5,0,0,0,0
28,A+,48,400,118,68.1,14.4,0,0,0,1
53,A-,14,176,81,80.4,15.5,0,0,0,1
56,O+,25,185,73,78.3,14.2,0,1,0,1
43,A-,23,89,99,58.2,13.0,0,0,0,1
31,O-,28,90,108,71.5,13.0,1,0,0,1
56,AB+,26,183,80,75.2,13.4,0,0,0,1
57,A+,11,21,91,60.6,13.0,0,0,0,0
18,B-,47,400,78,77.9,14.6,0,0,0,1
21,A+,45,400,19,75.9,14.7,0,0,0,1
47,B+,10,91,115,63.4,15.2,0,0,0,1
29,AB+,32,79,24,53.1,13.3,1,0,0,0
52,B+,39,400,19,74.4,15.1,0,0,0,1
30,AB-,46,96,8,89.6,15.7,0,0,0,1
48,AB+,9,47,32,70.8,12.3,0,0,0,0
55,O+,19,95,107,75.1,13.3,1,0,0,1
60,O+,43,42,38,55.2,13.7,0,0,0,1
40,B-,39,78,116,67.5,14.7,0,0,1,1
21,O+,38,118,109,66.8,15.3,0,0,0,1
33,B+,29,80,11,58.2,11.9,0,0,0,0
24,O-,31,400,1,72.8,13.1,0,0,0,1
39,O-,11,179,60,72.4,15.1,0,0,0,1
46,O-,3,96,25,64.8,12.9,0,0,0,1
28,A-,0,999,101,67.9,14.7,0,0,0,0
50,O+,17,118,88,90.6,14.4,0,1,0,1
46,B-,11,96,81,61.2,14.7,0,0,1,1
56,A-,12,122,4,55.6,14.7,0,0,0,1
29,O+,30,119,94,55.3,13.3,0,0,0,1
24,A-,20,115,19,70.7,13.5,1,0,1,0
56,AB+,37,120,19,42.0,13.4,0,1,1,0
59,A+,50,125,71,62.4,14.0,0,0,0,1
43,B+,7,71,16,57.3,11.5,0,1,0,0
57,AB+,11,24,19,67.4,14.3,0,0,0,0
26,O-,3,117,91,67.4,15.7,0,0,1,1
58,AB+,39,93,91,71.8,14.0,0,0,0,1
51,A-,27,182,22,74.8,13.7,0,0,0,1
30,O-,33,88,89,80.6,13.9,0,0,0,1
53,B+,41,17,0,64.1,14.4,0,0,0,0
42,O+,47,96,47,60.7,15.1,0,0,1,1
41,A-,8,72,113,77.4,13.7,1,0,0,0
34,O-,8,75,36,49.8,13.6,0,0,0,0
19,A-,4,122,58,76.3,12.3,0,0,0,0
30,A+,41,92,116,69.6,13.9,0,0,0,1
48,AB-,27,93,97,72.9,12.5,0,0,0,1
46,AB-,39,185,102,72.0,13.2,0,0,0,1
45,O-,11,43,21,69.5,14.8,0,0,0,1
44,AB-,7,44,30,69.9,14.9,0,1,0,0
32,A-,39,181,105,55.8,14.3,0,0,0,1
48,O+,1,365,94,60.8,15.1,0,0,0,1
57,AB+,47,117,39,87.6,12.0,0,0,0,1
32,A+,11,124,5,75.4,15.6,0,0,0,1
50,B+,43,71,31,79.7,12.9,0,0,1,1
37,A+,13,123,89,64.2,14.1,0,0,0,1
59,B+,8,297,19,68.9,13.1,1,0,0,0
29,O-,17,90,49,73.8,14.1,0,0,0,1
54,O+,40,118,9,81.3,13.8,0,0,0,1
26,AB-,46,122,6,66.3,15.1,0,0,0,1
40,A+,22,400,4,73.2,16.5,0,0,0,1
25,B+,19,183,54,75.8,14.8,0,1,0,0
49,B-,36,181,25,78.3,13.7,0,0,1,1
31,A-,23,118,76,65.8,15.5,0,0,0,1
44,B+,47,75,57,82.1,11.9,0,0,1,0
42,B-,25,23,82,52.4,13.2,0,0,0,0
30,B-,39,93,16,55.6,13.5,0,0,0,1
38,O-,14,181,56,73.3,13.5,0,0,0,1
48,AB-,10,90,113,73.0,13.0,0,0,0,1
54,AB-,24,400,101,65.4,14.6,0,0,1,1
60,A-,47,181,67,63.1,13.8,0,0,0,1
22,AB-,6,24,9,63.3,13.6,0,1,0,0
30,AB-,7,95,115,58.1,15.4,0,0,0,1
45,O-,7,75,105,67.5,13.3,0,0,1,0
60,O-,48,400,6,50.9,14.9,0,0,0,1
42,B+,5,46,30,80.5,13.5,0,0,1,0
52,AB+,31,74,119,72.2,13.5,0,0,0,1
56,A+,20,95,65,82.2,13.0,0,0,0,1
24,O-,44,79,41,69.8,12.2,0,0,0,0
55,O+,16,119,14,67.6,13.1,0,0,0,1
49,O-,1,118,83,69.4,11.8,0,0,0,0
20,AB+,36,95,31,60.3,14.1,0,0,0,1
56,B-,27,400,9,54.3,13.5,0,0,0,1
54,AB+,49,118,7,57.2,15.0,0,0,1,1
39,B-,10,123,3,63.3,13.0,0,1,0,0
25,A-,43,48,35,58.3,13.5,0,1,0,0
34,B-,39,117,46,82.8,15.1,1,0,0,1
44,O+,36,94,27,60.2,14.8,0,0,0,1
50,B-,3,72,92,72.3,13.9,1,0,0,0
34,A-,5,123,24,74.4,12.7,0,0,0,1
59,A-,31,122,93,81.6,14.4,0,0,0,1
29,O+,20,118,96,75.5,13.5,0,0,0,1
44,B+,21,400,38,66.1,13.2,0,0,0,1
25,A+,6,20,28,86.8,15.3,0,0,0,0
40,B+,3,20,85,54.3,15.4,0,0,0,0
59,B+,7,176,60,57.7,12.8,0,0,0,1
46,A+,27,23,63,70.4,15.7,0,0,0,0
37,AB+,39,71,75,68.9,13.7,0,0,1,1
33,A+,17,90,64,77.0,14.7,0,0,0,1
34,A-,12,365,36,69.8,15.8,0,0,0,1
33,AB+,18,90,58,72.1,13.6,0,0,0,1
36,O-,20,72,24,79.0,14.1,0,0,0,1
25,B+,25,123,78,69.5,14.6,0,0,0,1
55,B-,37,181,21,75.5,15.5,0,0,0,1
55,O-,10,93,61,59.7,13.8,0,0,0,1
46,B-,3,50,5,60.4,14.7,0,0,0,0
58,AB-,18,90,56,77.7,12.9,1,1,0,0
53,O+,47,400,95,69.3,12.2,0,0,0,0
43,O-,3,181,24,69.9,13.1,0,0,1,0
48,B+,26,400,93,60.4,13.1,0,0,0,1
29,O-,49,88,12,63.5,14.9,0,0,0,1
34,A+,32,86,14,71.2,13.7,0,0,0,1
32,AB+,34,180,70,64.7,13.1,0,0,0,1
26,B-,40,180,25,58.5,12.8,0,0,0,1
56,AB+,13,94,96,58.6,13.3,0,0,0,1
59,A+,22,48,97,61.0,14.8,0,0,1,1
29,O+,12,45,29,64.3,12.8,0,0,0,1
49,O-,33,70,14,65.0,13.7,0,0,0,1
42,O+,39,49,67,85.3,13.4,0,0,0,1
56,A-,27,75,120,78.2,14.2,0,0,0,1
35,B-,44,400,85,71.3,15.8,0,0,0,1
32,A-,41,78,83,88.5,13.1,0,0,0,1
49,A+,4,18,84,66.7,14.1,0,1,0,0
23,AB+,14,180,107,73.2,13.8,0,0,0,1
60,AB+,11,177,87,71.6,13.3,0,0,0,1
52,AB-,27,400,100,73.2,13.9,0,0,0,1
51,O+,17,125,110,59.8,15.8,0,0,0,1
55,A-,34,184,18,64.7,13.7,0,0,0,1
22,O-,14,94,105,59.1,13.7,1,0,0,1
35,B-,20,119,42,72.5,13.4,0,0,1,1
33,AB-,4,90,17,68.0,14.3,0,0,0,1
25,B+,35,400,64,47.3,12.7,1,0,1,0
42,AB-,47,77,57,73.6,13.9,0,0,1,1
49,AB+,24,48,101,70.4,14.3,0,0,0,1
43,A-,14,87,73,86.7,12.9,0,0,0,1
39,AB+,46,185,73,78.2,15.6,0,0,0,1
48,AB+,3,43,67,80.2,15.5,0,0,0,0
60,B-,16,25,6,55.6,16.3,0,0,0,0
27,B-,35,72,7,80.3,14.4,0,0,0,1
29,O-,40,116,15,65.9,14.3,0,0,0,1
45,O-,16,365,60,60.4,13.7,0,0,0,1
23,AB-,43,90,50,42.2,13.9,0,0,0,1
37,A+,30,175,68,82.4,14.8,0,0,1,1
22,A-,20,400,118,64.9,13.8,0,0,0,1
40,A-,7,48,55,66.7,13.6,1,0,0,0
26,AB+,15,25,76,71.5,14.4,1,0,0,0
46,O-,2,56,67,88.5,13.1,0,0,0,0
33,A-,44,94,88,65.5,15.5,1,0,0,1
39,B+,26,400,36,67.8,13.8,0,0,1,1
25,AB+,22,400,27,78.7,14.6,0,0,0,1
37,AB+,47,88,67,64.9,12.9,0,0,0,1
31,A-,42,125,41,58.9,13.8,0,0,0,1
56,O+,7,184,36,43.9,13.4,1,0,1,0
54,O+,44,15,12,82.7,13.4,0,0,0,0
51,B-,5,40,18,70.6,12.5,0,0,0,0
28,B-,1,29,106,74.0,15.0,0,0,0,0
57,AB+,31,115,105,62.7,14.3,0,0,0,1
50,B-,26,400,45,75.5,12.2,0,0,0,0
48,AB-,14,365,25,61.6,13.6,0,0,0,1
51,A-,26,119,80,69.8,13.6,0,1,0,1
24,B+,27,125,71,69.2,14.2,0,0,0,1
40,AB-,24,41,74,80.4,13.6,0,0,0,1
24,O-,50,176,17,75.1,15.0,0,0,0,1
42,O+,33,400,99,61.1,14.9,0,0,0,1
20,AB+,30,178,13,74.6,16.2,0,0,0,1
55,O-,5,90,61,64.0,11.4,0,0,0,1
37,O-,6,299,53,59.1,15.3,0,0,0,1
51,B-,22,94,113,74.1,14.7,0,1,0,1
47,A+,23,93,96,70.1,13.6,0,0,0,1
34,A-,31,175,28,54.8,13.5,1,0,0,1
27,A-,6,22,37,62.3,13.7,0,1,0,0
52,AB+,35,89,75,76.2,14.1,0,0,1,1
37,O+,19,117,6,72.3,13.2,0,0,0,1
35,AB-,27,96,63,72.7,12.0,0,0,0,1
44,B+,25,178,72,88.3,13.2,0,0,0,1
53,O-,20,79,89,79.0,13.5,0,0,0,1
40,B+,27,123,47,66.7,14.4,0,0,0,1
49,B-,8,21,8,63.6,12.5,1,0,0,0
27,B-,5,44,39,60.5,14.5,0,0,0,1
28,AB+,3,15,86,62.9,12.5,0,0,0,0
55,A-,14,47,42,50.4,14.2,0,0,0,1
23,A-,12,50,99,54.6,14.4,0,0,1,1
58,O-,6,125,105,75.2,13.7,0,0,0,1
51,AB-,30,120,114,84.9,13.9,0,0,0,1
53,B-,7,21,19,68.6,14.6,0,0,1,0
54,A+,16,184,56,60.3,13.2,1,0,0,0
34,AB+,33,122,26,42.0,14.1,0,0,0,1
57,AB+,3,19,68,86.7,13.4,0,0,0,0
57,O+,47,90,12,53.3,15.5,0,0,1,1
29,A-,18,15,71,51.8,14.4,0,0,0,0
38,O-,39,116,36,64.7,12.7,0,0,0,1
57,A+,22,123,52,67.5,15.8,1,0,0,1
36,B+,8,43,2,68.1,14.9,0,0,0,0
20,A+,44,183,97,58.6,12.5,1,1,0,0
35,AB+,31,180,14,72.6,12.1,0,0,0,1
36,O-,42,121,98,62.3,12.4,0,0,0,1
23,A+,28,115,84,62.5,12.7,0,0,0,1
33,A+,9,74,102,64.9,14.0,0,0,0,1
25,B-,21,176,63,60.6,13.9,0,0,1,1
35,O-,39,89,23,54.2,14.6,0,0,0,1
60,A+,12,185,72,54.9,13.5,0,0,0,1
56,A+,5,115,90,55.8,13.5,0,0,0,1
29,B+,17,118,64,73.0,13.9,0,0,0,1
27,B-,19,365,54,72.4,15.0,0,0,0,1
24,A+,31,93,6,65.0,11.7,0,0,0,1
18,A+,11,50,19,65.6,13.5,0,0,0,1
53,AB+,4,21,43,80.8,15.3,0,0,0,0
38,AB+,40,74,90,73.7,13.9,0,0,0,1
54,B+,2,176,78,85.2,13.5,0,0,0,1
41,AB+,26,16,111,61.6,12.9,0,0,0,0
42,AB+,31,17,26,55.2,14.8,0,0,0,0
24,A-,4,74,26,79.0,13.3,1,0,0,0
59,AB-,33,122,84,67.8,13.3,1,0,0,1
34,B+,27,40,15,59.2,15.3,1,0,0,0
46,A-,36,48,115,73.4,12.6,0,0,0,1
47,AB+,30,400,5,60.2,15.6,0,0,0,1
24,B+,35,400,52,75.6,14.0,0,0,0,1
50,AB-,26,88,58,73.3,13.8,0,1,0,0
24,A-,49,119,42,65.5,14.1,0,0,0,1
41,B+,4,180,20,49.4,13.8,0,0,0,0
28,A+,39,78,77,57.8,13.2,0,0,0,1
26,B+,37,45,52,84.7,14.2,0,1,0,0
29,AB-,29,118,58,87.2,13.3,0,0,0,1
52,B+,49,400,105,96.5,14.3,0,0,1,1
21,B+,2,182,48,72.4,16.3,0,0,0,1
53,AB-,28,400,85,56.0,14.5,0,0,0,1
45,O-,37,176,25,82.7,13.6,0,1,0,1
30,AB-,38,185,73,65.1,14.1,0,0,0,1
40,O+,9,123,24,60.5,13.4,0,0,0,1
36,A+,11,89,78,71.7,13.6,0,1,0,0
59,AB-,29,176,85,88.9,13.7,0,0,0,1
54,A-,32,183,2,66.8,14.3,1,0,1,0
56,B-,41,90,108,68.2,14.8,0,0,1,1
41,O-,41,400,38,51.1,16.1,0,0,0,1
33,O+,21,48,63,69.2,14.5,0,0,0,1
50,O+,49,88,58,75.3,12.6,0,1,0,0
29,B+,40,87,12,67.0,12.4,0,0,0,0
51,A-,39,17,35,67.9,13.7,0,0,1,0
24,B+,6,96,69,70.5,14.9,0,0,0,1
28,O+,33,79,81,56.5,13.6,0,0,0,1
48,AB-,10,119,66,42.9,13.6,0,0,1,1
46,O+,41,48,42,66.9,14.8,1,0,0,0
30,A+,3,177,59,65.5,13.8,0,0,1,1
48,O-,26,24,90,74.3,14.9,0,0,0,0
19,A-,17,184,96,94.4,12.1,0,0,0,1
56,A+,25,120,78,82.3,14.3,0,0,0,1
32,AB-,9,117,31,45.4,11.8,0,0,0,0
28,AB-,25,94,88,95.7,14.1,0,0,0,1
51,A-,45,17,18,75.3,14.8,0,0,0,0
56,O+,50,122,98,65.1,12.0,0,0,1,1
21,O+,44,400,17,84.2,11.3,0,0,0,0
28,AB+,33,115,4,42.0,14.7,0,1,0,0
46,A-,2,94,5,62.0,14.3,1,0,0,0
19,AB+,4,74,100,70.2,12.6,0,0,1,0
33,A+,41,177,106,68.7,14.1,0,0,0,1
56,B-,14,119,25,84.7,13.2,1,0,0,1
30,A+,21,176,78,81.0,13.6,0,0,0,1
54,O-,14,89,63,75.5,13.5,0,0,1,1
34,AB-,12,115,103,65.0,12.3,1,0,0,0
38,A+,11,92,83,78.6,14.8,0,0,0,1
36,AB-,49,47,33,61.4,12.6,0,0,0,1
24,O-,0,999,34,76.5,13.9,0,0,0,0
55,A+,7,301,62,60.0,14.5,0,0,0,1
25,AB-,3,49,118,71.2,12.9,0,1,0,0
30,B+,34,94,106,52.0,13.5,0,0,1,1
54,B-,50,184,8,79.4,13.2,0,0,0,1
19,B-,13,365,79,63.1,15.7,0,0,0,1
58,A+,27,400,47,52.9,14.8,0,0,0,1
28,AB+,37,400,112,57.4,14.6,0,1,0,0
41,AB+,27,78,7,64.6,16.2,0,0,0,1
23,AB-,15,87,45,58.0,14.2,0,0,0,1
43,B+,29,73,52,75.9,13.4,0,0,1,1
24,A+,8,70,116,64.9,12.2,0,0,0,0
56,AB-,10,43,107,78.3,13.0,0,0,0,1
36,O+,12,93,109,64.9,14.0,0,0,0,1
23,A+,5,78,111,75.9,14.8,1,0,1,0
60,AB+,44,95,71,68.1,13.1,0,0,1,1
46,O-,17,92,93,65.1,15.5,0,0,0,1
60,B+,24,123,86,56.6,12.1,0,0,1,1
56,B-,45,78,3,68.7,13.4,0,0,0,1
19,B+,17,119,82,76.1,14.2,1,0,0,1
36,O-,28,79,62,60.4,13.9,0,0,0,1
21,B+,25,182,9,67.9,14.3,0,0,0,1
23,O-,10,175,16,61.9,13.9,0,0,0,1
54,B+,34,20,26,89.3,14.5,0,0,0,0
45,B-,7,25,90,71.4,13.5,0,0,0,0
47,B+,45,118,11,69.0,13.5,0,0,0,1
24,O-,39,178,28,62.7,12.9,0,1,0,1
26,A+,27,182,32,77.7,16.2,0,0,0,1
42,O-,49,122,113,68.0,13.7,0,0,0,1
50,AB-,34,400,3,67.3,14.3,1,0,0,0
18,O+,6,123,97,67.2,13.6,0,0,0,1
23,AB-,4,179,68,55.8,15.6,0,0,0,1
35,AB-,45,122,111,84.5,13.8,0,0,0,1
27,B-,5,74,104,78.1,14.2,1,1,0,0
45,AB+,1,98,16,68.1,12.8,0,0,0,1
28,A+,33,21,30,66.9,15.7,1,0,0,0
50,B-,45,93,50,58.3,14.0,0,0,0,1
18,O+,32,181,20,51.8,15.8,0,0,0,1
30,O+,15,365,63,58.3,13.1,0,0,0,1
54,O-,45,93,59,80.6,13.3,0,1,1,1
37,B-,9,183,1,63.7,13.2,0,0,1,0
18,O+,5,91,55,79.9,13.5,0,0,0,1
20,B-,18,177,79,67.7,14.5,0,0,0,1
35,A+,38,120,36,58.4,11.5,0,0,0,1
58,B+,48,18,120,59.9,13.7,0,0,0,0
31,A+,27,181,72,70.7,12.9,0,0,0,1
48,A-,44,122,44,50.2,12.8,0,0,0,1
44,AB-,42,184,78,59.6,14.3,0,1,0,1
34,O-,26,19,65,63.0,14.1,1,0,0,0
46,AB-,46,90,62,77.0,14.7,0,0,0,1
53,B+,36,400,74,71.1,14.2,0,0,0,1
54,A+,32,94,27,70.1,14.0,0,0,0,1
43,A+,16,75,59,73.1,13.2,0,0,0,1
34,O-,19,121,11,79.4,12.8,0,0,0,1
39,A-,32,94,24,68.6,14.5,0,0,0,1
42,O-,22,117,71,56.6,13.5,0,0,0,1
19,O-,14,91,61,70.1,14.2,0,0,0,1
39,AB-,8,70,58,58.8,13.8,0,0,0,1
22,B-,35,74,50,45.2,11.6,0,0,0,0
21,A+,31,44,9,70.1,14.3,0,0,0,1
53,A+,23,125,28,73.7,13.1,0,0,0,1
23,AB-,30,94,28,71.8,14.8,0,0,0,1
38,B-,31,21,19,73.6,11.8,0,0,1,0
30,B+,47,116,46,80.3,15.9,0,0,0,1
54,B+,14,365,81,57.3,13.1,0,0,0,1
42,O+,23,178,26,63.7,14.3,0,0,0,1
43,A-,32,120,36,53.8,13.0,0,0,0,1
56,B+,26,86,6,72.9,13.2,0,0,0,1
37,A-,7,120,71,81.5,14.6,0,1,0,0
50,B+,27,19,61,62.0,13.6,0,0,0,0
31,O+,24,175,76,75.9,13.7,0,0,0,1
53,A+,11,21,94,59.5,14.7,0,1,0,0
34,O-,41,124,25,75.1,14.0,0,0,0,1
38,O-,50,400,24,43.4,14.3,0,1,0,0
33,A+,25,400,92,84.7,13.1,0,0,0,1
33,O+,5,123,7,56.0,14.5,0,1,0,0
37,O+,6,178,92,69.9,13.9,0,0,0,1
46,B-,23,400,110,83.5,14.3,0,0,0,1
45,B-,34,86,98,55.2,14.2,0,0,1,1
25,AB-,22,42,98,87.4,15.0,0,0,0,1
41,AB+,39,88,22,91.1,14.4,0,1,0,0
20,O+,30,74,54,75.6,12.5,1,0,0,0
42,O-,6,16,33,68.2,13.1,0,0,1,0
36,B-,3,119,53,66.0,14.0,0,0,0,1
50,A-,21,96,43,74.3,14.2,0,0,1,1
19,O-,14,71,90,76.2,12.3,0,0,0,0
32,B+,26,94,50,45.9,12.7,0,0,0,1
39,AB-,26,41,12,64.9,15.0,0,1,0,0
27,AB-,33,400,115,61.6,16.0,1,0,0,0
35,B-,8,15,16,60.0,12.0,0,0,0,0
39,O-,26,73,41,60.2,14.1,0,0,0,1
44,B+,39,95,18,53.8,13.9,0,0,0,1
30,AB-,34,18,68,85.0,14.9,1,0,0,0
50,O-,39,87,51,61.5,14.3,0,0,0,1
22,O+,6,118,49,66.4,14.7,0,0,0,1
43,O+,13,24,39,64.6,11.3,0,0,0,0
30,A-,29,88,34,62.0,13.8,0,0,1,1
44,O+,26,115,54,72.6,12.8,0,0,0,1
31,O+,22,89,23,64.6,12.8,0,0,0,1
41,B-,18,78,119,74.7,12.5,0,0,1,1
20,B-,37,400,37,85.3,14.1,0,0,0,1
47,O+,4,16,94,55.9,14.2,0,0,0,0
52,B+,28,400,8,71.6,14.5,0,0,0,1
31,B+,2,117,20,71.2,13.4,0,0,0,1
29,B-,3,16,116,55.1,15.3,1,0,0,0
45,B-,50,89,59,75.1,12.8,0,0,0,1
46,O+,19,180,72,65.1,12.2,0,0,0,1
60,B+,28,75,38,85.4,14.0,1,0,0,0
34,B+,36,93,117,79.0,13.0,1,0,0,1
57,AB-,25,178,54,68.0,14.4,0,0,0,1
38,A-,42,119,76,65.6,13.1,0,0,0,1
40,B+,27,119,31,87.1,13.2,1,0,0,1
37,B-,4,18,76,61.6,13.1,0,0,0,0
28,O+,22,400,109,70.9,13.0,0,0,0,1
51,A+,39,177,109,67.3,13.8,1,1,0,0
27,B+,26,116,120,81.1,14.1,0,0,1,1
27,O-,47,74,50,82.0,13.0,0,0,0,1
60,AB+,22,116,24,74.0,12.5,0,0,1,1
23,A+,0,999,34,62.2,14.3,0,0,0,0
53,AB-,47,400,73,66.3,14.2,0,1,0,0
41,A-,27,116,29,54.5,14.6,0,0,0,1
29,A-,42,118,21,70.7,12.7,0,0,0,1
60,O+,26,86,38,59.1,12.9,0,1,0,0
40,AB-,41,79,47,92.6,14.7,0,0,0,1
44,B-,21,178,105,62.0,14.8,0,0,0,1
54,AB+,46,119,4,79.3,13.3,1,0,1,0
23,B-,46,96,46,84.8,12.8,0,0,0,1
18,A-,50,43,104,77.1,13.0,0,0,1,1
23,B+,12,365,66,62.4,12.7,0,0,1,1
39,B+,28,92,12,61.6,14.7,1,0,0,1
58,AB-,2,30,80,100.4,14.6,0,0,0,0
41,O+,33,185,57,89.7,13.9,0,0,0,1
42,A-,49,125,53,71.3,13.1,0,0,0,1
32,A+,36,23,95,64.3,12.8,0,0,0,0
43,AB+,47,181,118,58.4,13.1,0,0,0,1
25,AB-,3,44,24,61.2,12.8,0,0,0,0
41,A+,49,400,106,75.8,14.0,0,0,0,1
55,B+,5,21,97,93.4,14.6,0,0,0,0
23,B+,3,122,23,66.7,14.7,0,0,0,1
52,O-,38,119,74,81.2,12.8,1,0,0,1
59,O-,15,41,69,77.9,13.1,1,0,0,0
18,A-,2,365,30,64.8,13.2,1,0,0,0
53,AB-,17,23,80,79.0,14.9,0,0,0,0
29,O-,41,121,95,79.3,12.3,0,0,0,1
55,A+,39,400,118,78.1,13.8,0,1,1,0
28,AB-,48,95,105,63.5,12.8,0,0,0,1
29,A+,16,365,86,75.9,13.6,0,0,1,1
59,O-,49,78,94,81.1,14.6,0,0,1,1
56,A-,46,89,7,78.5,13.4,0,0,0,1
24,A-,41,179,111,79.9,13.0,1,0,0,1
28,O+,38,117,52,65.8,14.6,0,0,0,1
53,AB-,20,15,8,79.8,13.9,0,0,0,0
48,A+,49,87,37,82.2,14.3,0,0,0,1
50,B-,28,400,13,63.0,14.1,0,0,0,1
30,B+,17,119,106,52.8,12.5,0,0,0,1
35,B-,33,181,80,86.0,15.2,0,0,0,1
58,A+,4,181,10,62.9,13.6,0,0,0,1
41,AB+,12,365,79,59.8,14.7,0,0,0,1
26,B-,20,177,44,70.3,13.4,1,1,1,0
48,A-,2,31,75,65.0,14.4,0,0,0,0
58,O+,4,94,91,46.8,14.9,0,0,0,0
27,A+,40,70,24,77.8,14.8,1,0,0,0
19,B-,20,400,117,77.5,13.9,0,0,1,1
55,AB-,1,35,53,56.7,13.4,0,0,0,0
32,O-,25,120,50,67.7,12.3,0,0,0,1
20,A-,39,78,56,56.8,12.4,0,0,0,0
60,A+,23,77,6,58.6,15.0,0,0,0,1
48,A+,32,179,82,61.4,12.9,0,0,0,1
23,O-,26,41,89,73.8,14.7,0,0,0,1
20,B+,45,178,77,90.1,14.8,0,0,0,1
28,B-,20,41,12,63.5,14.3,0,0,1,1
32,B+,31,93,71,77.2,14.2,0,0,0,1
45,A-,40,122,102,76.8,12.5,0,0,0,1
27,O+,31,42,95,44.6,12.3,0,0,0,0
55,A+,14,122,104,52.8,13.1,0,0,0,1
24,A-,36,115,92,90.5,15.6,1,0,0,1
32,AB-,47,180,80,62.4,15.3,0,0,0,1
35,A-,24,182,70,73.0,13.8,0,1,0,1
35,B-,39,79,9,71.7,15.2,0,0,0,1
58,AB+,3,118,34,44.6,12.8,0,0,1,0
41,A-,30,76,2,60.5,13.4,0,1,0,0
19,B+,38,177,43,76.0,15.5,0,0,0,1
57,O-,28,400,90,57.7,16.1,0,0,1,1
37,AB+,36,115,35,63.8,14.6,0,0,0,1
51,AB+,27,400,98,54.8,12.1,1,0,1,0
60,O+,24,175,52,58.8,15.3,0,0,0,1
43,A+,36,184,11,62.2,13.5,0,0,0,1
24,A+,46,49,117,47.5,14.6,1,0,0,0
55,A+,36,123,41,80.9,13.9,0,0,0,1
47,AB-,29,88,25,52.7,14.9,0,0,0,1
59,A-,29,88,39,66.1,13.9,1,0,0,0
22,A+,21,76,115,59.8,16.8,0,0,0,1
28,B-,38,115,66,79.8,14.9,0,0,0,1
18,AB-,12,80,28,54.4,12.4,0,0,0,0
51,AB-,26,400,15,59.4,12.0,0,0,0,0
18,A+,7,77,34,53.3,12.0,0,0,0,0
36,B+,30,117,18,42.0,14.5,0,0,0,1
19,A+,40,117,15,73.6,14.9,0,0,0,1
38,O+,19,89,48,68.4,10.9,1,0,0,0
37,A-,35,91,8,70.4,15.1,0,0,0,1
40,AB-,49,75,75,76.9,14.2,0,0,0,1
38,O-,46,180,119,69.2,15.6,0,0,0,1
41,B-,9,95,10,63.1,12.7,0,0,0,1
21,B-,18,89,83,70.9,14.1,1,0,0,0
29,AB+,30,179,111,62.4,14.1,0,0,1,1
39,O+,37,117,62,80.2,12.9,0,0,1,1
37,O+,6,178,93,64.0,12.4,0,0,0,1
35,B-,48,89,74,66.7,14.8,0,0,0,1
18,A+,0,365,43,75.0,14.1,0,0,0,0
47,B-,7,119,85,93.7,14.2,0,0,0,1
50,O-,43,94,2,56.8,15.3,1,0,0,0
41,AB-,11,116,64,54.6,13.8,0,0,0,1
31,AB-,22,184,44,65.3,14.1,0,0,0,1
53,AB-,36,125,26,59.8,14.2,0,0,0,1
22,A+,37,94,17,75.7,14.2,0,0,0,1
28,B+,4,95,116,70.2,12.3,0,0,0,0
41,O+,32,121,35,55.7,13.8,0,0,0,1
48,O+,5,94,10,76.2,15.1,0,0,0,1
30,AB-,17,118,29,88.3,13.7,0,0,0,1
33,A+,12,183,40,59.2,13.3,0,0,0,1
41,B-,25,178,20,71.6,14.9,0,1,0,1
30,O-,0,730,55,43.9,13.8,0,0,0,0
41,AB+,49,175,13,64.0,13.1,0,0,0,1
43,O+,20,400,78,71.4,12.9,0,0,1,1
19,B-,30,175,51,66.4,13.7,0,0,0,1
33,B-,1,56,47,69.2,13.1,0,0,1,0
55,A+,32,117,73,59.4,14.8,0,0,0,1
18,O+,30,176,72,81.9,13.0,0,1,0,1
28,B+,18,49,13,63.5,14.1,0,0,0,1
52,A+,47,77,81,54.5,14.3,0,0,0,1
60,B-,26,115,27,67.6,14.5,0,0,0,1
46,AB+,3,18,15,78.2,15.5,0,0,1,0
54,AB-,8,50,88,74.1,12.3,0,0,0,0
34,A+,44,75,52,62.3,14.5,0,0,0,1
56,A+,41,78,106,87.5,14.5,0,0,0,1
59,A+,11,86,88,67.2,12.6,0,0,0,1
45,A-,2,30,91,49.2,14.1,0,0,1,0
46,AB+,32,86,92,74.5,13.3,0,0,0,1
60,B+,10,93,103,66.5,15.3,0,0,0,1
20,A+,40,176,110,67.2,13.2,0,1,1,1
27,O+,17,365,50,77.8,13.6,0,0,0,1
59,A+,49,92,98,65.1,13.4,0,0,1,1
31,AB+,34,400,72,64.8,12.9,0,0,0,1
29,A-,42,400,73,54.2,12.1,0,0,0,0
59,O-,43,78,91,62.2,12.9,0,0,0,1
47,AB-,9,76,109,70.7,14.0,0,0,0,1
49,B+,8,305,74,61.5,14.1,0,0,0,1
49,O-,45,400,51,49.6,14.7,0,0,1,0
59,A+,20,88,55,75.2,15.0,0,0,0,1
49,A+,26,42,115,75.6,14.2,0,0,0,1
43,AB-,41,124,86,75.7,14.7,0,0,0,1
18,B+,48,400,107,57.8,14.4,0,1,0,0
59,B+,0,730,64,67.8,12.6,1,0,0,0
19,B+,45,123,49,70.6,14.2,0,0,1,1
34,O+,0,999,40,74.5,13.8,0,0,0,0
47,AB-,42,86,1,74.8,13.2,0,0,0,1
56,A-,18,44,74,52.5,13.8,0,0,0,1
24,A+,50,400,98,86.9,14.2,0,0,1,1
44,AB-,37,400,115,54.7,13.6,0,0,0,1
26,B-,20,91,51,50.1,14.9,0,0,0,1
39,B+,16,73,44,42.0,14.2,0,0,0,0
51,A+,16,123,2,75.7,14.8,0,0,0,1
18,A+,39,177,70,83.9,15.2,0,0,1,1
26,A-,47,178,62,61.0,13.4,1,0,1,0
37,A-,13,75,101,48.6,13.3,0,0,0,0
36,AB+,45,185,90,77.6,15.1,0,0,0,1
53,A-,50,96,72,53.7,13.0,0,0,0,1
57,A-,20,48,46,74.8,13.7,0,0,0,1
21,O+,0,365,95,57.8,13.3,0,0,0,0
26,A-,41,400,81,63.2,12.7,0,0,0,1
58,O-,15,119,12,71.5,14.3,0,0,0,1
39,O-,30,74,43,71.6,13.5,0,0,0,1
35,AB+,7,302,59,69.2,12.8,0,0,0,1
29,A-,12,71,108,84.2,14.8,0,0,0,1
59,B-,45,400,61,86.9,12.3,0,0,1,0
60,B-,12,176,113,87.7,13.6,0,0,0,1
56,A-,28,86,70,66.1,14.8,0,1,0,0
26,B+,21,176,77,69.2,14.8,0,0,0,1
23,B-,23,180,3,83.2,14.3,0,0,0,1
36,B-,32,400,93,60.8,12.8,0,0,1,1
24,O-,12,123,91,63.3,14.0,0,0,0,1
33,AB-,22,123,79,68.2,14.2,0,0,0,1
22,O+,25,73,27,67.8,13.3,0,0,0,1
33,O-,31,88,119,64.8,14.2,0,0,0,1
18,B+,30,92,83,57.7,12.2,0,1,0,0
54,A-,32,48,75,77.4,11.9,0,0,0,0
56,B-,4,45,48,63.7,13.1,1,1,0,0
36,B-,29,88,115,69.7,14.6,0,0,0,1
54,B-,30,79,14,67.9,14.7,0,0,1,1
34,O+,45,49,11,75.4,12.4,0,0,0,0
43,AB-,28,400,96,73.0,15.4,0,0,0,1
39,B-,50,116,109,65.2,13.9,1,0,0,1
25,O+,35,46,52,63.4,12.1,0,0,0,0
50,A+,41,400,64,66.8,14.1,0,0,0,1
19,O-,32,94,88,55.8,15.2,0,0,0,1
47,AB+,14,19,6,59.2,13.3,0,0,1,0
37,AB-,33,178,13,73.8,14.9,0,0,0,1
35,O-,16,121,93,71.3,15.4,1,0,0,1
60,O-,15,183,86,57.4,13.8,0,0,0,1
27,A+,11,44,22,66.7,13.0,0,0,0,1
41,O-,15,74,42,50.8,15.1,0,0,0,1
21,O+,27,121,80,69.5,15.1,0,0,0,1
54,O-,21,46,43,64.3,12.4,0,0,0,0
21,AB-,42,92,80,91.0,13.7,0,0,0,1
30,O-,32,74,84,74.5,14.6,0,0,0,1
42,B-,21,124,40,57.5,14.7,1,0,0,1
30,O+,22,400,8,57.4,13.5,0,0,0,1
35,A+,26,74,37,75.0,12.7,0,0,0,1
41,AB-,34,400,111,77.7,15.5,0,0,0,1
19,AB-,15,117,70,88.4,13.9,0,0,0,1
50,B-,23,88,2,80.7,13.6,0,0,0,1
36,O+,8,40,43,73.2,13.2,0,0,0,1
26,O-,50,124,4,83.7,13.6,0,0,0,1
45,B-,48,124,93,68.8,12.1,1,0,0,0
52,AB-,32,76,56,68.3,14.9,0,0,0,1
56,O+,48,400,32,54.7,13.5,1,0,0,0
27,B+,39,79,104,84.6,11.5,0,0,0,0
18,AB+,31,123,59,69.5,12.7,0,0,0,1
59,A-,49,184,22,66.9,14.9,0,0,0,1
38,AB+,50,400,72,59.3,13.6,0,0,0,1
26,AB+,9,79,29,81.5,12.9,0,0,1,0
32,AB-,35,183,92,78.9,13.9,0,0,0,1
52,B+,13,77,33,58.1,13.5,0,0,0,1
22,A+,39,79,53,73.6,13.9,0,0,0,1
58,B-,43,78,78,76.8,14.2,1,0,1,0
39,B-,25,76,2,54.3,12.9,0,0,0,1
58,O-,5,70,94,75.1,13.2,0,1,1,0
40,O+,19,94,109,72.9,13.0,0,0,0,1
24,A-,6,122,32,74.9,13.0,0,0,0,1
40,O+,16,184,108,89.9,13.1,0,0,1,1
42,B-,43,17,5,100.6,13.5,1,0,0,0
44,O-,36,91,15,81.6,13.1,0,0,0,1
58,AB+,47,119,57,70.9,14.0,0,0,0,1
23,AB-,9,74,39,75.0,13.5,0,0,0,1
51,AB+,16,42,99,72.8,13.0,0,0,0,1
26,A-,6,89,27,93.9,11.7,0,0,0,0
50,O+,33,400,45,69.5,12.8,0,1,0,0
23,O-,10,21,5,63.4,13.4,0,0,0,0
54,AB+,34,184,76,74.0,14.9,1,0,0,0
48,A+,10,118,11,91.0,13.7,1,0,0,0
51,B+,20,183,58,57.3,12.1,0,0,0,1
58,O-,6,80,64,60.6,13.9,0,1,1,0
46,O+,19,20,20,60.0,13.3,0,0,0,0
31,A+,2,91,1,54.8,14.4,1,0,0,0
53,B+,32,47,50,57.5,12.2,0,0,0,0
53,B+,42,92,54,78.3,15.1,0,0,0,1
32,B+,5,179,103,70.4,14.3,0,0,1,1
25,A-,26,118,58,53.8,13.6,0,0,0,1
43,A+,4,48,101,75.5,12.1,0,0,0,0
53,O-,22,176,71,71.8,12.2,0,0,0,1
38,O-,29,116,26,78.5,14.6,0,0,0,1
45,O-,13,365,15,61.4,14.7,0,1,0,0
21,B-,31,179,19,54.5,14.9,0,0,1,1
33,A+,1,28,26,75.5,15.6,0,0,0,0
39,O+,47,125,19,77.1,14.6,0,0,0,1
29,A-,4,115,82,55.9,14.2,1,0,0,0
33,O+,10,365,85,70.6,16.4,0,0,0,1
57,B-,28,19,102,61.2,13.2,0,0,0,0
55,O+,24,400,14,78.7,13.7,0,0,0,1
59,AB+,37,119,99,75.3,12.1,0,0,0,1
54,AB+,33,16,48,81.4,14.5,0,0,0,0
46,A-,47,86,41,58.7,13.6,0,0,1,1
35,O+,2,120,53,60.4,13.1,0,1,0,0
27,B-,41,49,58,63.9,13.1,0,0,0,1
59,AB+,39,183,8,62.2,12.9,0,0,0,1
56,A-,11,115,77,72.1,13.6,0,0,1,1
35,B-,36,93,80,56.2,12.2,0,0,0,1
18,A-,4,80,53,84.7,12.3,0,0,0,0
56,B-,5,184,85,87.2,12.6,1,0,1,0
38,AB+,23,400,86,80.2,13.1,0,0,0,1
18,B-,30,400,87,73.5,13.3,0,0,0,1
32,B-,36,115,30,66.6,11.5,0,0,0,1
21,AB-,28,400,34,70.1,13.2,0,0,0,1
37,AB-,31,182,9,59.7,12.9,0,0,0,1
27,A+,15,183,61,69.7,14.7,0,0,0,1
40,O+,15,88,56,71.7,12.8,0,0,0,1
58,AB-,46,91,81,58.9,14.9,0,0,1,1
51,AB-,28,177,95,85.8,15.7,0,0,0,1
50,AB+,1,178,49,67.1,15.1,0,0,0,1
51,A-,34,184,111,56.7,12.7,0,0,0,1
56,B-,10,178,49,65.7,14.4,0,0,0,1
27,O+,15,17,94,61.4,12.7,0,0,0,0
37,O+,1,98,7,58.8,12.9,1,0,1,0
18,O+,5,117,17,85.3,13.0,1,0,0,0
30,A+,0,999,30,68.1,13.9,0,0,0,0
18,O+,1,122,47,79.3,12.8,0,0,0,1
22,O+,30,74,74,72.5,13.8,0,0,0,1
33,AB+,49,400,28,73.2,15.2,0,1,0,0
32,B+,36,91,11,67.8,12.6,0,0,0,1
45,O+,15,91,38,63.2,12.0,0,0,0,1
48,A+,48,50,37,82.3,13.1,0,0,1,1
40,B+,17,80,78,75.2,15.4,0,0,0,1
60,B-,22,15,39,66.0,14.6,0,0,0,0
34,A-,36,123,114,78.9,12.9,1,1,0,0
51,A+,5,122,70,84.6,12.6,1,0,0,0
30,O+,43,400,53,72.0,14.2,0,0,0,1
31,O+,6,125,70,85.1,13.9,0,0,0,1
28,B-,12,79,117,62.8,14.5,1,0,0,0
45,AB+,38,91,24,58.1,12.5,0,0,0,1
59,B-,17,125,92,64.2,13.7,0,0,0,1
49,A+,18,86,44,68.5,14.8,0,0,0,1
52,O-,33,79,51,85.1,15.0,0,1,0,0
48,A-,4,118,99,63.8,12.4,0,1,1,0
34,AB-,20,125,17,72.2,13.7,0,0,0,1
26,AB+,24,125,101,80.1,13.5,0,0,0,1
27,A+,31,400,9,73.1,12.9,1,0,0,0
25,A-,16,179,45,62.6,13.0,0,0,1,1
38,A-,26,86,18,53.9,14.4,0,0,0,1
30,AB+,22,119,24,81.4,13.0,0,0,0,1
22,B-,43,400,22,56.4,13.7,1,0,0,0
23,AB-,38,400,23,63.8,14.3,0,0,0,1
47,O-,21,71,32,68.4,15.7,0,0,0,1
48,A+,44,22,56,81.9,14.1,0,0,1,0
34,A+,14,90,76,79.0,14.6,0,0,0,1
28,O-,42,96,65,69.6,14.1,0,0,1,1
37,B+,16,91,112,81.3,13.6,0,0,0,1
26,AB-,14,25,68,83.8,13.6,0,0,0,0
19,O-,14,91,72,62.8,13.7,0,0,1,1
54,B+,48,74,53,63.7,11.4,0,0,0,0
18,A+,50,49,76,76.2,13.4,0,0,0,1
21,O-,16,183,108,86.7,14.3,0,0,1,1
53,AB-,23,95,52,60.4,13.0,0,0,0,1
42,O-,41,45,33,47.7,15.4,0,0,0,0
20,A+,1,27,37,75.1,13.9,0,0,1,0
26,A-,16,124,114,83.0,13.7,0,0,0,1
39,A-,38,116,34,69.4,14.7,0,1,0,1
40,B+,49,400,113,97.0,14.4,0,0,0,1
29,AB+,10,76,74,58.8,15.0,0,0,0,1
27,B-,49,122,70,59.8,15.3,0,0,0,1
51,A-,21,121,46,59.7,15.4,0,0,0,1
60,O+,2,95,48,69.0,14.3,0,0,0,1
27,A+,17,365,90,69.2,12.7,0,1,0,0
47,O-,29,90,33,59.5,13.5,0,0,1,1
39,O+,30,125,120,80.4,15.6,1,0,0,1
23,A-,40,178,95,70.9,14.1,0,0,0,1
19,A-,13,70,94,56.6,13.3,0,0,0,1
47,O-,31,400,30,74.8,13.2,0,0,0,1
19,AB-,36,94,1,63.4,12.6,0,0,0,1
49,A-,14,365,100,69.1,14.8,0,0,0,1
59,AB+,16,179,100,77.8,13.3,0,0,0,1
33,O+,9,49,69,79.0,12.7,0,0,0,1
29,O-,44,70,29,78.1,12.8,0,0,0,1
18,AB-,3,295,29,68.5,10.9,0,0,1,0
25,AB+,7,40,61,57.3,14.6,0,0,0,1
30,AB+,23,120,80,64.5,13.5,0,0,0,1
32,O-,3,88,113,68.3,12.4,0,0,0,0
25,A+,21,117,31,85.0,15.3,0,0,0,1
27,A-,39,86,55,62.2,13.9,1,0,0,0
22,O-,41,17,17,70.2,11.3,0,0,0,0
36,AB-,12,50,110,54.4,14.6,0,0,0,1
55,B-,42,78,97,71.7,12.7,0,0,0,1
28,AB-,37,117,117,67.5,14.5,0,0,0,1
60,O+,46,90,9,66.6,14.4,1,0,0,0
37,B+,28,119,10,77.3,14.0,0,0,0,1
37,A-,38,116,94,60.5,12.4,0,0,0,1
38,A+,39,121,88,83.4,12.4,0,0,0,1
35,O+,21,176,12,59.6,13.7,0,0,0,1
27,B-,38,400,81,83.0,12.8,0,0,0,1
51,B-,14,116,39,50.4,15.1,0,0,0,1
43,AB+,24,88,81,71.4,13.7,0,1,0,0
47,A+,3,118,85,74.7,12.7,1,0,0,0
26,AB+,38,50,84,64.0,14.9,1,0,0,0
48,B+,46,78,39,71.1,11.7,0,0,0,0
59,O-,41,400,61,64.0,13.7,0,0,0,1
21,AB-,6,94,1,72.9,14.4,0,0,0,1
23,A+,37,120,56,70.8,12.7,0,0,0,1
31,O+,19,365,40,92.4,13.3,0,0,0,1
21,A+,9,124,75,52.8,13.1,0,0,0,1
43,B+,13,95,24,70.2,12.6,0,0,0,1
56,O+,28,22,104,63.4,13.9,0,0,0,0
34,O-,1,122,84,69.4,14.7,0,0,0,1
36,A+,4,122,15,66.5,16.0,0,0,0,1
23,AB-,38,400,54,64.2,14.6,0,0,0,1
46,O+,31,91,19,62.2,13.5,0,0,0,1
28,A+,35,119,23,75.9,15.0,0,0,0,1
33,AB+,8,40,87,63.9,12.6,1,0,0,0
47,B-,34,177,25,67.8,13.2,0,0,0,1
42,O+,18,76,43,70.0,14.8,0,0,0,1
57,B+,47,87,98,60.0,13.1,0,0,1,1
28,A+,4,118,90,74.7,13.9,0,0,0,1
24,A+,41,79,62,57.5,13.0,0,0,0,1
43,B+,19,181,113,73.4,13.6,0,0,0,1
39,A-,3,125,40,72.4,13.7,0,0,0,1
42,O+,28,46,3,66.5,14.3,0,1,0,0
36,AB+,12,47,118,56.0,14.0,0,1,1,0
48,AB-,49,121,101,68.1,14.6,0,0,0,1
43,A+,12,178,117,56.6,14.2,0,0,0,1
59,B-,46,400,79,66.8,13.6,0,1,0,0
58,AB+,0,999,43,76.7,13.1,0,0,0,0
53,A+,3,117,99,67.8,12.8,0,0,1,1
40,AB+,19,90,117,81.8,10.8,1,0,0,0
30,A-,39,179,89,71.2,13.7,0,0,0,1
42,O+,31,181,41,76.5,12.5,0,0,0,1
19,O+,41,183,56,75.9,12.8,1,0,1,0
19,O-,6,95,46,83.5,13.5,0,0,0,1
33,O+,30,88,89,53.6,13.2,0,0,0,1
26,AB-,26,119,24,62.2,14.4,0,0,0,1
45,O+,42,119,32,68.3,13.6,0,1,0,1
30,A-,4,182,120,76.8,15.6,0,0,0,1
52,A+,46,123,102,69.9,16.2,0,1,0,1
58,AB-,39,120,42,67.9,13.5,0,0,0,1
30,B+,18,89,89,79.3,12.9,0,0,1,1
48,O-,49,120,91,64.3,11.9,0,0,0,1
38,B+,44,116,73,63.8,15.8,0,0,0,1
49,O-,42,181,115,73.7,13.0,0,0,0,1
51,B+,19,78,30,94.3,13.2,0,0,0,1
25,O+,9,298,22,67.8,13.0,1,0,0,0
58,B-,30,41,92,60.9,13.4,0,0,0,1
19,O+,50,70,41,61.8,13.3,0,1,0,0
55,AB+,36,90,115,64.0,14.7,0,0,0,1
49,A-,9,123,4,82.6,10.8,0,0,0,0
57,O+,29,78,53,64.0,13.6,0,0,0,1
45,B+,43,80,15,71.4,14.6,0,0,0,1
54,B+,2,64,105,67.0,13.0,0,0,0,0
58,O+,26,86,103,53.6,14.4,0,0,0,1
18,O+,16,182,116,64.4,13.9,0,0,0,1
58,B+,44,93,31,42.0,13.0,0,0,0,1
27,A+,3,77,62,69.9,11.8,0,0,0,0
21,B-,33,80,37,73.4,14.2,0,0,0,1
52,B+,9,42,90,58.7,14.2,0,0,0,1
27,A-,16,46,29,62.0,13.0,1,0,0,0
28,B-,45,40,97,53.3,14.6,0,1,0,0
31,B-,25,70,1,43.6,13.3,0,0,0,0
55,O+,41,118,17,51.4,14.9,0,0,0,1
29,B-,39,125,48,75.2,14.1,0,0,0,1
34,A-,21,125,93,64.5,15.4,0,0,0,1
33,A-,40,121,58,70.3,14.2,1,0,0,1
52,AB-,12,122,35,90.5,13.8,0,0,0,1
19,B+,46,400,66,79.0,11.7,0,1,1,0
28,B+,49,400,52,73.9,13.9,0,0,0,1
58,O+,15,92,25,62.7,13.5,0,0,1,1
20,B-,30,94,12,85.2,15.6,0,0,0,1
46,AB-,6,78,45,81.6,14.0,0,1,0,0
35,AB+,8,118,89,77.8,14.7,0,0,0,1
37,AB-,22,90,64,67.9,15.3,0,0,1,1
31,A+,4,71,37,57.8,15.3,0,0,0,0
51,B+,32,180,14,84.7,13.7,0,0,0,1
48,B+,11,177,57,77.6,16.1,0,0,0,1
57,A-,9,116,73,65.8,13.2,0,0,1,1
59,AB+,3,89,91,65.0,15.3,0,0,0,0
35,A+,1,59,81,54.6,13.0,0,1,0,0
47,O+,43,400,56,76.4,14.7,1,0,0,0
42,AB-,28,177,103,69.9,12.7,0,0,0,1
36,O+,44,45,70,72.4,14.5,0,0,0,1
25,B-,43,180,78,78.2,12.9,0,0,0,1
45,O+,49,18,7,75.9,12.7,1,0,0,0
25,O+,26,93,109,58.4,12.7,0,0,1,1
48,O-,22,117,26,68.2,14.3,0,0,0,1
20,O-,21,90,120,72.5,14.3,0,0,1,1
20,AB-,26,88,72,73.4,14.3,0,0,0,1
39,A+,49,88,69,50.5,14.0,1,0,0,0
34,O-,31,177,110,56.9,13.3,0,0,0,1
53,AB+,32,125,69,75.2,13.0,0,0,0,1
34,AB-,9,41,37,75.1,12.7,0,0,0,1
31,A-,2,29,68,85.7,12.6,0,0,0,0
26,B-,26,86,37,50.9,15.1,0,0,0,1
47,O+,21,124,120,77.9,12.6,0,0,0,1
38,A-,38,125,54,72.1,12.8,0,0,0,1
29,A-,29,74,81,56.4,12.7,0,0,0,1
54,AB-,26,120,57,48.6,12.3,0,0,0,0
49,O+,46,117,111,78.4,14.1,1,1,0,0
28,A-,28,122,41,57.2,13.2,0,0,0,1
37,O+,13,122,63,53.5,13.6,0,0,0,1
52,O+,28,184,69,73.0,13.7,0,0,0,1
28,AB-,42,77,88,67.9,14.1,0,0,1,1
25,A-,47,119,30,74.3,13.9,0,0,0,1
21,AB+,45,90,93,72.7,15.1,0,0,0,1
44,O-,5,18,8,104.8,13.1,0,0,0,0
57,B+,28,94,76,76.0,13.1,0,0,0,1
55,B+,27,22,15,75.3,13.7,1,1,0,0
47,O+,19,71,2,58.3,13.7,0,0,0,1
44,AB+,24,116,65,85.2,12.2,0,0,1,1
38,B+,13,119,48,62.4,12.1,0,0,0,1
37,AB+,4,88,5,58.0,13.6,0,0,0,0
21,B-,38,400,81,65.7,15.3,0,0,0,1
28,AB-,32,93,13,72.8,15.4,0,0,0,1
30,AB+,27,118,18,62.9,12.6,0,0,0,1
26,AB+,19,94,39,58.4,13.3,0,0,0,1
21,O+,29,88,27,58.1,14.0,0,1,0,0
29,O-,24,119,32,70.3,14.1,0,0,0,1
26,O+,25,94,29,74.2,12.7,0,0,0,1
30,A+,36,93,47,75.1,15.7,0,0,0,1
43,O-,20,400,118,50.9,13.2,0,0,0,1
55,AB-,32,175,96,58.9,14.2,0,0,0,1
59,O+,43,118,13,78.2,13.4,0,0,0,1
30,O+,45,92,68,63.3,13.4,0,0,0,1
56,A+,23,400,77,70.2,14.6,0,0,1,1
45,A-,25,400,32,96.9,14.9,0,0,0,1
36,B-,8,24,9,43.2,14.5,0,0,0,0
41,A+,18,40,98,66.6,12.8,0,0,0,1
36,A+,31,185,17,75.8,12.3,0,1,0,0
30,B+,27,78,63,57.2,16.7,0,0,0,1
30,O+,4,86,71,66.5,14.1,0,0,0,0
45,O+,7,124,44,54.8,12.8,0,0,0,1
19,AB-,19,365,119,74.4,14.8,0,0,0,1
27,A+,48,400,21,60.6,12.8,0,0,0,1
39,O-,48,400,10,63.3,16.0,0,0,0,1
30,O-,44,400,90,77.9,13.4,0,0,1,1
26,A+,4,43,90,74.1,14.7,0,0,1,0
50,O-,7,117,57,78.7,13.8,0,0,0,1
31,AB-,47,74,4,87.3,12.1,0,0,0,0
37,A-,27,74,100,68.8,12.7,0,0,0,1
32,O+,19,72,55,91.3,13.0,0,0,0,1
49,A-,16,116,17,70.1,13.0,0,0,0,1
50,A+,48,120,110,82.5,14.0,0,0,1,1
34,B+,33,182,118,67.7,11.1,0,0,1,0
41,AB-,32,400,101,77.2,14.0,0,0,1,1
47,B-,11,125,51,63.3,11.6,0,0,0,1
30,O-,48,400,117,82.7,14.2,0,0,0,1
33,O+,37,181,16,80.7,12.9,0,0,0,1
19,A-,47,120,3,65.6,13.9,0,0,1,1
34,B-,42,117,4,69.7,12.3,0,0,0,1
49,O+,49,90,75,57.6,13.1,0,0,0,1
60,B+,0,730,112,78.2,11.5,0,1,0,0
25,O+,49,89,11,77.2,12.4,0,0,0,0
20,O-,21,88,38,54.4,15.3,0,0,0,1
29,O-,14,181,114,91.9,15.4,0,1,0,0
37,O+,34,181,120,72.4,12.4,0,0,0,1
33,AB-,11,182,51,65.4,13.4,0,0,0,1
31,A-,6,116,15,81.2,14.3,0,0,0,1
33,B-,45,124,98,62.3,13.9,1,0,1,0
60,B+,5,301,40,82.4,13.2,0,0,0,1
50,O-,43,44,40,55.1,12.1,0,0,0,0
47,O-,19,181,24,65.6,14.8,0,1,1,0
29,O-,36,25,52,67.0,13.2,0,0,0,0
32,O-,36,94,14,62.0,12.0,0,0,0,1
35,B+,44,70,110,59.9,13.8,0,0,0,1
45,AB-,10,125,81,62.6,13.4,0,0,0,1
40,AB-,6,77,19,62.1,13.2,0,0,0,0
31,A+,6,116,117,62.8,13.9,0,0,1,1
47,AB-,49,89,54,83.8,13.6,0,0,0,1
50,AB+,37,91,38,72.8,15.0,0,0,0,1
32,A+,44,125,26,67.0,12.8,0,0,0,1
24,O+,34,400,11,76.4,13.0,0,0,0,1
32,O+,31,400,3,67.0,14.6,0,0,0,1
59,O-,2,25,41,59.3,16.5,0,0,0,0
55,A+,3,43,60,50.3,16.4,0,0,0,0
28,O-,16,43,11,78.9,14.6,0,0,0,1
46,A-,32,45,22,43.5,13.4,1,0,0,0
48,B+,33,400,92,51.4,13.2,0,0,1,1
42,AB-,1,31,77,73.6,13.4,0,0,0,0
41,B-,5,116,30,67.8,11.9,0,0,0,1
36,A+,8,71,37,84.1,14.6,0,0,1,0
19,B+,3,121,7,60.9,15.3,0,0,0,1
39,AB+,29,42,65,76.5,13.7,0,0,0,1
37,B-,32,125,65,66.1,16.1,0,0,0,1
50,O+,30,121,83,74.0,16.8,0,0,0,1
25,B+,9,24,65,69.9,14.8,0,0,0,0
42,AB+,26,122,13,73.5,13.1,0,0,1,1
26,B+,36,76,111,70.4,12.9,1,0,0,0
51,B+,10,182,116,71.2,14.7,0,0,0,1
40,AB-,35,41,14,56.0,15.0,0,0,0,1
22,O-,14,95,110,68.8,13.1,0,0,0,1
42,B+,0,999,90,74.6,12.5,0,0,0,0
25,A-,39,90,6,67.4,11.9,0,0,0,1
33,AB+,3,45,45,66.9,12.7,0,0,0,0
32,B-,36,88,15,47.3,13.3,0,0,0,0
18,O-,11,365,12,84.9,15.0,0,0,0,1
39,B+,1,31,33,53.0,13.2,0,0,0,0
20,B+,46,181,48,61.2,10.4,0,0,0,1
55,O-,2,122,47,59.3,13.1,0,0,0,1
31,O+,44,123,18,71.3,13.4,0,0,0,1
53,B-,15,121,7,71.8,13.4,0,0,0,1
35,AB+,7,16,10,75.3,11.0,0,0,0,0
58,AB+,14,94,38,75.7,13.4,0,0,0,1
35,AB-,0,365,65,87.0,15.3,0,0,0,0
20,A-,30,125,113,64.6,13.3,1,1,0,0
27,A-,28,116,90,58.9,13.1,0,0,0,1
56,O+,35,118,13,65.4,13.0,0,0,0,1
18,AB+,27,179,56,55.8,14.0,0,0,1,1
44,A-,9,20,37,64.2,12.1,0,0,0,0
44,B+,7,118,49,50.9,12.6,0,0,0,1
28,B-,46,400,15,58.8,15.0,0,0,0,1
22,AB-,42,94,65,49.4,14.5,0,0,1,1
24,AB-,0,999,7,81.3,13.2,0,0,0,0
36,O-,33,45,27,69.2,14.3,0,0,0,1
46,A-,22,91,88,88.7,12.8,1,0,0,1
32,B+,38,93,76,80.2,12.8,0,0,1,1
52,A-,29,91,2,81.3,12.8,0,0,0,1
54,O+,44,175,11,66.5,12.1,0,0,0,1
29,O+,38,71,55,73.4,13.7,1,0,1,0
47,B-,37,180,50,58.1,16.0,1,0,0,1
37,O-,46,182,26,62.1,11.6,0,0,0,1
54,B-,43,119,32,68.2,15.7,0,0,0,1
20,A+,41,25,24,48.9,10.8,0,0,0,0
26,O+,41,96,20,62.4,14.3,0,0,1,1
58,A+,37,183,12,76.7,11.8,0,0,0,1
56,AB-,50,400,27,62.6,14.4,1,0,0,0
43,AB+,22,121,7,59.9,12.9,0,0,0,1
19,A+,20,122,5,63.8,14.6,0,0,0,1
40,A+,17,42,88,76.2,12.9,0,0,0,1
40,O-,42,90,50,72.0,14.3,1,0,0,1
38,O-,49,80,109,65.5,13.6,0,1,0,0
33,A+,3,22,2,68.2,15.1,0,0,0,0
26,O-,48,125,96,77.4,13.6,0,0,0,1
30,B+,48,119,88,82.4,14.0,0,0,0,1
45,A-,14,115,73,62.8,13.9,0,0,0,1
44,AB+,22,116,113,67.1,14.8,0,0,0,1
34,O-,24,74,44,81.7,14.8,0,0,0,1
55,AB-,45,183,29,73.8,13.8,0,0,0,1
53,AB-,30,70,97,52.6,11.9,0,0,0,0
18,B-,5,303,62,58.2,12.7,0,0,0,1
35,AB-,28,180,51,58.5,14.7,0,0,0,1
26,AB+,7,94,34,63.4,12.1,0,1,0,0
30,O-,0,730,97,72.1,13.0,1,0,0,0
57,AB+,20,91,59,88.7,13.1,0,1,0,1
32,AB-,42,181,13,67.1,13.5,0,0,1,1
60,A+,10,89,69,75.3,13.4,0,0,0,1
21,O-,38,119,70,80.5,13.8,1,0,0,1
50,A-,27,70,104,84.4,12.6,0,0,0,1
41,AB+,35,119,26,80.5,12.8,0,0,0,1
53,B+,32,185,63,59.8,15.7,0,0,0,1
58,B+,15,184,10,52.0,15.3,0,1,0,0
27,A-,28,91,76,61.1,14.4,0,0,0,1
53,A+,28,89,15,69.9,14.5,0,0,0,1
37,A-,30,16,33,59.8,14.1,0,0,0,0
58,AB-,47,175,81,50.1,13.7,0,0,0,1
28,O-,48,179,38,54.6,12.8,1,0,0,1
29,O-,48,121,84,101.1,15.4,0,1,0,1
35,O+,24,76,32,65.6,15.8,0,0,0,1
47,AB+,49,87,88,87.8,13.2,0,0,0,1
54,AB+,3,50,101,65.4,15.0,1,0,0,0
37,A+,2,64,17,76.7,13.3,0,0,0,0
42,AB-,47,121,70,66.4,12.9,0,0,0,1
29,A-,38,120,3,68.1,13.3,0,0,1,1
38,B-,43,119,23,76.6,13.3,0,0,0,1
42,AB-,47,93,45,63.6,14.4,0,0,0,1
28,AB+,6,125,78,54.9,13.3,0,0,0,1
26,B-,1,124,106,59.1,14.7,0,0,0,1
42,O+,2,25,116,59.1,13.0,0,0,0,0
52,A+,23,92,68,68.9,13.7,0,0,0,1
49,AB+,25,400,58,47.1,12.5,0,1,0,0
31,O-,20,176,46,71.4,12.3,0,0,0,1
18,B-,28,73,25,81.9,14.2,0,0,0,1
34,B+,28,400,39,62.4,13.9,0,0,0,1
42,A-,7,300,101,60.8,13.2,0,0,0,1
25,B-,11,125,7,89.6,12.7,0,0,0,1
22,B-,9,87,3,84.2,12.5,0,0,0,0
22,A+,27,182,12,72.7,14.2,0,0,0,1
58,B-,29,184,24,59.8,13.0,0,0,0,1
52,B-,31,400,97,74.4,15.6,0,0,0,1
36,A+,30,122,76,56.9,14.0,0,0,0,1
40,A-,8,297,62,53.4,14.3,0,0,0,1
26,O+,16,75,63,73.0,15.3,0,0,0,1
47,B-,1,94,71,62.7,12.9,1,0,0,0
33,O-,27,46,65,45.7,14.3,0,0,0,0
50,A-,22,115,86,74.5,14.3,0,0,0,1
19,AB-,27,400,10,84.1,13.2,1,0,0,0
31,O+,34,78,58,75.3,12.1,0,0,0,0
18,B+,14,118,6,62.5,11.4,0,0,0,1
43,O+,16,90,101,44.5,12.8,0,0,0,1
42,AB-,42,87,12,69.6,15.0,0,0,0,1
33,A-,37,79,120,60.8,12.9,0,0,0,1
32,AB-,27,90,71,58.1,14.8,1,0,0,1
43,AB+,39,94,102,46.6,12.9,0,0,0,1
33,A+,20,400,96,88.6,13.8,0,0,1,1
31,AB-,43,400,82,55.9,14.4,0,0,0,1
46,A-,15,91,119,48.0,14.9,1,0,1,0
41,AB+,38,121,73,86.6,13.3,1,0,0,1
32,AB+,41,124,40,68.3,13.1,0,0,0,1
36,A-,40,90,51,66.6,11.6,0,0,0,1
25,B+,18,184,33,71.4,13.3,0,0,0,1
51,AB+,10,95,26,72.8,17.4,0,0,0,1
19,AB+,8,19,76,70.3,13.5,0,0,0,0
44,A+,31,92,8,51.4,12.2,0,1,0,0
27,AB+,10,117,64,50.6,13.6,0,0,0,1
52,O-,14,47,61,60.0,14.6,0,0,0,1
40,B-,22,93,48,62.4,13.1,0,0,0,1
25,B-,5,302,81,64.0,12.6,1,0,0,0
45,O-,25,94,37,70.5,16.6,0,0,0,1
40,AB-,32,94,32,64.9,14.2,0,0,1,1
21,O+,39,79,27,60.5,15.5,0,0,1,1
31,B+,3,44,79,72.3,13.4,1,0,0,0
59,AB-,6,79,39,75.9,15.8,0,0,0,1
46,AB-,44,93,0,59.1,14.8,0,0,0,1
18,A+,2,115,36,53.0,14.4,1,0,0,0
21,B-,43,400,42,70.0,12.4,0,0,0,0
49,O-,7,182,73,63.4,13.0,0,0,0,1
50,O+,7,45,6,77.2,14.3,0,1,0,0
43,B-,14,48,58,57.2,13.4,0,0,0,1
34,A+,20,87,29,54.7,14.2,1,0,0,0
56,A-,36,96,6,61.0,13.3,0,1,0,1
40,A+,18,182,49,73.7,14.3,0,0,1,1
49,O+,25,45,79,64.1,13.1,0,0,0,1
32,B-,47,90,24,67.0,14.3,0,0,0,1
30,O-,25,71,8,62.6,12.7,0,0,0,1
19,O-,35,123,26,79.2,13.4,0,0,0,1
36,O-,48,180,112,73.3,13.6,0,0,0,1
41,A-,28,91,49,51.3,12.8,0,0,0,1
41,A+,0,999,68,77.9,13.1,0,0,0,0
28,AB+,19,94,24,74.5,14.1,0,0,0,1
39,B-,39,93,95,79.9,14.6,0,0,0,1
32,B-,25,178,47,62.2,14.1,1,0,0,1
27,AB-,1,181,95,57.7,14.4,0,0,0,1
58,AB+,49,400,32,67.1,13.9,0,0,0,1
44,AB+,33,42,33,69.8,13.0,0,0,0,1
26,B-,14,177,6,81.0,11.9,0,0,0,1
45,O+,34,15,7,75.0,13.2,0,0,0,0
18,O+,17,176,2,69.6,13.7,1,0,0,0
34,B+,39,400,108,66.6,13.1,0,0,0,1
48,AB-,22,24,80,68.2,15.5,0,0,0,0
27,AB-,42,178,16,63.7,14.1,0,0,0,1
54,O-,41,45,1,75.5,13.7,0,0,0,1
46,A+,33,400,19,52.0,14.4,0,0,0,1
35,B-,39,183,68,68.1,16.0,0,0,1,1
55,A-,30,71,41,79.5,13.5,1,0,0,0
56,O+,20,88,106,55.5,12.7,0,0,1,1
23,B+,50,180,65,89.4,14.2,0,0,1,1
57,B+,17,42,101,56.1,12.5,0,0,0,1
29,AB-,14,365,7,62.4,12.8,1,0,0,0
31,O-,2,98,39,79.3,15.4,0,0,0,1
27,B-,2,90,84,84.0,15.2,0,0,0,1
37,A-,19,41,54,71.9,14.5,0,0,0,1
32,AB+,28,400,73,71.6,14.2,0,0,0,1
48,B-,2,63,66,87.7,12.5,1,0,0,0
24,AB-,45,75,12,53.0,12.9,0,0,0,1
58,AB+,26,180,81,49.0,15.3,0,1,0,0
27,B-,13,125,94,46.8,13.2,0,0,0,1
27,AB+,12,95,93,58.6,12.9,0,1,1,0
56,A-,36,183,6,60.1,13.6,0,0,0,1
45,AB+,27,400,81,72.2,14.4,0,0,0,1
47,O-,4,299,69,79.1,13.6,0,0,0,1
54,B-,30,73,41,78.0,13.6,0,0,0,1
20,B+,14,119,15,77.7,11.4,0,1,0,0
60,B-,11,45,38,57.5,13.7,1,0,0,0
32,AB+,0,999,54,72.2,14.9,0,0,0,0
38,O-,4,74,20,59.9,13.7,0,0,1,0
54,A-,19,179,61,74.6,16.1,0,0,0,1
29,B-,27,92,31,68.5,13.0,0,0,0,1
21,A+,47,179,22,77.7,13.3,0,0,1,1
26,AB+,12,80,94,94.1,13.1,1,0,0,0
56,B+,21,121,65,67.6,13.0,0,0,0,1
59,O+,15,19,77,55.9,14.4,0,1,0,0
45,A-,7,88,14,50.1,13.5,0,0,0,0
40,A+,1,180,56,58.1,15.9,0,0,0,1
57,O+,24,176,49,79.7,14.1,0,1,0,1
39,AB-,44,79,47,73.3,12.8,0,0,1,1
41,AB-,15,117,7,70.5,12.7,0,0,0,1
43,AB-,14,96,75,72.2,15.6,0,1,0,1
47,B+,11,118,21,75.9,14.0,0,0,0,1
50,O-,11,78,72,50.9,15.2,0,0,0,1
33,AB+,49,87,113,78.8,13.9,0,0,0,1
39,O+,12,93,47,72.3,13.8,0,0,0,1
60,B-,45,17,53,52.2,15.3,0,0,0,0
35,A-,39,120,37,71.7,14.2,0,0,0,1
24,O-,20,94,104,53.7,14.2,0,1,0,1
43,O-,31,180,77,73.6,13.4,0,0,0,1
25,A-,5,119,35,69.3,14.8,0,0,0,1
23,A+,32,400,114,56.9,13.7,0,0,1,1
47,B-,12,175,5,72.5,13.2,0,0,0,1
56,B-,9,119,70,76.9,16.2,1,0,0,0
40,A-,0,999,60,61.7,13.5,1,0,0,0
49,A-,17,88,101,76.6,12.9,0,0,0,1
39,B-,49,123,105,64.9,15.1,1,0,0,1
59,O+,40,71,95,77.6,14.5,1,0,0,0
60,A-,19,91,102,66.9,13.1,0,0,0,1
26,B+,17,16,15,80.9,13.7,1,0,0,0
48,AB+,13,123,63,58.0,14.5,0,0,0,1
24,O+,48,400,44,58.3,14.0,0,0,0,1
26,A-,26,73,50,59.3,14.7,1,0,0,0
30,O+,7,22,99,69.4,13.8,0,0,0,0
20,B+,15,119,108,66.3,14.7,0,0,0,1
52,O-,42,96,98,71.2,13.5,1,0,0,1
50,B-,36,175,67,55.2,13.1,0,0,0,1
38,B-,21,181,49,60.1,15.0,0,0,0,1
48,AB+,14,77,36,82.0,14.1,0,0,0,1
51,B+,36,181,106,72.1,14.6,0,1,0,1
49,O+,30,94,71,74.9,15.1,0,0,0,1
52,B+,0,999,67,65.2,13.2,1,0,0,0
32,B+,34,400,37,71.2,14.4,0,0,1,1
49,O+,32,400,113,62.8,16.4,0,0,0,1
23,B-,9,302,74,47.6,13.6,0,1,0,0
38,A-,23,78,107,79.4,12.5,0,0,0,1
50,AB+,21,116,58,70.0,14.7,0,0,0,1
49,A-,36,122,18,59.9,12.0,0,1,0,0
36,O+,46,87,87,68.0,12.6,0,0,0,1
50,B+,36,78,31,62.9,13.8,1,0,1,0
45,A+,17,93,117,84.5,13.8,1,0,0,1
48,A-,2,62,65,75.4,14.0,0,0,0,0
38,AB-,20,46,32,55.4,16.2,0,1,0,0
51,O-,31,92,116,53.9,13.9,0,0,0,1
32,O+,15,183,17,70.8,13.2,1,0,0,0
31,A-,24,44,91,69.5,13.1,1,0,0,0
36,O+,31,400,114,73.7,13.3,0,0,0,1
60,B+,23,92,16,66.4,12.5,0,0,0,1
32,AB-,26,179,96,60.9,14.4,0,0,0,1
23,B+,46,96,95,73.6,14.1,0,0,0,1
26,AB+,29,76,44,74.5,14.3,1,0,0,0
54,A+,36,89,28,81.8,14.7,0,0,0,1
37,B-,8,89,79,76.1,14.5,0,0,0,1
51,A-,44,400,59,58.8,12.3,0,0,0,0
55,A+,7,94,5,70.8,13.5,0,0,0,1
43,B-,31,22,29,64.9,13.5,0,0,0,0
35,A-,40,400,85,57.6,15.3,0,0,0,1
45,A+,4,121,99,48.3,15.4,0,0,0,0
26,AB+,45,20,21,92.7,13.3,0,0,0,0
49,A-,15,94,114,61.9,12.7,0,0,0,1
23,B+,49,178,111,66.6,14.0,0,0,0,1
31,B-,15,90,15,70.4,13.4,0,0,0,1
45,B+,47,124,116,69.2,13.7,0,0,0,1
41,O-,6,298,7,42.0,15.1,0,1,0,0
30,O+,45,179,2,66.2,14.1,1,0,0,0
60,B-,49,180,79,87.5,13.3,1,0,1,0
29,B-,25,400,106,65.7,13.1,0,0,0,1
36,B-,48,124,61,86.0,12.2,0,0,1,1
38,AB+,10,365,42,68.3,14.4,1,0,0,0
44,O+,10,123,70,64.1,14.1,1,0,0,1
36,AB+,13,116,40,69.6,14.4,0,0,0,1
41,A+,48,96,5,68.4,13.8,0,0,0,1
43,A-,34,185,43,68.2,12.6,0,0,0,1
45,A+,8,299,3,61.6,13.9,0,0,0,1
35,A-,7,118,81,53.0,15.1,0,0,0,1
53,AB+,24,119,45,74.2,13.9,0,0,1,1
59,B-,15,49,94,69.0,15.6,0,0,0,1
46,A+,35,115,67,86.3,14.1,0,0,1,1
34,O+,46,117,99,67.6,16.0,0,1,0,1
21,AB+,11,16,101,51.3,16.1,0,1,0,0
46,AB+,48,94,56,71.5,12.8,0,0,0,1
21,A-,24,77,116,68.8,13.1,0,0,0,1
27,A+,24,400,62,63.3,13.3,0,0,0,1
42,A-,35,70,93,74.8,11.9,0,0,0,0
48,A-,32,77,82,73.5,14.3,0,0,1,1
20,A-,34,124,29,54.8,14.3,0,0,0,1
19,AB+,0,730,81,62.9,14.0,0,0,0,0
42,O+,15,49,89,80.0,12.5,0,0,0,1
23,AB-,16,90,76,57.2,15.5,0,0,1,1
43,O-,17,365,5,66.1,11.7,1,0,0,0
25,O-,49,88,115,70.5,12.3,0,0,0,0
52,A-,35,23,57,55.3,14.8,0,1,0,0
44,A-,8,49,11,66.9,14.1,0,0,0,0
42,O-,30,177,82,66.6,13.1,0,0,0,1
35,AB-,18,50,78,64.4,13.9,0,0,0,1
18,AB-,10,77,2,51.2,13.9,0,0,0,1
56,O+,3,122,29,68.0,15.1,0,0,0,1
20,B+,28,121,24,61.2,12.5,1,0,0,1
21,B+,3,119,70,79.7,14.1,0,0,0,1
58,AB-,30,175,103,72.6,15.0,0,0,0,1
54,AB+,42,117,33,59.5,12.7,1,0,0,1
32,B-,24,95,57,63.6,13.7,0,1,0,1
25,AB+,22,42,44,69.4,13.7,0,0,0,1
55,B-,37,70,66,63.6,12.0,0,0,0,0
36,A+,3,24,10,51.3,14.1,0,0,0,0
43,AB-,0,999,94,71.2,14.2,0,0,0,0
56,A-,15,16,97,73.8,15.4,0,0,0,0
27,AB-,17,70,101,76.1,13.8,0,0,0,1
55,A+,43,176,80,78.3,14.3,0,0,0,1
31,O+,33,178,54,58.9,15.4,1,1,0,0
58,O+,41,88,23,76.6,13.1,1,0,0,0
36,A-,4,94,120,55.4,12.5,0,0,0,1
47,B+,24,184,17,71.9,13.9,0,0,0,1
22,O-,50,90,18,60.2,13.6,0,0,0,1
48,O+,39,400,32,72.6,13.7,0,0,0,1
24,AB+,26,123,6,51.4,13.3,0,0,0,1
36,A-,26,74,17,74.0,12.9,1,0,0,0
48,O-,49,400,7,59.3,14.8,0,0,0,1
56,AB-,29,183,101,73.3,13.8,0,0,0,1
41,O-,6,299,56,72.1,16.3,0,0,0,1
51,B-,36,77,8,72.2,12.7,0,0,0,1
40,A+,21,124,0,68.5,16.0,0,0,0,1
57,O-,6,185,90,55.2,14.1,0,0,0,1
23,AB+,46,400,120,84.4,13.8,0,0,0,1
55,O-,19,80,99,66.6,12.6,0,0,0,1
58,A+,18,123,51,66.5,13.1,1,0,0,1
53,A-,33,49,67,83.2,15.2,0,0,1,1
44,B-,19,80,24,58.2,10.9,0,0,0,0
28,A-,5,177,57,67.5,11.8,0,0,0,1
22,O+,36,70,117,69.9,12.0,0,0,0,0
34,A-,3,117,24,65.5,15.1,1,0,0,0
24,O-,36,116,41,71.0,14.5,1,0,0,1
44,A+,39,400,62,61.6,12.7,0,0,0,1
32,O-,10,70,66,67.2,13.3,0,1,0,0
30,AB+,42,118,120,69.4,13.9,0,0,0,1
28,O-,25,70,36,83.0,14.9,0,0,0,1
43,O+,0,999,53,86.2,12.7,0,0,0,0
39,AB+,50,115,26,69.9,13.9,0,0,0,1
45,B+,32,86,93,81.2,13.4,1,0,0,0
41,O-,1,365,12,60.0,13.7,0,0,1,0
46,A-,12,365,111,92.8,12.8,0,0,0,1
26,A+,17,72,29,65.3,14.0,1,0,1,0
59,O-,40,116,91,67.6,12.9,0,0,0,1
21,AB+,30,118,39,73.9,13.9,0,1,0,1
35,AB+,38,400,37,77.4,15.5,0,0,0,1
60,A-,41,92,46,66.1,14.9,0,0,0,1
33,B+,1,28,66,45.9,15.3,0,1,0,0
50,AB+,16,122,113,75.2,14.1,1,0,0,1
46,AB-,4,18,59,58.0,15.0,0,0,1,0
56,O+,34,124,6,76.5,11.8,0,0,0,1
27,A-,14,22,71,76.3,11.9,0,0,0,0
26,O+,27,89,3,70.1,12.7,0,0,0,1
48,O-,48,88,97,77.9,12.8,0,0,0,1
45,AB+,15,365,79,62.6,15.0,0,0,0,1
20,AB-,24,116,56,83.1,12.1,0,0,0,1
31,AB-,19,175,8,69.8,12.3,0,0,0,1
42,A-,20,400,96,66.0,13.7,0,0,0,1
32,AB-,11,117,73,80.6,14.0,0,0,0,1
19,B+,8,18,36,60.7,14.8,0,1,0,0
41,O+,38,181,0,44.8,13.5,0,0,0,0
31,AB+,47,77,91,54.3,13.6,0,0,1,1
24,A+,30,120,68,83.8,14.8,0,1,0,1
53,B-,17,122,46,70.7,12.8,0,1,1,0
41,O+,38,47,19,69.9,13.9,1,0,0,0
44,O-,10,73,100,78.0,14.4,0,1,1,0
54,B-,12,95,81,71.3,13.4,1,0,0,1
55,AB-,48,80,98,65.0,14.7,0,0,0,1
47,A+,31,118,53,63.2,12.9,0,0,0,1
44,O-,36,72,26,55.1,15.5,0,0,0,1
56,B-,31,181,8,56.3,13.5,0,0,0,1
32,B-,31,123,6,69.9,13.3,0,0,0,1
43,B-,2,56,33,66.3,12.2,0,0,0,0
18,O+,15,44,85,73.4,12.6,0,0,1,1
21,B-,15,89,4,67.1,12.9,0,0,0,1
46,O+,46,177,83,56.3,12.6,0,0,0,1
18,A-,25,95,10,70.7,12.5,0,0,0,1
60,A-,41,124,28,70.0,13.8,0,0,0,1
39,O+,23,125,27,68.2,14.5,0,0,0,1
28,B+,16,93,7,69.7,14.1,0,0,0,1
27,AB+,13,183,34,89.6,10.3,0,0,0,1
34,B-,23,181,33,54.9,12.7,0,0,0,1
53,AB-,50,75,66,57.5,15.1,1,0,0,0
43,A-,14,120,5,49.3,12.3,0,0,0,0
38,O-,24,116,103,69.0,13.7,0,0,0,1
30,B+,47,88,18,46.7,12.6,0,0,1,0
26,B-,21,45,66,70.5,15.2,0,0,1,1
28,B+,15,89,110,67.4,12.9,0,0,0,1
28,O-,20,70,71,61.7,14.6,0,0,0,1
23,B+,2,365,100,73.2,13.0,0,1,0,0
18,B+,0,730,43,71.3,11.1,0,1,0,0
23,AB-,8,15,64,85.7,14.3,0,0,0,0
30,B+,47,74,92,74.7,11.7,0,0,0,0
39,O+,6,181,73,67.3,12.8,0,0,0,1
48,A+,29,90,25,42.9,15.9,0,0,0,1
39,O+,34,25,89,78.2,17.2,0,0,1,0
54,AB+,38,120,9,78.3,13.8,0,0,0,1
44,O-,0,365,33,82.6,12.8,0,0,0,0
31,B-,35,47,98,42.8,13.8,0,0,0,0
22,A+,38,175,56,70.3,12.4,0,0,0,1
53,A-,48,119,86,75.2,13.3,0,1,1,1
49,B-,13,50,1,81.2,15.6,0,0,0,1
51,AB-,38,17,61,74.6,14.0,0,0,1,0
24,AB+,7,18,112,68.7,12.2,0,0,1,0
59,O-,39,90,58,56.8,14.2,0,0,0,1
27,B-,9,304,45,66.7,11.9,0,0,0,0
34,AB+,14,117,72,72.3,11.7,0,0,0,1
47,O+,32,40,115,76.6,14.6,0,0,1,1
38,AB+,7,295,114,50.6,13.0,0,0,0,1
30,AB-,28,72,1,71.2,15.5,0,0,0,1
18,B+,28,400,71,51.8,12.6,0,0,0,1
18,A+,23,400,21,70.9,15.2,0,0,0,1
50,B-,19,87,37,55.4,15.6,0,0,0,1
55,AB-,37,178,101,52.1,14.0,0,0,0,1
42,AB-,50,88,63,87.9,13.5,0,0,0,1
43,B-,38,184,9,52.8,13.1,0,0,0,1
30,B+,11,41,42,61.0,13.2,0,0,0,1
45,AB+,26,78,87,67.8,12.0,0,0,0,0
50,O-,13,86,33,45.1,14.5,0,0,0,0
54,AB-,31,118,100,76.6,14.5,0,0,1,1
58,B-,40,115,18,60.3,13.5,0,0,0,1
47,AB-,11,365,91,56.8,13.8,0,0,1,1
25,A+,45,87,107,78.2,13.3,0,0,0,1
18,AB-,12,40,46,53.3,12.5,0,1,0,0
29,A+,9,122,90,72.9,12.4,0,0,0,1
22,O-,14,176,98,68.3,13.2,1,0,0,1
41,O+,17,177,50,68.6,13.4,0,0,0,1
23,O+,48,400,27,67.4,15.1,0,0,0,1
42,A+,26,400,111,69.4,14.5,0,0,0,1
18,AB+,12,96,80,43.0,15.5,0,0,0,1
42,A+,45,86,4,58.4,14.6,1,0,0,0
18,O-,34,20,93,58.0,12.1,0,0,0,0
49,AB-,11,181,91,80.2,12.2,0,0,0,1
59,AB+,7,181,12,69.7,12.6,0,0,1,1
59,B+,12,17,66,68.1,13.4,0,0,0,0
20,B+,18,93,29,88.4,12.9,0,0,0,1
36,B-,42,121,31,45.7,14.6,1,0,0,0
60,O-,40,400,34,83.6,15.1,0,0,0,1
46,AB+,12,96,91,68.1,12.5,0,0,0,1
19,AB+,28,122,35,59.7,12.0,1,0,0,0
26,O+,15,86,52,62.1,15.6,0,0,0,1
34,B+,30,123,32,62.5,14.1,0,0,0,1
53,A-,38,400,9,84.5,13.2,0,0,0,1
34,AB-,34,175,76,70.6,15.5,1,0,0,1
29,B-,22,185,66,75.6,15.2,0,0,0,1
37,AB-,30,46,16,59.8,13.1,0,0,0,1
20,B-,13,116,3,69.2,14.8,1,0,0,0
60,O+,29,179,47,78.0,15.1,0,0,0,1
21,O-,15,22,2,80.4,14.7,0,0,0,0
34,B-,34,96,78,53.3,15.2,0,0,0,1
54,B+,21,400,90,76.9,12.8,0,1,0,0
59,AB-,33,176,117,66.4,13.8,0,0,0,1
32,B-,10,122,110,72.0,15.6,0,0,0,1
50,AB-,45,90,6,62.2,13.4,0,0,0,1
33,A+,43,184,118,84.8,13.1,0,0,0,1
28,O-,48,118,86,70.9,13.9,0,0,0,1
37,A-,14,23,0,61.5,12.1,0,0,0,0
55,B-,26,93,109,62.6,14.2,0,0,0,1
41,O-,23,119,88,77.5,12.0,0,0,0,1
33,AB+,1,182,63,75.9,15.2,0,0,0,1
47,B-,20,400,51,68.9,12.0,0,0,0,0
51,O-,36,96,21,63.7,14.7,0,0,0,1
18,O-,29,400,5,78.5,13.0,0,0,0,1
41,AB-,49,115,104,62.2,12.6,0,0,0,1
41,AB+,26,400,118,61.7,13.8,0,0,0,1
26,B+,30,400,37,95.8,14.1,0,0,0,1
39,O+,28,86,78,72.2,13.9,0,0,0,1
29,O-,16,91,81,67.1,14.2,0,0,1,1
34,B-,32,400,11,63.1,14.6,0,0,0,1
42,AB-,49,88,36,65.7,11.6,0,0,0,0
45,AB-,17,365,45,81.7,13.9,0,0,0,1
32,O+,17,80,6,77.1,12.3,0,0,0,0
47,O+,5,89,109,60.9,12.4,0,0,0,0
44,A-,16,40,87,64.4,12.6,0,0,0,1
39,AB+,1,118,107,53.5,11.6,0,0,0,0
27,B+,39,40,84,70.9,13.8,0,0,0,1
48,A-,1,93,80,42.0,11.9,0,0,0,0
44,AB-,9,71,47,51.0,14.2,1,0,0,0
29,B-,22,400,19,69.0,15.5,0,0,0,1
48,A+,46,90,3,42.0,15.5,0,0,0,1
49,O+,43,121,60,93.1,12.6,1,0,0,1
49,A-,30,118,3,58.2,12.5,0,0,0,1
58,A+,39,175,0,73.3,14.7,0,0,0,1
52,AB-,31,79,100,81.9,13.9,0,0,1,1
38,A+,0,730,19,71.0,13.7,0,0,1,0
27,A-,28,120,114,67.9,12.4,0,0,0,1
33,B+,0,999,28,61.8,13.9,1,0,0,0
24,AB+,38,86,32,53.5,14.8,0,0,1,1
21,B-,16,93,53,62.8,13.0,0,0,0,1
44,A+,22,74,78,69.1,14.3,0,1,1,0
42,B-,29,91,108,67.7,14.0,0,0,0,1
48,A+,49,400,38,57.5,13.1,0,0,0,1
28,A+,1,117,23,79.7,13.7,0,0,1,0
37,A-,47,117,65,52.3,12.6,0,1,0,1
53,A-,42,400,113,74.5,14.7,0,0,0,1
34,AB+,25,44,45,77.4,12.7,0,0,0,1
28,AB+,8,95,94,70.6,13.1,1,0,1,0
47,O+,27,118,28,86.3,14.8,0,0,0,1
52,AB-,47,400,58,72.5,13.2,0,0,0,1
58,A-,32,176,60,83.2,12.8,0,0,0,1
55,A-,33,400,32,42.0,14.0,0,0,0,0
39,A-,32,75,36,78.3,15.8,0,0,0,1
60,B+,29,43,79,74.4,15.1,0,0,0,1
44,A-,11,121,101,73.9,14.5,0,0,0,1
54,AB+,33,20,7,74.8,14.9,0,0,0,0
52,A+,11,77,71,62.7,14.4,0,0,0,1
21,A+,36,89,118,76.3,14.1,0,0,0,1
33,AB+,1,179,21,87.6,14.8,0,0,1,0
33,AB+,9,87,26,47.3,14.2,0,0,0,0
38,AB+,7,42,39,81.1,13.7,0,1,1,0
43,A-,38,92,0,66.6,14.0,0,0,0,1
53,AB-,33,124,83,60.7,14.2,0,0,1,1
36,O-,46,93,52,54.7,14.1,1,0,0,1
34,O-,7,124,91,72.2,14.2,1,0,0,0
43,O-,50,115,54,85.4,12.7,0,0,0,1
39,AB-,33,76,34,63.7,13.6,0,0,1,1
45,O+,7,18,49,75.3,12.4,0,0,0,0
18,AB-,9,185,2,67.9,14.1,0,0,0,1
53,O+,21,185,115,49.9,14.2,0,0,0,1
60,AB+,28,91,49,66.0,15.2,0,0,0,1
54,A+,50,119,79,60.7,14.1,0,1,0,1
19,AB-,36,88,58,56.9,13.4,1,0,0,0
34,A-,18,90,14,63.3,13.3,0,0,0,1
57,O-,23,93,54,64.5,14.5,0,0,0,1
55,B-,44,95,49,79.1,13.1,0,0,0,1
38,A-,33,125,19,68.3,14.0,0,0,0,1
26,B-,34,400,52,52.5,14.8,0,0,0,1
30,B-,4,45,91,81.3,16.0,0,0,0,0
28,AB+,34,400,93,72.2,15.1,0,0,1,1
33,A+,47,47,58,71.1,13.2,0,0,0,1
33,O-,22,41,45,77.6,13.0,0,0,0,1
19,B+,38,400,40,67.8,14.5,0,0,0,1
59,A-,27,18,57,62.1,13.6,0,0,0,0
25,AB+,22,120,119,71.8,12.2,0,0,0,1
60,B-,35,400,24,74.9,16.7,0,0,0,1
59,O+,20,400,33,72.2,14.0,0,0,0,1
30,A-,34,90,88,76.9,15.2,0,0,0,1
34,A+,37,95,92,69.1,13.4,0,0,0,1
56,O-,14,91,2,57.0,13.8,0,0,0,1
41,O-,24,91,88,61.1,14.0,0,0,1,1
20,B+,10,115,54,83.1,13.5,0,0,0,1
47,AB+,6,20,78,68.4,13.0,0,1,1,0
30,AB-,28,73,41,55.6,16.2,0,0,0,1
36,AB-,19,122,73,54.6,14.2,0,0,0,1
24,O+,18,365,97,53.3,12.1,0,0,0,1
26,B+,3,15,89,77.1,13.9,1,0,0,0
36,AB-,4,43,25,71.4,12.2,0,0,0,0
57,AB+,27,90,113,88.3,12.9,0,0,0,1
39,O+,5,123,51,74.3,13.9,1,0,0,0
35,A-,10,92,42,75.0,14.4,0,0,1,1
40,O-,48,72,30,89.9,11.0,0,0,1,0
19,AB-,35,92,109,57.3,15.7,0,0,0,1
28,A-,45,179,106,51.5,13.1,0,0,0,1
48,AB-,21,74,96,74.1,13.6,0,0,0,1
50,AB+,7,40,47,65.3,15.5,0,1,1,0
31,B-,18,79,75,71.3,15.7,0,0,0,1
33,A+,48,180,44,81.5,13.1,0,0,0,1
28,AB+,19,365,28,76.4,15.0,0,0,0,1
50,AB-,0,999,44,84.7,14.0,0,0,0,0
24,B-,33,72,46,58.0,16.7,1,0,0,0
48,AB+,28,176,91,77.9,13.1,1,0,1,0
31,O+,12,117,7,59.5,15.6,0,0,0,1
45,O+,0,730,112,86.4,13.2,1,0,0,0
60,O+,26,121,12,72.9,12.6,0,1,0,1
33,O-,2,365,15,73.6,13.5,0,1,0,0
36,A-,40,400,45,61.6,12.0,1,1,0,0
34,A-,23,120,87,62.2,12.8,0,0,0,1
43,A+,35,88,86,72.5,13.4,0,0,0,1
23,B+,21,179,6,87.2,13.5,0,0,0,1
60,O-,25,86,115,85.4,14.8,0,0,0,1
26,B-,12,179,62,71.9,14.7,0,0,0,1
34,A-,4,22,59,63.4,13.8,0,0,0,0
48,O+,19,179,84,74.3,11.9,0,0,0,1
29,AB+,12,118,91,81.8,11.5,0,1,0,0
40,AB+,34,400,54,70.3,13.2,1,0,0,0
22,AB-,8,46,26,63.7,12.9,0,0,0,1
60,O+,5,75,50,75.5,13.1,0,0,0,1
53,AB-,18,117,55,65.4,15.6,0,0,0,1
53,AB-,44,117,15,64.1,13.1,0,0,0,1
20,AB-,0,999,104,67.4,12.8,0,0,0,0
41,AB-,45,23,35,75.3,13.8,0,0,0,0
34,AB-,29,86,63,65.6,13.2,0,0,0,1
56,AB+,6,118,97,67.6,14.5,0,0,1,1
43,AB-,49,400,14,69.6,14.1,0,0,0,1
21,AB+,13,94,28,63.8,15.8,0,1,0,1
29,AB+,12,365,11,85.0,13.5,0,0,0,1
18,A+,43,125,23,88.3,15.9,0,0,0,1
38,O+,33,120,9,64.7,14.6,0,0,0,1
36,AB+,33,25,76,59.2,14.4,0,0,0,0
38,O+,19,365,49,62.9,11.6,0,0,0,1
35,O-,3,71,41,72.9,11.4,1,0,0,0
60,A-,32,176,63,67.1,12.0,0,0,0,1
20,B+,3,43,46,53.9,14.0,0,0,1,0
49,B-,28,90,75,66.3,14.6,0,0,0,1
27,AB+,46,118,60,72.5,14.4,0,0,1,1
57,B+,19,181,48,78.8,13.8,0,0,0,1
32,A+,8,95,110,87.3,14.8,0,0,0,1
22,O-,39,400,118,63.1,15.1,0,0,1,1
21,B+,35,124,1,61.1,13.5,0,0,0,1
45,A-,36,78,17,65.2,14.4,0,0,0,1
21,AB+,14,24,4,57.6,14.2,1,0,0,0
32,A+,16,118,35,60.3,14.7,0,0,0,1
34,O-,6,44,95,60.4,14.2,0,0,0,1
20,O+,3,115,105,71.6,14.1,0,0,0,1
27,AB+,30,177,22,58.8,13.1,0,0,0,1
59,O-,25,400,83,77.1,14.0,0,0,0,1
40,O+,47,48,25,80.6,13.4,0,0,0,1
35,O+,1,180,118,55.6,12.6,0,0,0,1
18,AB+,15,49,99,53.6,14.1,0,0,0,1
52,O+,48,91,13,62.1,12.7,0,0,0,1
48,AB+,3,41,8,63.6,13.8,0,0,0,0
18,A+,47,400,1,81.9,13.4,0,0,0,1
20,O-,13,365,3,67.4,13.2,0,0,0,1
20,A+,36,72,120,72.6,15.3,0,0,0,1
54,AB+,8,72,100,72.6,15.6,1,0,0,0
36,AB+,42,70,117,58.3,13.5,0,0,0,1
46,A-,6,300,115,65.2,14.9,0,0,0,1
42,AB-,10,121,107,67.9,12.1,0,0,0,1
50,O+,26,89,88,72.2,12.5,0,0,0,1
53,B+,5,45,46,52.2,13.7,1,0,0,0
46,A+,47,45,115,61.5,12.6,0,1,0,0
43,A-,11,42,71,68.1,14.2,0,0,0,1
21,A+,26,96,30,63.2,14.1,0,0,0,1
31,A+,27,18,114,52.6,13.7,0,1,1,0
44,A-,12,48,4,60.1,16.4,1,0,0,0
50,A+,44,72,83,52.7,14.2,0,0,1,1
39,AB+,28,400,16,83.2,14.4,0,0,0,1
20,O+,3,73,77,64.5,14.3,0,0,0,0
40,B+,50,94,9,67.3,12.8,1,0,0,0
38,O+,30,177,82,57.2,15.9,0,0,0,1
58,B+,1,33,109,70.5,12.3,1,0,0,0
40,B-,24,178,47,75.6,14.1,0,0,0,1
21,A-,5,300,76,57.9,14.6,0,0,0,1
38,A-,13,87,94,58.2,14.9,0,0,1,1
54,A+,4,88,58,62.5,13.5,0,0,0,0
60,O+,26,77,82,52.6,14.6,0,0,0,1
48,O-,15,90,111,72.2,12.6,0,0,1,1
38,AB+,0,999,81,76.3,15.6,0,0,0,0
43,B-,24,400,45,52.2,13.6,1,1,0,0
58,O-,18,365,52,77.7,13.3,1,0,0,0
52,A-,29,181,54,77.7,13.1,0,0,0,1
55,B+,31,74,11,42.0,14.1,0,0,0,0
41,A-,27,44,73,55.9,12.1,0,0,1,0
28,A+,10,91,107,61.3,14.8,0,0,0,1
58,B-,26,22,117,74.3,13.1,0,1,0,0
46,B+,25,124,86,72.8,15.2,0,0,0,1
20,A-,11,20,24,57.8,12.4,0,0,1,0
18,AB-,48,75,1,85.9,13.9,0,0,0,1
36,AB-,50,184,17,60.3,14.4,0,0,0,1
39,AB+,35,91,37,58.8,14.5,0,0,0,1
31,B-,11,177,2,55.2,13.2,1,0,0,0
31,B+,27,77,119,66.0,12.4,0,0,0,0
33,AB+,4,75,119,77.9,13.3,0,1,0,0
50,AB+,1,65,117,58.1,15.1,0,0,0,0
30,AB-,45,125,5,70.3,16.1,0,0,0,1
55,B-,26,96,47,70.2,12.0,0,0,0,1
29,O-,24,119,71,67.7,13.0,0,0,0,1
55,O-,18,71,120,71.5,11.9,0,0,0,0
56,B+,5,117,54,78.0,13.2,1,0,0,0
50,AB+,28,78,9,71.0,13.1,0,0,0,1
50,B-,44,117,8,79.5,12.5,0,0,0,1
46,A-,49,91,103,55.9,15.6,0,0,0,1
22,O+,14,89,55,63.1,15.1,1,0,0,0
23,O+,15,88,110,55.9,14.1,0,0,0,1
48,A+,42,71,66,74.0,13.7,0,1,0,0
33,O-,14,89,65,81.4,14.8,0,0,0,1
48,B+,16,90,57,64.6,12.7,0,0,0,1
42,AB-,23,185,79,71.1,14.1,0,0,0,1
50,O-,8,302,103,51.6,13.1,1,0,0,0
